,ratio,rndint,dataset,learning_rate,batchsize,epochs,loss,time,mape,r2,mape_test,r2_test,mape_interpolation,r2_interpolation
0,0.8,936.0,Grid1296,0.001,223.0,200.0,31.69812774658203,1.2790052890777588,0.05167970829625475,-0.3726783142396515,0.05194864246155199,-0.37077693421158875,0.07504887767076555,-1.8512000340343877
1,0.8,936.0,Grid2401,0.001,5.0,200.0,24.254968643188477,58.447043895721436,0.02016125984887002,0.8329360260678174,0.02047090555142348,0.7747118044595243,0.055421498963038704,-0.8796135214347673
2,0.8,936.0,Sobol1,0.001,401.0,200.0,55.301841735839844,1.4411351680755615,0.0857025796207747,-2.570537354882905,0.09191004896912278,-3.247360910270846,0.07266700247907573,-1.518501607157566
3,0.8,936.0,Sobol2,0.001,5.0,200.0,6.718847751617432,56.34652256965637,0.01797631683713356,0.9795135509145405,0.017572183499398646,0.9763333558486463,0.016097248970575087,0.9668800170283198
