,ratio,rndint,dataset,learning_rate,batchsize,epochs,loss,time,mape,r2,mape_test,r2_test,mape_interpolation,r2_interpolation
0,0.25,35.0,Grid1296,0.001,9.0,200.0,49.80564880371094,6.504569053649902,0.052151209552411266,0.20085442266223985,0.05431027432395286,0.028880794293191014,0.07771951607397921,-0.8772776153011921
1,0.25,35.0,Grid2401,0.001,5.0,200.0,25.560876846313477,18.428847074508667,0.020241520960072847,0.7682156085512837,0.018278880480883206,0.8312782340564822,0.05799411394833656,-1.3077231757151457
2,0.25,35.0,Sobol1,0.001,167.0,200.0,58.94966506958008,0.9600906372070312,0.09100732806551311,-3.9734674252189572,0.08806701492117167,-3.636575671421686,0.07271445592298287,-2.0860343732940865
3,0.25,35.0,Sobol2,0.001,5.0,200.0,22.627452850341797,17.75959038734436,0.08404024373263884,-0.44141043629446974,0.09181224903678036,-0.795908295662809,0.07369421109485717,-0.06806395883670069
