,ratio,rndint,dataset,learning_rate,batchsize,epochs,loss,time,mape,r2,mape_test,r2_test,mape_interpolation,r2_interpolation
0,0.2,510.0,Grid1296,0.001,223.0,200.0,75.991943359375,0.33518481254577637,0.11558443351520534,0.07080879396300277,0.12370874417929768,-0.18120572818048064,0.14728829527278442,-0.5725291131792396
1,0.2,510.0,Grid2401,0.001,8.0,200.0,10.324005126953125,9.293511629104614,0.016416577207902797,0.90673072237992,0.019131678571092374,0.8000227845159562,0.058278949869757034,-1.2658771374869655
2,0.2,510.0,Sobol1,0.001,401.0,200.0,96.96111297607422,0.37607502937316895,0.14592954788457946,-1.481822652426,0.14904350192219887,-1.4810165872568573,0.1387072541385502,-0.8708694590494339
3,0.2,510.0,Sobol2,0.001,5.0,200.0,64.15507507324219,14.343238592147827,0.1015398662316277,-1.441599335499665,0.09068442078379585,-0.7788399268430741,0.07838922338733836,-0.3021814467992139
