,ratio,rndint,dataset,learning_rate,batchsize,epochs,loss,time,mape,r2,mape_test,r2_test,mape_interpolation,r2_interpolation
0,0.2,561.0,Grid1296,0.001,223.0,200.0,68.95269775390625,0.3278234004974365,0.1012009951765847,-0.38791057467364554,0.10780616879221408,-0.21143054835297082,0.13133890501213036,-0.8054923614145202
1,0.2,561.0,Grid2401,0.001,8.0,200.0,20.550338745117188,9.185746669769287,0.03979886077233894,0.3577437317219153,0.04288989931788032,0.22871380472625658,0.07651696680833141,-3.5699152153359526
2,0.2,561.0,Sobol1,0.001,401.0,200.0,102.29461669921875,0.368405818939209,0.15587916643189859,-1.4772442334181104,0.15241586741276028,-1.3178272139121234,0.1444228396995622,-0.7993652416543531
3,0.2,561.0,Sobol2,0.001,5.0,200.0,54.524803161621094,13.996845245361328,0.07716093592828864,-0.24076994285462705,0.080512615640975,-0.1014292024631962,0.06873375071068273,0.07636029150896084
