,ratio,rndint,dataset,learning_rate,batchsize,epochs,loss,time,mape,r2,mape_test,r2_test,mape_interpolation,r2_interpolation
0,0.05,78.0,Grid1296,0.001,5.0,200.0,20.701244354248047,2.3562228679656982,0.04278900216782881,-1.505271913536752,0.05696330299068158,-4.458854502994661,0.07742672076053744,-8.598250787296202
1,0.05,78.0,Grid2401,0.001,8.0,200.0,14.430320739746094,2.3639111518859863,0.03715433843031019,0.2280283296256519,0.04327148713515595,0.05548952469848878,0.07547027317868636,-4.425912658266502
2,0.05,78.0,Sobol1,0.001,5.0,200.0,19.030658721923828,4.262756586074829,0.08375591038341401,0.572433093529576,0.09064979862424874,0.38283539190759164,0.08699090833844157,0.3950107703468255
3,0.05,78.0,Sobol2,0.001,5.0,200.0,37.543556213378906,3.634065866470337,0.09128701961136808,-1.3050288219473787,0.09691065206604327,-0.7356658876131195,0.0824408993984752,-0.23092961496197772
