,ratio,rndint,dataset,learning_rate,batchsize,epochs,loss,time,mape,r2,mape_test,r2_test,mape_interpolation,r2_interpolation
0,0.65,510.0,Grid1296,0.001,5.0,200.0,9.984728813171387,29.528818607330322,0.01758820411224838,0.8651326026225807,0.021674167055344695,0.7858855668391613,0.0417023062711115,0.544365789819854
1,0.65,510.0,Grid2401,0.001,5.0,200.0,14.980566024780273,46.76832580566406,0.016921764518730086,0.8306547094488186,0.016220572128876707,0.8688489950690028,0.05504789591023891,-0.9893455767705603
2,0.65,510.0,Sobol1,0.001,1303.0,200.0,91.21153259277344,0.558793306350708,0.13440676466622148,-1.7008663928954695,0.1358152315267965,-1.9124397778304494,0.1231160478889812,-1.0112084622583355
3,0.65,510.0,Sobol2,0.001,5.0,200.0,17.29412841796875,45.07317495346069,0.02546767981868352,0.9546466619341657,0.024740632154933426,0.9661674193342611,0.021828679164023142,0.9480988220513233
