,ratio,rndint,dataset,learning_rate,batchsize,epochs,loss,time,mape,r2,mape_test,r2_test,mape_interpolation,r2_interpolation
0,0.7,530.0,Grid1296,0.001,11.0,200.0,57.065486907958984,14.983086109161377,0.04667720100126373,0.1049992449327547,0.04959568217837473,7.306786863048309e-05,0.07040117744460028,-1.0306578734490466
1,0.7,530.0,Grid2401,0.001,617.0,200.0,31.771728515625,0.8152060508728027,0.04470166561828513,0.3243228549552968,0.048708432492610934,0.18346458409801902,0.08161393666802548,-3.3205988322336664
2,0.7,530.0,Sobol1,0.001,23.0,200.0,49.929962158203125,12.861895322799683,0.090148075548172,-0.5336457691133252,0.0843203776483711,-0.44781929664318576,0.07776187283264122,-0.14367648012365786
3,0.7,530.0,Sobol2,0.001,29.0,200.0,69.74683380126953,11.319522857666016,0.0945885942823858,-0.7673614563876285,0.09664886398184344,-0.7138724486801347,0.08085253129129516,-0.20277942480248723
