,ratio,rndint,dataset,learning_rate,batchsize,epochs,loss,time,mape,r2,mape_test,r2_test,mape_interpolation,r2_interpolation
0,0.35,930.0,Grid1296,0.001,5.0,200.0,21.910717010498047,16.00405764579773,0.048674242850746695,-0.14734295782058004,0.053952077491780014,-0.23152101191533814,0.07375414917513162,-1.3663286763170244
1,0.35,930.0,Grid2401,0.001,617.0,200.0,53.437530517578125,0.4089365005493164,0.07479833167909171,0.07876294204074719,0.07595075607280455,0.012607010646397021,0.10547068973436308,-2.5138826911130403
2,0.35,930.0,Sobol1,0.001,701.0,200.0,92.58850860595703,0.42810893058776855,0.13707434266910767,-1.713023370289306,0.13931336236630157,-1.6893531851698484,0.12726077833684596,-0.9798078027368577
3,0.35,930.0,Sobol2,0.001,5.0,200.0,12.517217636108398,24.663816928863525,0.02587020751822783,0.9619577675348201,0.0232005152507295,0.9676400528135689,0.020644087916033622,0.9557472414102666
