,ratio,rndint,dataset,learning_rate,batchsize,epochs,loss,time,mape,r2,mape_test,r2_test,mape_interpolation,r2_interpolation
0,0.3,829.0,Grid1296,0.001,167.0,200.0,45.67085647583008,0.6385452747344971,0.06270124404014772,-1.0869852231170918,0.06289309487081457,-1.0681711698355532,0.08725091258768186,-2.9024702295251377
1,0.3,829.0,Grid2401,0.001,6.0,200.0,35.67679977416992,18.652872562408447,0.020400109260971206,0.8025193570571223,0.02074325127302825,0.8214765351024763,0.060350645372163704,-1.2689587354937024
2,0.3,829.0,Sobol1,0.001,601.0,200.0,96.8350830078125,0.41654133796691895,0.1420574707785603,-1.7608024303414047,0.1394356984997744,-1.3935568470340147,0.12923325085404816,-0.8420317478100756
3,0.3,829.0,Sobol2,0.001,5.0,200.0,54.920875549316406,21.626312255859375,0.08524039720439101,-1.3815654354540308,0.08976707995904748,-1.5235267915155193,0.07064561792865176,-0.48828849191795887
