,ratio,rndint,dataset,learning_rate,batchsize,epochs,loss,time,mape,r2,mape_test,r2_test,mape_interpolation,r2_interpolation
0,0.7,759.0,Grid1296,0.001,11.0,200.0,43.3020133972168,14.493051290512085,0.04994498764426924,-0.14585307968135108,0.054390401650178645,-0.5673406333065067,0.07311472761501937,-1.604768072372131
1,0.7,759.0,Grid2401,0.001,617.0,200.0,31.48818016052246,0.8653254508972168,0.04427720618022953,0.45648937041756976,0.046960388500714795,0.3952754720224104,0.08047553726881883,-2.645734152724511
2,0.7,759.0,Sobol1,0.001,23.0,200.0,14.343657493591309,12.519442558288574,0.019982025692984993,0.972778845727624,0.020907699534886474,0.9710441853432041,0.02319695005784945,0.947709743057986
3,0.7,759.0,Sobol2,0.001,29.0,200.0,56.285743713378906,11.089828729629517,0.09171159953998105,-1.1828150660046197,0.09574942243581774,-0.9964924290009389,0.07801952522093344,-0.4367303836758061
