,ratio,rndint,dataset,learning_rate,batchsize,epochs,loss,time,mape,r2,mape_test,r2_test,mape_interpolation,r2_interpolation
0,0.7,711.0,Grid1296,0.001,11.0,200.0,21.55560302734375,15.018275022506714,0.04068587942225421,0.3405992592217927,0.039580040997016,0.4112143877386618,0.06024126864904072,-0.46827534754842226
1,0.7,711.0,Grid2401,0.001,617.0,200.0,31.987930297851562,0.8198854923248291,0.044865823940623495,0.3794897120314594,0.04488179640036786,0.4212872832527851,0.08023663241419988,-2.8677540492818334
2,0.7,711.0,Sobol1,0.001,23.0,200.0,56.2621955871582,12.841095447540283,0.07931499451622598,-0.3987473411966296,0.08130723537565279,-0.5768194466544001,0.06781438081117303,-0.019300894340035457
3,0.7,711.0,Sobol2,0.001,29.0,200.0,78.8810806274414,11.487744569778442,0.089869052941624,-0.9979588028719235,0.09669925283543865,-1.2483530865599706,0.07618169208117985,-0.34208838954685383
