,ratio,rndint,dataset,learning_rate,batchsize,epochs,loss,time,mape,r2,mape_test,r2_test,mape_interpolation,r2_interpolation
0,0.75,237.0,Grid1296,0.001,9.0,200.0,19.38340187072754,19.182298183441162,0.034769654228646,0.49884636832377294,0.04081615660775669,0.000315556021352692,0.05895641803993742,-0.4151850757764819
1,0.75,237.0,Grid2401,0.001,661.0,200.0,30.78978729248047,0.8308649063110352,0.04488122362461903,0.47655296640712796,0.05080537203751599,0.3474571310189932,0.08059431777728945,-2.448604205371135
2,0.75,237.0,Sobol1,0.001,9.0,200.0,6.494608402252197,34.14334487915039,0.014480843666607818,0.9867744540458766,0.016730888093380487,0.9826026442772549,0.01679924782789705,0.9642407892563933
3,0.75,237.0,Sobol2,0.001,5.0,200.0,13.605511665344238,52.61610245704651,0.015497433026957684,0.9782905288846626,0.015455357157604705,0.9805192854091449,0.01617795418619717,0.9611467434672437
