,ratio,rndint,dataset,learning_rate,batchsize,epochs,loss,time,mape,r2,mape_test,r2_test,mape_interpolation,r2_interpolation
0,0.25,562.0,Grid1296,0.001,9.0,200.0,37.25876998901367,6.604775428771973,0.05864233017568595,-0.43375625840011733,0.05669807799290713,-0.2343984267887591,0.07375852700594179,-1.3283675072851615
1,0.25,562.0,Grid2401,0.001,5.0,200.0,6.476941108703613,18.67961025238037,0.015404482190254146,0.9119703808227558,0.018959438476215777,0.7877918639320065,0.057823936890918894,-1.299933337947773
2,0.25,562.0,Sobol1,0.001,167.0,200.0,54.849761962890625,0.9565181732177734,0.08426280307435606,-4.056743105870341,0.0915447563889333,-4.7029979259726815,0.07320653429000094,-2.6023800387989655
3,0.25,562.0,Sobol2,0.001,5.0,200.0,37.2384033203125,18.04736304283142,0.09437757333784519,-0.6770148003029557,0.08817061250871389,-0.5600441077661349,0.07460760635287021,-0.031565994211941506
