,ratio,rndint,dataset,learning_rate,batchsize,epochs,loss,time,mape,r2,mape_test,r2_test,mape_interpolation,r2_interpolation
0,0.8,877.0,Grid1296,0.001,223.0,200.0,38.36884689331055,1.2786719799041748,0.05313190705578439,-0.28511161220517245,0.04464137522044002,0.1419598731920395,0.0745893045481102,-1.5300405318120758
1,0.8,877.0,Grid2401,0.001,5.0,200.0,11.922131538391113,56.92779183387756,0.016366899346386864,0.8553144254827031,0.017246321687426753,0.8587083493947804,0.05324269391187058,-0.6793669973296397
2,0.8,877.0,Sobol1,0.001,401.0,200.0,57.255653381347656,1.4344713687896729,0.08716726694639455,-2.305799326823613,0.08498412804335786,-2.4378840585450217,0.07275982337136509,-1.2802149923322625
3,0.8,877.0,Sobol2,0.001,5.0,200.0,26.1850528717041,55.82630920410156,0.019173042177739994,0.9729064547297198,0.019544896120715666,0.9730615979231141,0.018439773412446157,0.9580271506741417
