,ratio,rndint,dataset,learning_rate,batchsize,epochs,loss,time,mape,r2,mape_test,r2_test,mape_interpolation,r2_interpolation
0,0.75,16.0,Grid1296,0.001,9.0,200.0,16.90139389038086,18.875849962234497,0.03791458681067347,0.4306826478949777,0.035364616023995224,0.5264195773779192,0.0642602469386265,-0.3207805392233287
1,0.75,16.0,Grid2401,0.001,661.0,200.0,30.3050537109375,0.8247268199920654,0.04430519891989634,0.3414461965470075,0.043758794912721284,0.34433762542778035,0.07919804397083208,-3.1352542861430033
2,0.75,16.0,Sobol1,0.001,9.0,200.0,21.119157791137695,33.950927734375,0.017795553086486306,0.9791392676111811,0.018282024251963517,0.9784847594849266,0.01930030791761789,0.9555510140029857
3,0.75,16.0,Sobol2,0.001,5.0,200.0,3.620440721511841,52.314902782440186,0.01999496445993837,0.968377203044463,0.018238096408266482,0.9746832831327156,0.019794430300836326,0.9505157898125705
