,ratio,rndint,dataset,learning_rate,batchsize,epochs,loss,time,mape,r2,mape_test,r2_test,mape_interpolation,r2_interpolation
0,0.4,721.0,Grid1296,0.001,223.0,200.0,41.85028839111328,0.6472601890563965,0.05717408237516898,-0.7491412456143443,0.0552985406116975,-0.6095427694222366,0.07981402350319597,-2.341548565430254
1,0.4,721.0,Grid2401,0.001,5.0,200.0,8.857946395874023,29.105493545532227,0.02712685212096033,0.7518036657701176,0.025732374187251175,0.7692420016832359,0.06416645549644094,-1.5190247209754824
2,0.4,721.0,Sobol1,0.001,401.0,200.0,68.16266632080078,0.7294278144836426,0.10789416306816907,-2.623860255141821,0.1123893097312076,-2.5840363921819662,0.0947116608271536,-1.4110796558027419
3,0.4,721.0,Sobol2,0.001,5.0,200.0,18.612024307250977,28.322739601135254,0.024834708307105824,0.9662661824201956,0.025769488938512056,0.9623388401475352,0.021504735815158802,0.9545317211706387
