,ratio,rndint,dataset,learning_rate,batchsize,epochs,loss,time,mape,r2,mape_test,r2_test,mape_interpolation,r2_interpolation
0,0.5,111.0,Grid1296,0.001,6.0,200.0,23.0706787109375,19.263009309768677,0.035797199217216566,0.49549215385485,0.03853985853360489,0.40328463185129926,0.0585550652610516,-0.2782650346386284
1,0.5,111.0,Grid2401,0.001,881.0,200.0,73.57354736328125,0.46399450302124023,0.1098265684416693,0.14136821134795008,0.1071496939931589,0.16033956376650016,0.1265525270513873,-0.9701077268264027
2,0.5,111.0,Sobol1,0.001,6.0,200.0,4.6492919921875,34.59546399116516,0.013590135635833356,0.9853147807387218,0.01457519959236576,0.9838694045091866,0.0167301825097325,0.960650293622137
3,0.5,111.0,Sobol2,0.001,5.0,200.0,5.192724704742432,35.161484718322754,0.016515731972750466,0.9784575872929792,0.021825637208047827,0.9610988030606035,0.01709314520620306,0.958279029306405
