,ratio,rndint,dataset,learning_rate,batchsize,epochs,loss,time,mape,r2,mape_test,r2_test,mape_interpolation,r2_interpolation
0,0.95,272.0,Grid1296,0.001,5.0,200.0,5.808215141296387,42.507102966308594,0.017737313688156675,0.9213311143154332,0.01583574845570424,0.9276872818346139,0.03783787694498004,0.7895944481164646
1,0.95,272.0,Grid2401,0.001,6.0,200.0,25.21803855895996,56.08359217643738,0.04026752211233962,0.5125684583759291,0.03391805252192699,0.6695358779223655,0.0754972597024923,-2.54359793663839
2,0.95,272.0,Sobol1,0.001,7.0,200.0,13.775094032287598,55.63977408409119,0.02033223435556097,0.9682438817324587,0.019217593761746248,0.9564520335488845,0.02384290432555863,0.9383979696616402
3,0.95,272.0,Sobol2,0.001,6.0,200.0,4.238851070404053,54.0234956741333,0.015398875254346307,0.9806939140593143,0.02498913118274222,0.9685457928442439,0.017111762681805226,0.9622256889281132
