,ratio,rndint,dataset,learning_rate,batchsize,epochs,loss,time,mape,r2,mape_test,r2_test,mape_interpolation,r2_interpolation
0,0.1,791.0,Grid1296,0.001,37.0,200.0,34.31329345703125,0.8624813556671143,0.04918267229089771,-0.4678228386383507,0.05518443443772043,-1.1524504897206795,0.078011437060566,-3.1070660479689236
1,0.1,791.0,Grid2401,0.001,8.0,200.0,22.939483642578125,4.632154703140259,0.03560747686400772,0.41065731775638814,0.03935337133626894,0.4154518347771703,0.07366758066904479,-3.0715807665828514
2,0.1,791.0,Sobol1,0.001,5.0,200.0,73.60466003417969,8.389381885528564,0.08577343322766133,-0.863998379876133,0.08860844428866643,-1.0898182708618025,0.07857100920082848,-0.6236785916407599
3,0.1,791.0,Sobol2,0.001,5.0,200.0,44.03069305419922,7.152890205383301,0.09199743847331963,-0.10344572626524862,0.09414703492566076,-0.3703838915645772,0.07981755293338147,0.10145744142669166
