,ratio,rndint,dataset,learning_rate,batchsize,epochs,loss,time,mape,r2,mape_test,r2_test,mape_interpolation,r2_interpolation
0,0.25,930.0,Grid1296,0.001,9.0,200.0,27.16423797607422,6.476707935333252,0.05046320035472621,-0.10105073979752266,0.05324571543531368,-0.11557930588528009,0.07490748574246978,-1.1759455234075706
1,0.25,930.0,Grid2401,0.001,5.0,200.0,10.548047065734863,18.36011505126953,0.01806589754675637,0.8635577443348279,0.02080835884675435,0.799080430281667,0.05965007407304765,-1.376519125769872
2,0.25,930.0,Sobol1,0.001,167.0,200.0,55.1067008972168,0.9279751777648926,0.0899891239348909,-3.8100464466736,0.08824099744042538,-4.0696604952212585,0.07304926301843657,-2.313045370542266
3,0.25,930.0,Sobol2,0.001,5.0,200.0,108.2446060180664,17.727073431015015,0.0960917484951139,-0.6272153130462346,0.09374044350234553,-0.7282080655342111,0.08012638795845327,-0.17518752752945166
