,ratio,rndint,dataset,learning_rate,batchsize,epochs,loss,time,mape,r2,mape_test,r2_test,mape_interpolation,r2_interpolation
0,0.2,634.0,Grid1296,0.001,223.0,200.0,82.90836334228516,0.33406782150268555,0.1273223106563089,-0.518417593173923,0.12284453960326476,-0.18161904069046186,0.14966129137687195,-0.7235679521854672
1,0.2,634.0,Grid2401,0.001,8.0,200.0,24.42718505859375,9.242449283599854,0.020219014109668344,0.8590719487493874,0.022752775610196698,0.7840307536766213,0.06076601367400605,-1.5013909343089487
2,0.2,634.0,Sobol1,0.001,401.0,200.0,90.12324523925781,0.3774373531341553,0.13242444653059082,-1.757662436727799,0.1348554013712512,-1.7677059195698077,0.12282984642212856,-1.0166268964276144
3,0.2,634.0,Sobol2,0.001,5.0,200.0,52.333641052246094,14.226784467697144,0.08298604854108696,-0.5995039061970866,0.09224615729440555,-0.8357814825324845,0.07484046988883038,-0.13924974380501998
