,ratio,rndint,dataset,learning_rate,batchsize,epochs,loss,time,mape,r2,mape_test,r2_test,mape_interpolation,r2_interpolation
0,0.25,582.0,Grid1296,0.001,9.0,200.0,21.96776580810547,6.475972890853882,0.056138628923618476,-0.24556758976431192,0.053597563842542474,-0.33814640425538545,0.07907477997184431,-1.505680297719599
1,0.25,582.0,Grid2401,0.001,5.0,200.0,12.225756645202637,18.316234350204468,0.015619942410625365,0.8543184475794939,0.01769986672184222,0.8068435567229753,0.05805266361198235,-1.3259149284036886
2,0.25,582.0,Sobol1,0.001,167.0,200.0,58.69540023803711,0.9458954334259033,0.08886672915149701,-3.8348088957181155,0.08793105449515196,-3.169837330355022,0.07303330752822246,-1.8915109777990837
3,0.25,582.0,Sobol2,0.001,5.0,200.0,31.548925399780273,17.41483736038208,0.08810435101587558,-1.3178396744187442,0.09350372281102082,-1.4752966154743898,0.07519046787614908,-0.5191699876211144
