,ratio,rndint,dataset,learning_rate,batchsize,epochs,loss,time,mape,r2,mape_test,r2_test,mape_interpolation,r2_interpolation
0,0.75,877.0,Grid1296,0.001,9.0,200.0,20.49921417236328,19.024739265441895,0.034631390585036115,0.577951529467797,0.030849852438557535,0.6477413417312767,0.05936768963401282,-0.03749013822524527
1,0.75,877.0,Grid2401,0.001,661.0,200.0,37.803951263427734,0.8277688026428223,0.05450380722442577,0.3594468154717386,0.05469293110248465,0.3781869249585954,0.08908348232032584,-2.4437919989466272
2,0.75,877.0,Sobol1,0.001,9.0,200.0,9.62887191772461,33.732704877853394,0.016882277300117952,0.9821279378731028,0.01574279484220265,0.9850585621372143,0.02220611680089247,0.9502046348275003
3,0.75,877.0,Sobol2,0.001,5.0,200.0,30.142345428466797,51.8472855091095,0.017520700856973763,0.9694607265899632,0.01627982389491,0.9713094564654032,0.017678831360138647,0.9536937480531957
