,ratio,rndint,dataset,learning_rate,batchsize,epochs,loss,time,mape,r2,mape_test,r2_test,mape_interpolation,r2_interpolation
0,0.45,721.0,Grid1296,0.001,251.0,200.0,45.301971435546875,0.6597335338592529,0.060771551746156,-1.00250726185544,0.06035119397476047,-0.8961215170361434,0.08443799545047684,-2.7210337719403777
1,0.45,721.0,Grid2401,0.001,13.0,200.0,25.91370964050293,12.980711460113525,0.04280232875913559,0.27161729002911905,0.04379957791296112,0.15103370797293791,0.07750786560815794,-4.102465289774011
2,0.45,721.0,Sobol1,0.001,11.0,200.0,58.1979866027832,16.98262071609497,0.08581115922196926,-1.1691341749744124,0.08810020587709537,-1.2925099093990138,0.07533823722927502,-0.6412921363034554
3,0.45,721.0,Sobol2,0.001,191.0,200.0,63.99506759643555,1.267446517944336,0.09295974494295393,-2.517429518085435,0.09253138938583676,-2.2832798814315827,0.0739722825088351,-1.022180588487668
