,ratio,rndint,dataset,learning_rate,batchsize,epochs,loss,time,mape,r2,mape_test,r2_test,mape_interpolation,r2_interpolation
0,0.7,171.0,Grid1296,0.001,11.0,200.0,42.51090621948242,14.928427934646606,0.04685120062992818,0.08844951716330063,0.045058053300709895,0.057104244706845386,0.070820264004035,-1.041005073405635
1,0.7,171.0,Grid2401,0.001,617.0,200.0,33.681915283203125,0.8196704387664795,0.04633336490310304,0.31386552998364803,0.04886904880244991,0.2783780110667632,0.08217613907939442,-3.1651354738679034
2,0.7,171.0,Sobol1,0.001,23.0,200.0,83.69644927978516,12.765409708023071,0.0879527583112539,-0.8162912102478519,0.09145441337495389,-0.7014741588190756,0.0785127233308439,-0.35742154286042127
3,0.7,171.0,Sobol2,0.001,29.0,200.0,54.25654220581055,11.436322212219238,0.09235332650277453,-1.2586556438683933,0.0929189923933335,-1.1744245863772593,0.07694690391203622,-0.4672847728534697
