,ratio,rndint,dataset,learning_rate,batchsize,epochs,loss,time,mape,r2,mape_test,r2_test,mape_interpolation,r2_interpolation
0,0.85,725.0,Grid1296,0.001,6.0,200.0,13.572041511535645,32.23611521720886,0.03186316321497212,0.5806475396385974,0.03387503166656704,0.4383787692143827,0.05711052329672764,-0.08753306397672622
1,0.85,725.0,Grid2401,0.001,7.0,200.0,9.587105751037598,44.83428502082825,0.01792267139437333,0.8134711148929759,0.018182821127164735,0.8556872249022666,0.057738538647893266,-1.2717372134792022
2,0.85,725.0,Sobol1,0.001,6.0,200.0,6.443949222564697,58.55161929130554,0.010547163508603677,0.99069710454576,0.012865451509572275,0.98371029495126,0.01519573455412886,0.9653425939113226
3,0.85,725.0,Sobol2,0.001,19.0,200.0,58.9197998046875,15.963164567947388,0.08260496626258536,-0.5221688581578254,0.08075255129300384,-0.611500603326373,0.06454566142442947,0.14322895804433877
