,ratio,rndint,dataset,learning_rate,batchsize,epochs,loss,time,mape,r2,mape_test,r2_test,mape_interpolation,r2_interpolation
0,0.25,794.0,Grid1296,0.001,9.0,200.0,38.1617431640625,6.49081015586853,0.05332128499135756,-0.6793676702581846,0.05151421825044773,-0.45064180801229936,0.07512712928878665,-2.1059871756443314
1,0.25,794.0,Grid2401,0.001,5.0,200.0,14.805883407592773,18.400155544281006,0.021116545880590795,0.7953906029076272,0.020111926998097683,0.8228052224915037,0.05974336412816742,-1.3430087460059563
2,0.25,794.0,Sobol1,0.001,167.0,200.0,62.11146926879883,0.9544343948364258,0.08392774839056817,-2.3387933393734595,0.08846057252199799,-2.6534360754990582,0.07268469802880376,-1.4073387352995894
3,0.25,794.0,Sobol2,0.001,5.0,200.0,33.9558219909668,17.78804874420166,0.08997766329305344,-0.1793282732750734,0.09424433978573814,-0.6309455250276876,0.07874031617960976,-0.017851248415970078
