,ratio,rndint,dataset,learning_rate,batchsize,epochs,loss,time,mape,r2,mape_test,r2_test,mape_interpolation,r2_interpolation
0,0.05,111.0,Grid1296,0.001,5.0,200.0,43.54401779174805,2.3412866592407227,0.05282329558494287,-0.8339465746693087,0.05234930734688782,-0.6194254236947685,0.07522936413002894,-2.2340641037996485
1,0.05,111.0,Grid2401,0.001,8.0,200.0,17.110321044921875,2.3475728034973145,0.03190708076257958,0.3301033549102316,0.04461242180782124,-0.08696140106073424,0.07558248036538018,-4.466336971735108
2,0.05,111.0,Sobol1,0.001,5.0,200.0,27.852075576782227,4.245975971221924,0.0738682581820907,-3.1417255891363185,0.08986254749660919,-2.945203898955686,0.07774070347941235,-1.9738104235180058
3,0.05,111.0,Sobol2,0.001,5.0,200.0,20.915721893310547,3.589101791381836,0.06371388054519046,-0.5123486157984234,0.09824453706817793,-2.9990900689437225,0.07692629053795359,-1.2761449791568729
