,ratio,rndint,dataset,learning_rate,batchsize,epochs,loss,time,mape,r2,mape_test,r2_test,mape_interpolation,r2_interpolation
0,0.15,237.0,Grid1296,0.001,167.0,200.0,64.3947982788086,0.3173332214355469,0.09086572532706763,0.0027179839698661112,0.10465164228540987,-0.4411639890266148,0.12635044089774355,-0.9701109024548709
1,0.15,237.0,Grid2401,0.001,6.0,200.0,25.055654525756836,9.254106521606445,0.03944376341593151,0.35887558945232023,0.04417082597472851,0.296677549715195,0.07505138529684559,-2.9749804426715674
2,0.15,237.0,Sobol1,0.001,5.0,200.0,21.970972061157227,12.561441421508789,0.08797852479672398,-0.5743704689589806,0.0902978474292732,-0.5820664941126836,0.08046534548226274,-0.2475157667178547
3,0.15,237.0,Sobol2,0.001,5.0,200.0,106.0942153930664,10.668086290359497,0.09232999853084699,-0.5477768657955802,0.09273207441370199,-0.5309572447176685,0.07899891812680902,-0.07117823731246364
