,ratio,rndint,dataset,learning_rate,batchsize,epochs,loss,time,mape,r2,mape_test,r2_test,mape_interpolation,r2_interpolation
0,0.65,16.0,Grid1296,0.001,5.0,200.0,20.038305282592773,29.698269844055176,0.033900760949932024,0.5777562616752836,0.0285856193024217,0.7037318099387219,0.06291808900973489,0.0005117930776439295
1,0.65,16.0,Grid2401,0.001,5.0,200.0,7.06719970703125,46.41582942008972,0.018783562726050418,0.7905744955014735,0.016990045993137096,0.859286346383964,0.058192275782421844,-1.411630092672353
2,0.65,16.0,Sobol1,0.001,1303.0,200.0,104.28955841064453,0.5497403144836426,0.14562437308467782,-1.6358146776224403,0.13913295120111344,-1.2674199326080697,0.1311165085947357,-0.8278388552164557
3,0.65,16.0,Sobol2,0.001,5.0,200.0,10.322687149047852,45.10495162010193,0.018775562568369025,0.9745734286446388,0.01865519303878418,0.9731467077982453,0.016787735121585382,0.9610166016155872
