,ratio,rndint,dataset,learning_rate,batchsize,epochs,loss,time,mape,r2,mape_test,r2_test,mape_interpolation,r2_interpolation
0,0.5,877.0,Grid1296,0.001,6.0,200.0,18.292409896850586,19.018033266067505,0.041528324144921316,0.3312642133256233,0.037308294353627924,0.5463750245610888,0.06420819733813271,-0.3676748566150241
1,0.5,877.0,Grid2401,0.001,881.0,200.0,69.36058807373047,0.46437716484069824,0.10113235855428417,0.19619315771543577,0.1008042022945646,0.1853447218728398,0.12170144926067979,-1.0425830476075268
2,0.5,877.0,Sobol1,0.001,6.0,200.0,9.15478515625,33.95466232299805,0.018379511395938457,0.977437732325128,0.019710656995911728,0.9764872940566665,0.0246182409937274,0.9443791590522602
3,0.5,877.0,Sobol2,0.001,5.0,200.0,26.766742706298828,34.29609441757202,0.019638286794568346,0.9720165728804718,0.018418853641292997,0.9742561611441394,0.01862217289773761,0.9566570199321609
