,ratio,rndint,dataset,learning_rate,batchsize,epochs,loss,time,mape,r2,mape_test,r2_test,mape_interpolation,r2_interpolation
0,0.85,294.0,Grid1296,0.001,6.0,200.0,5.919342041015625,32.156681537628174,0.014577651804935535,0.9303597601753371,0.01665895627534243,0.9237688812732705,0.03528951919352245,0.7900975155575026
1,0.85,294.0,Grid2401,0.001,7.0,200.0,10.319876670837402,44.39344334602356,0.017811392684944697,0.8537417990849628,0.020337382766431735,0.7837508612562569,0.05625353218107623,-0.9317524655569203
2,0.85,294.0,Sobol1,0.001,6.0,200.0,15.93017578125,57.75800061225891,0.013490968380831829,0.9885932539240061,0.01316416571764645,0.9874310131368335,0.019487486262150508,0.9583522765471563
3,0.85,294.0,Sobol2,0.001,19.0,200.0,33.5436897277832,15.691769361495972,0.08838723626972458,-0.5544429971082401,0.09200323070223296,-0.9487805464174914,0.07272498862816353,0.0052800521117040145
