,ratio,rndint,dataset,learning_rate,batchsize,epochs,loss,time,mape,r2,mape_test,r2_test,mape_interpolation,r2_interpolation
0,0.85,986.0,Grid1296,0.001,6.0,200.0,6.247772216796875,31.923222541809082,0.017808175058002744,0.7934927814006651,0.016893646434200046,0.8798806297180243,0.04430374117423852,0.4373583099072428
1,0.85,986.0,Grid2401,0.001,7.0,200.0,8.123160362243652,44.08437633514404,0.017847770068061194,0.8326947819988716,0.01919261717142141,0.7352913154284866,0.057849245284252775,-1.2081903516907344
2,0.85,986.0,Sobol1,0.001,6.0,200.0,7.714563846588135,57.60220003128052,0.01080854580448814,0.9898489069705682,0.010656073988443522,0.9812300590461899,0.014780130288926807,0.9647307377189284
3,0.85,986.0,Sobol2,0.001,19.0,200.0,43.348880767822266,15.624240159988403,0.06208267486134923,0.47223028855312177,0.06602647237115947,0.46501407617372736,0.05220765258974792,0.5724123973350294
