,ratio,rndint,dataset,learning_rate,batchsize,epochs,loss,time,mape,r2,mape_test,r2_test,mape_interpolation,r2_interpolation
0,0.6,582.0,Grid1296,0.001,223.0,200.0,40.11122131347656,0.9861438274383545,0.05177493820979076,-0.48320647413843587,0.05314182795066368,-0.7689255866204869,0.07614526309348464,-2.295065273945779
1,0.6,582.0,Grid2401,0.001,7.0,200.0,18.816633224487305,31.780397176742554,0.02096758507422186,0.8326358504931064,0.021412564244786377,0.7927367577685545,0.060962501084985486,-1.2225849180681045
2,0.6,582.0,Sobol1,0.001,401.0,200.0,63.95573043823242,1.1064209938049316,0.08992573412839143,-3.9093036905614467,0.08543941999458061,-3.2167186336324844,0.07256286864728097,-2.0626309423216402
3,0.6,582.0,Sobol2,0.001,5.0,200.0,7.092126369476318,41.78638195991516,0.021062443377126996,0.9673110232953164,0.019661922381007994,0.965723398614698,0.020494961703857666,0.9466394141294139
