,ratio,rndint,dataset,learning_rate,batchsize,epochs,loss,time,mape,r2,mape_test,r2_test,mape_interpolation,r2_interpolation
0,0.8,725.0,Grid1296,0.001,223.0,200.0,37.739524841308594,1.3132226467132568,0.05251522835074597,-0.4746493342388851,0.04845496021891122,-0.47184456944233677,0.0748129463424385,-2.039921382945546
1,0.8,725.0,Grid2401,0.001,5.0,200.0,6.9927978515625,58.13534665107727,0.01458572859084158,0.8654177778161283,0.015801765512872056,0.7734571531281386,0.05180908161456211,-0.9354892419813505
2,0.8,725.0,Sobol1,0.001,401.0,200.0,55.09908676147461,1.4754233360290527,0.08853737520080368,-2.173192813047273,0.07986941347932175,-1.9200795732506708,0.07305035601466388,-1.1477941151737694
3,0.8,725.0,Sobol2,0.001,5.0,200.0,4.419579982757568,56.51278519630432,0.017968575457197742,0.9732157644604317,0.016257281523964686,0.9798250840029836,0.01633457553738639,0.961521621935496
