,ratio,rndint,dataset,learning_rate,batchsize,epochs,loss,time,mape,r2,mape_test,r2_test,mape_interpolation,r2_interpolation
0,0.25,294.0,Grid1296,0.001,9.0,200.0,24.23938751220703,6.55067777633667,0.05377526397164761,-0.44004419118377003,0.05102783612312522,-0.5361698036527511,0.07387179880439627,-2.1065882961653917
1,0.25,294.0,Grid2401,0.001,5.0,200.0,15.982263565063477,18.56679654121399,0.019215666934429564,0.7904025931255356,0.01852559918872012,0.8200025528826551,0.0586494406141661,-1.3772969232239891
2,0.25,294.0,Sobol1,0.001,167.0,200.0,56.27448272705078,0.9509916305541992,0.08845306806919587,-3.1054272040306765,0.08818175913614702,-2.8792056115562117,0.07309358017604997,-1.6292283503299103
3,0.25,294.0,Sobol2,0.001,5.0,200.0,7.386242866516113,17.87261438369751,0.02302259543480043,0.9737791917318248,0.025540838085980757,0.961966055016293,0.020110532612309474,0.9579205504156925
