,ratio,rndint,dataset,learning_rate,batchsize,epochs,loss,time,mape,r2,mape_test,r2_test,mape_interpolation,r2_interpolation
0,0.2,35.0,Grid1296,0.001,223.0,200.0,70.12095642089844,0.3338203430175781,0.10018425065411717,-0.2512863658979634,0.10427889252392855,-0.31120921693230774,0.12736010418006705,-0.8703296983957736
1,0.2,35.0,Grid2401,0.001,8.0,200.0,28.107345581054688,9.249668598175049,0.033607200467566566,0.6647372645065952,0.031183140919990943,0.743873660250632,0.06720431331351497,-1.5519073571556707
2,0.2,35.0,Sobol1,0.001,401.0,200.0,96.00664520263672,0.3755218982696533,0.1468970778141989,-1.8842517080098165,0.14824275997826947,-1.8086811485949261,0.13858195596902884,-1.1478697873862154
3,0.2,35.0,Sobol2,0.001,5.0,200.0,29.349340438842773,14.225976943969727,0.08935294908412833,-0.6299148753720165,0.09492163026879172,-0.8794772937451028,0.07792577468177389,-0.18474886090360854
