,ratio,rndint,dataset,learning_rate,batchsize,epochs,loss,time,mape,r2,mape_test,r2_test,mape_interpolation,r2_interpolation
0,0.2,759.0,Grid1296,0.001,223.0,200.0,71.50261688232422,0.32636356353759766,0.10599182726892348,-0.12625203087611236,0.10929839753432101,-0.17613277527583326,0.1337153403265187,-0.6934024606523168
1,0.2,759.0,Grid2401,0.001,8.0,200.0,17.290977478027344,9.179333209991455,0.04458036275303591,0.21323089972274678,0.04540214713745155,0.2120574860132165,0.07458908672093345,-2.8687481102860866
2,0.2,759.0,Sobol1,0.001,401.0,200.0,102.5141372680664,0.36901187896728516,0.15401536942860947,-1.0764023945476069,0.15516686015735504,-1.0335849071372998,0.14736978187229804,-0.5857873591849168
3,0.2,759.0,Sobol2,0.001,5.0,200.0,63.839385986328125,14.166779041290283,0.09799289684571488,-0.7676397479041981,0.09382268359975904,-0.5831087635732934,0.08110406164549554,-0.1494854653094153
