,ratio,rndint,dataset,learning_rate,batchsize,epochs,loss,time,mape,r2,mape_test,r2_test,mape_interpolation,r2_interpolation
0,0.55,593.0,Grid1296,0.001,613.0,200.0,70.80900573730469,0.41086769104003906,0.10386331923714776,-0.27996423792948066,0.10485144219083876,-0.4791917403179835,0.12941823999904714,-0.9940517093520018
1,0.55,593.0,Grid2401,0.001,17.0,200.0,23.63185691833496,11.638028860092163,0.04359740864986597,0.19146311964713758,0.044462519034200225,0.10566628453590887,0.0746850710033226,-3.392740589711056
2,0.55,593.0,Sobol1,0.001,19.0,200.0,51.06667709350586,11.888258218765259,0.0864240832911635,-0.6747871109927468,0.0882603354387623,-0.8828815904805829,0.07658754696124505,-0.3287422813322951
3,0.55,593.0,Sobol2,0.001,5.0,200.0,34.0354118347168,37.77323031425476,0.04357866022268614,0.858091084584803,0.04568746540980124,0.8348758211017182,0.042419454870287816,0.7934629477767288
