,ratio,rndint,dataset,learning_rate,batchsize,epochs,loss,time,mape,r2,mape_test,r2_test,mape_interpolation,r2_interpolation
0,0.3,237.0,Grid1296,0.001,167.0,200.0,43.699195861816406,0.6145710945129395,0.06747548246106459,-0.8074975603961285,0.06808451492760485,-1.1463504450720343,0.09145209358568467,-2.680033708617816
1,0.3,237.0,Grid2401,0.001,6.0,200.0,8.7669677734375,17.946077823638916,0.019113151696337368,0.8142223289847302,0.020772900093203633,0.8156772246875085,0.06018564236560079,-1.274357495802525
2,0.3,237.0,Sobol1,0.001,601.0,200.0,92.08122253417969,0.4024996757507324,0.1339003123340436,-1.6607168961841956,0.13935494105264792,-2.0353445656922955,0.12466110769012988,-1.0999361299035955
3,0.3,237.0,Sobol2,0.001,5.0,200.0,87.1454086303711,20.752405405044556,0.08877465762130132,-0.2962895567729851,0.08839783259117047,-0.4059917713598389,0.07319365961681848,0.13755502169335043
