,ratio,rndint,dataset,learning_rate,batchsize,epochs,loss,time,mape,r2,mape_test,r2_test,mape_interpolation,r2_interpolation
0,0.85,593.0,Grid1296,0.001,6.0,200.0,42.27616500854492,31.910234928131104,0.027055718062795157,0.7241710851249679,0.03054605049168208,0.6918839023348416,0.05680526492824493,0.23812085526536397
1,0.85,593.0,Grid2401,0.001,7.0,200.0,35.80533981323242,43.92261862754822,0.017370974989613385,0.812701531418692,0.01728204007816423,0.8313067984851917,0.057430279139099004,-1.233248060584197
2,0.85,593.0,Sobol1,0.001,6.0,200.0,7.444986820220947,57.3330078125,0.013080277940361271,0.9862315191344727,0.013323444916463756,0.9844526573497314,0.015417528716948634,0.9656476591133915
3,0.85,593.0,Sobol2,0.001,19.0,200.0,31.8510799407959,15.550755023956299,0.04722921267382109,0.6382437185994816,0.052490800140631705,0.5869511275385142,0.03837565199020701,0.7418165839463462
