,ratio,rndint,dataset,learning_rate,batchsize,epochs,loss,time,mape,r2,mape_test,r2_test,mape_interpolation,r2_interpolation
0,0.2,829.0,Grid1296,0.001,223.0,200.0,73.98734283447266,0.3334362506866455,0.11121036640756593,-0.5526707518503795,0.11026211125516226,-0.28400087994033796,0.1367081932691918,-0.9391154306159177
1,0.2,829.0,Grid2401,0.001,8.0,200.0,33.803428649902344,9.339001893997192,0.03807741009014593,0.6098338828468,0.036238595963435434,0.6198180845901415,0.06943045084824204,-1.870899906223395
2,0.2,829.0,Sobol1,0.001,401.0,200.0,104.02249908447266,0.3734312057495117,0.1516675937260288,-1.6320187044967418,0.14851696780518728,-1.2008134262933678,0.1392857802760394,-0.7161650691315298
3,0.2,829.0,Sobol2,0.001,5.0,200.0,43.06024169921875,14.425386905670166,0.07558530629846875,-0.1140676019005138,0.0786759865892261,-0.2299984663886796,0.06503319921522069,0.11383780478442396
