,ratio,rndint,dataset,learning_rate,batchsize,epochs,loss,time,mape,r2,mape_test,r2_test,mape_interpolation,r2_interpolation
0,0.6,530.0,Grid1296,0.001,223.0,200.0,34.64249801635742,0.970238447189331,0.052484899479397544,-0.5416708801595618,0.0541591149366322,-0.7406889485420984,0.07808923230570532,-2.3242487745260947
1,0.6,530.0,Grid2401,0.001,7.0,200.0,6.9192681312561035,31.996322631835938,0.01524123786995482,0.8544335828610642,0.017552542846639072,0.8139624025186311,0.05487487238466154,-0.9326036831109337
2,0.6,530.0,Sobol1,0.001,401.0,200.0,65.1659927368164,1.0916049480438232,0.08788499958182833,-3.0238695246699203,0.08803913408124614,-2.766340292551246,0.07301005953774967,-1.6286272528094776
3,0.6,530.0,Sobol2,0.001,5.0,200.0,5.873034477233887,42.22986698150635,0.017764150600364997,0.977707255513482,0.01677146465101719,0.9733905502828547,0.018077154020981593,0.9576257776437979
