,ratio,rndint,dataset,learning_rate,batchsize,epochs,loss,time,mape,r2,mape_test,r2_test,mape_interpolation,r2_interpolation
0,0.05,588.0,Grid1296,0.001,5.0,200.0,20.435693740844727,2.3267898559570312,0.03413345445829253,0.11566346933807403,0.055926629216927405,-0.9627961025034746,0.08140590549008273,-2.679121252649998
1,0.05,588.0,Grid2401,0.001,8.0,200.0,31.24994659423828,2.363784074783325,0.037243905715072814,-0.041255099343806334,0.04641415140803647,-0.3685679969181468,0.07909701447508294,-5.36695367296451
2,0.05,588.0,Sobol1,0.001,5.0,200.0,17.279369354248047,4.271461009979248,0.07882617391821056,-0.50388230593544,0.0870562515774792,-0.8772983169538171,0.07549204676739495,-0.37869184756357566
3,0.05,588.0,Sobol2,0.001,5.0,200.0,35.046531677246094,3.6304714679718018,0.09981003854089636,-0.7794589207166871,0.09390215677882326,-0.5738286210805226,0.07952810242070284,-0.06427344454669504
