,ratio,rndint,dataset,learning_rate,batchsize,epochs,loss,time,mape,r2,mape_test,r2_test,mape_interpolation,r2_interpolation
0,0.5,561.0,Grid1296,0.001,6.0,200.0,58.89078140258789,18.886006116867065,0.05061089132448148,-0.2742165848860971,0.05083151020594796,-0.11175670120762682,0.07299591770815816,-1.500363349555152
1,0.5,561.0,Grid2401,0.001,881.0,200.0,67.45145416259766,0.4628872871398926,0.09773570165591969,0.22395474730888965,0.10053082043773237,0.1491829588441812,0.1212519007844554,-1.1216402677539277
2,0.5,561.0,Sobol1,0.001,6.0,200.0,7.60230016708374,34.25025177001953,0.018002991264212478,0.9815669431270647,0.018651476189423838,0.9780548472308807,0.019743312213219965,0.9580344844705566
3,0.5,561.0,Sobol2,0.001,5.0,200.0,8.552899360656738,34.830872535705566,0.025304262142666997,0.9674126090856839,0.024349941726192346,0.963842425397302,0.020112058490478483,0.9586691649887757
