,ratio,rndint,dataset,learning_rate,batchsize,epochs,loss,time,mape,r2,mape_test,r2_test,mape_interpolation,r2_interpolation
0,0.05,147.0,Grid1296,0.001,5.0,200.0,29.129955291748047,2.3336780071258545,0.057471686644672844,-0.21155180865981182,0.05422239558693667,-0.05320838650457138,0.07530043308072634,-1.1297547308681364
1,0.05,147.0,Grid2401,0.001,8.0,200.0,20.744171142578125,2.349095106124878,0.03506422648180055,0.2060725671414142,0.04508390642218379,-0.20653285950821942,0.0759342871952729,-4.80432911835398
2,0.05,147.0,Sobol1,0.001,5.0,200.0,100.16193389892578,4.240048170089722,0.09815949450574489,0.2057858595544928,0.1031827467979606,0.0378236130595071,0.09927400347741505,0.09229966028062764
3,0.05,147.0,Sobol2,0.001,5.0,200.0,82.38453674316406,3.6023688316345215,0.10364502736643263,-0.5057969361291808,0.09371668591498897,-0.5660940436997857,0.07956753925844484,-0.04426157404450182
