,ratio,rndint,dataset,learning_rate,batchsize,epochs,loss,time,mape,r2,mape_test,r2_test,mape_interpolation,r2_interpolation
0,0.85,16.0,Grid1296,0.001,6.0,200.0,27.25498390197754,32.06304931640625,0.05136184516374514,-0.3276604692944556,0.05278259557288504,-0.20238692219040844,0.07345587803901069,-1.6916426141152137
1,0.85,16.0,Grid2401,0.001,7.0,200.0,7.164725303649902,44.144376039505005,0.01791411978350585,0.8134975518279738,0.01646742221433329,0.8696228658057131,0.056862980861332235,-1.2379129754841625
2,0.85,16.0,Sobol1,0.001,6.0,200.0,25.150793075561523,57.59393548965454,0.013253138839876293,0.9864550153485001,0.013539253041568054,0.9882773197574556,0.01730064353651526,0.9626952344498139
3,0.85,16.0,Sobol2,0.001,19.0,200.0,10.633387565612793,15.653997898101807,0.02666993111651296,0.9466751137543782,0.024225930732487008,0.9403763567158795,0.023354378686907682,0.93161766213949
