,ratio,rndint,dataset,learning_rate,batchsize,epochs,loss,time,mape,r2,mape_test,r2_test,mape_interpolation,r2_interpolation
0,0.7,588.0,Grid1296,0.001,11.0,200.0,17.331682205200195,14.66457200050354,0.03833477989635828,0.44059375966885417,0.03524605897331875,0.6003259146080575,0.06485047971175997,-0.20256463517676515
1,0.7,588.0,Grid2401,0.001,617.0,200.0,31.498281478881836,0.8118860721588135,0.04340744383534133,0.3144531046711223,0.04389237440865956,0.26331413891289335,0.07808652030276432,-3.3424195094769003
2,0.7,588.0,Sobol1,0.001,23.0,200.0,51.14619827270508,12.796411037445068,0.06915505119372006,0.043042517944471004,0.07266307290017023,-0.15850993887090015,0.06032587987271516,0.2630736389337236
3,0.7,588.0,Sobol2,0.001,29.0,200.0,70.96713256835938,11.277314186096191,0.09426921861289053,-0.928283992355756,0.09046475304691953,-0.5485407322345937,0.07842314954552508,-0.22240311588282613
