,ratio,rndint,dataset,learning_rate,batchsize,epochs,loss,time,mape,r2,mape_test,r2_test,mape_interpolation,r2_interpolation
0,0.3,721.0,Grid1296,0.001,167.0,200.0,41.80621337890625,0.6225605010986328,0.058708675245411894,-1.0743309142135398,0.054223347779391556,-0.6560842099997382,0.08011438780267215,-2.5455613800877415
1,0.3,721.0,Grid2401,0.001,6.0,200.0,37.85114669799805,18.600852489471436,0.042117571770085814,0.17552272528260915,0.041707723618988814,0.12153135257120296,0.07480871935758827,-4.069155918119704
2,0.3,721.0,Sobol1,0.001,601.0,200.0,93.24906158447266,0.4445984363555908,0.13619405740523408,-1.580186227471446,0.14489926130033987,-1.8549207725567065,0.1306277838195041,-1.034680301872275
3,0.3,721.0,Sobol2,0.001,5.0,200.0,105.5218505859375,21.147773265838623,0.11212182485265448,-0.940919931966214,0.10757328261877343,-0.8670736252299633,0.09736534554056456,-0.49327322740134916
