,ratio,rndint,dataset,learning_rate,batchsize,epochs,loss,time,mape,r2,mape_test,r2_test,mape_interpolation,r2_interpolation
0,0.9,999.0,Grid1296,0.001,251.0,200.0,33.508636474609375,1.2986798286437988,0.05124169437871199,-0.3062728560979091,0.06073702039386564,-1.6664174618061836,0.07575447420310216,-1.9634924671943397
1,0.9,999.0,Grid2401,0.001,13.0,200.0,10.653657913208008,24.829692125320435,0.018311497194964343,0.8232344853713596,0.01823387621498737,0.7961120265444921,0.058347081481559274,-1.240052017508495
2,0.9,999.0,Sobol1,0.001,11.0,200.0,48.97072982788086,33.58245611190796,0.055965254300469856,0.3722640854401761,0.05536647924049583,0.23521010649551954,0.04640984920883311,0.5328777891918588
3,0.9,999.0,Sobol2,0.001,5.0,200.0,9.810107231140137,61.72854042053223,0.026664110602017396,0.9657617047860538,0.023158122786122233,0.9766969108312912,0.019012392991867206,0.9622847864646068
