,ratio,rndint,dataset,learning_rate,batchsize,epochs,loss,time,mape,r2,mape_test,r2_test,mape_interpolation,r2_interpolation
0,0.5,759.0,Grid1296,0.001,6.0,200.0,15.441670417785645,18.64416480064392,0.037047681581012695,0.4578263216729831,0.036472202614942176,0.4899962107181607,0.06118814244906089,-0.29033523551253926
1,0.5,759.0,Grid2401,0.001,881.0,200.0,74.86966705322266,0.46143054962158203,0.10755923629837823,0.23274335280605962,0.11029516443979502,0.1869813299944313,0.1298845914043483,-0.8718412930250696
2,0.5,759.0,Sobol1,0.001,6.0,200.0,10.80608081817627,33.58743476867676,0.01577754680552253,0.9796483834689986,0.01694264023602311,0.9781470238886325,0.0194546440969452,0.9548174000254566
3,0.5,759.0,Sobol2,0.001,5.0,200.0,18.731592178344727,34.13148283958435,0.032662806991506144,0.913147515238959,0.03749666320965759,0.8923343051938527,0.032959906530725315,0.8771438422774755
