,ratio,rndint,dataset,learning_rate,batchsize,epochs,loss,time,mape,r2,mape_test,r2_test,mape_interpolation,r2_interpolation
0,0.85,147.0,Grid1296,0.001,6.0,200.0,36.87782669067383,32.994791984558105,0.054226612714735375,-0.13798152313423628,0.05268556406845704,-0.1073986210105835,0.07219362009632165,-1.2883216185936583
1,0.85,147.0,Grid2401,0.001,7.0,200.0,12.770368576049805,45.29589343070984,0.019987099140222887,0.8043744490324101,0.017666420763065016,0.8854919210852756,0.05969508191826527,-1.3220610303951155
2,0.85,147.0,Sobol1,0.001,6.0,200.0,9.024932861328125,59.527480363845825,0.014204687896224455,0.9839100586597408,0.015212853556127628,0.9810131728150532,0.01790915789097837,0.9603432161998543
3,0.85,147.0,Sobol2,0.001,19.0,200.0,61.20738983154297,16.002278327941895,0.08445073204281885,-0.6381359575416818,0.08031028231256024,-0.6393601560256907,0.0663050559728281,0.06761556112173595
