,ratio,rndint,dataset,learning_rate,batchsize,epochs,loss,time,mape,r2,mape_test,r2_test,mape_interpolation,r2_interpolation
0,0.45,930.0,Grid1296,0.001,251.0,200.0,43.98155975341797,0.6574482917785645,0.06419832478986139,-0.42308042418697345,0.06316003691282776,-0.3777830937587676,0.08810482145189709,-1.6895607610200272
1,0.45,930.0,Grid2401,0.001,13.0,200.0,30.671714782714844,12.848869800567627,0.0400681541481886,0.14967516061416652,0.04502036076115619,0.027607784455336404,0.0733550863737309,-3.733417549733126
2,0.45,930.0,Sobol1,0.001,11.0,200.0,38.9185676574707,17.184284210205078,0.06694446788790703,0.22173489879114117,0.06811629363738156,0.21395557702400447,0.05985451826055469,0.35060053581115525
3,0.45,930.0,Sobol2,0.001,191.0,200.0,67.1798324584961,1.2578818798065186,0.09126481370616586,-2.1759239570022966,0.09523409993287059,-2.463805781960298,0.07378045646223176,-0.9330825929269213
