,ratio,rndint,dataset,learning_rate,batchsize,epochs,loss,time,mape,r2,mape_test,r2_test,mape_interpolation,r2_interpolation
0,0.4,854.0,Grid1296,0.001,223.0,200.0,48.542724609375,0.6445708274841309,0.06918816882603772,-0.36828600828260427,0.07117788333803692,-0.7486079593533703,0.09473838899844732,-1.8636474861373706
1,0.4,854.0,Grid2401,0.001,5.0,200.0,15.883642196655273,28.911810636520386,0.021689920749647065,0.7672799248488003,0.020130478272428597,0.8272875753313699,0.05947640612131366,-1.3771383133228507
2,0.4,854.0,Sobol1,0.001,401.0,200.0,73.07049560546875,0.7224175930023193,0.10341445862441122,-3.932893999065513,0.09836872119761896,-4.004390551595634,0.08342694983913616,-2.2522105975949223
3,0.4,854.0,Sobol2,0.001,5.0,200.0,11.140466690063477,27.874683618545532,0.024662182012480983,0.9508786615046954,0.026141858778298555,0.9523326998499375,0.02713292172867091,0.92309344786368
