,ratio,rndint,dataset,learning_rate,batchsize,epochs,loss,time,mape,r2,mape_test,r2_test,mape_interpolation,r2_interpolation
0,0.85,249.0,Grid1296,0.001,6.0,200.0,21.970529556274414,32.17691135406494,0.03473952972742598,0.5197849823850165,0.04216371980105101,0.3242769951579827,0.06266224755209288,-0.2420066253312787
1,0.85,249.0,Grid2401,0.001,7.0,200.0,21.581298828125,44.42981815338135,0.018416262086995205,0.8117950723727934,0.019740242989980363,0.7878870753793421,0.05822213762638496,-1.2984450745604974
2,0.85,249.0,Sobol1,0.001,6.0,200.0,6.947850704193115,57.905731439590454,0.01108901767191277,0.9923091500861527,0.01049141134331415,0.9933912032916437,0.01805360366445118,0.9616534948418779
3,0.85,249.0,Sobol2,0.001,19.0,200.0,8.761303901672363,15.703924894332886,0.019906276379617737,0.9676888404694639,0.02262709833160613,0.9728418660766102,0.01773691935537878,0.9591035473663051
