,ratio,rndint,dataset,learning_rate,batchsize,epochs,loss,time,mape,r2,mape_test,r2_test,mape_interpolation,r2_interpolation
0,0.25,561.0,Grid1296,0.001,9.0,200.0,50.948612213134766,6.474430084228516,0.05261886617492532,-0.3746754387372,0.052839971970760666,-0.0651404310923216,0.07721863088916212,-1.3482495840242583
1,0.25,561.0,Grid2401,0.001,5.0,200.0,24.875341415405273,18.25748062133789,0.0414876916347879,0.41543050110009216,0.04598674835314418,0.23485032052988408,0.07658217100298582,-2.963493348846029
2,0.25,561.0,Sobol1,0.001,167.0,200.0,61.3008918762207,0.9243612289428711,0.0941099681090351,-3.299519362733749,0.08767277869201344,-2.697949046022411,0.07401281429690018,-1.562991033165615
3,0.25,561.0,Sobol2,0.001,5.0,200.0,53.22747802734375,17.25876545906067,0.0723598576921882,-0.24821104696562557,0.0739891819890174,-0.12144816888409715,0.05998181844664577,0.1857377638647899
