,ratio,rndint,dataset,learning_rate,batchsize,epochs,loss,time,mape,r2,mape_test,r2_test,mape_interpolation,r2_interpolation
0,0.5,294.0,Grid1296,0.001,6.0,200.0,28.04852294921875,18.918057918548584,0.042479162211267386,0.23975950317087547,0.045439978859853854,0.08640242768414497,0.06599415018552945,-0.8816658141186469
1,0.5,294.0,Grid2401,0.001,881.0,200.0,68.58490753173828,0.4634206295013428,0.09690593954805658,0.20273851791384834,0.09352780603448195,0.23348356386550118,0.12026894413032363,-1.1452747236527507
2,0.5,294.0,Sobol1,0.001,6.0,200.0,16.658477783203125,34.019545793533325,0.021294484553289063,0.9741174865947481,0.022736434614072994,0.9718833887768861,0.021641549313585813,0.9547420367289001
3,0.5,294.0,Sobol2,0.001,5.0,200.0,46.393760681152344,34.62739419937134,0.04562652029876066,0.8787216578602433,0.049265495481625,0.8575819328289995,0.04287441118485811,0.8227050084941325
