,ratio,rndint,dataset,learning_rate,batchsize,epochs,loss,time,mape,r2,mape_test,r2_test,mape_interpolation,r2_interpolation
0,0.25,999.0,Grid1296,0.001,9.0,200.0,18.86272430419922,6.722805976867676,0.05118357569088115,0.13258580785057106,0.05975719080468375,-0.3211981543527094,0.0741956143997018,-1.3526177850757675
1,0.25,999.0,Grid2401,0.001,5.0,200.0,10.1976318359375,18.43593740463257,0.017753571848104246,0.8255659717166649,0.017786745190380624,0.8278756705831698,0.057906506233185696,-1.1358097545671595
2,0.25,999.0,Sobol1,0.001,167.0,200.0,71.5826416015625,0.947096586227417,0.09631385845657649,-3.3103823459058432,0.08636996218083488,-3.1463790608753595,0.07346670636776804,-1.7869810624823956
3,0.25,999.0,Sobol2,0.001,5.0,200.0,25.138916015625,17.75949215888977,0.09840095331043068,-0.7892878496236027,0.09324167236046588,-0.7557478535595241,0.0800827206337647,-0.20459112951229708
