,ratio,rndint,dataset,learning_rate,batchsize,epochs,loss,time,mape,r2,mape_test,r2_test,mape_interpolation,r2_interpolation
0,0.35,816.0,Grid1296,0.001,5.0,200.0,19.37335205078125,15.995919227600098,0.039729969989380616,0.49653461922069064,0.04370661310310085,0.3487159149260426,0.07117520412587354,-0.29397541962378604
1,0.35,816.0,Grid2401,0.001,617.0,200.0,80.46987915039062,0.4118669033050537,0.1216844149414817,0.2035395304261145,0.12054708951743448,0.16035628825646553,0.13546360169192212,-0.7108281958709726
2,0.35,816.0,Sobol1,0.001,701.0,200.0,101.56641387939453,0.43059825897216797,0.15671996998718737,-1.177655533801699,0.16567431760100104,-1.1596168221409617,0.15599752941464182,-0.7092869694541051
3,0.35,816.0,Sobol2,0.001,5.0,200.0,5.416528224945068,24.401900053024292,0.027512722288795376,0.9508428387542142,0.02909662098366261,0.9206760956090935,0.028721566343967497,0.9114284375993633
