,ratio,rndint,dataset,learning_rate,batchsize,epochs,loss,time,mape,r2,mape_test,r2_test,mape_interpolation,r2_interpolation
0,0.25,593.0,Grid1296,0.001,9.0,200.0,39.27723693847656,6.500473260879517,0.04921351876405238,-0.10874479374840385,0.05388504779986522,-0.23699069085017066,0.07681975395517587,-1.433256294845966
1,0.25,593.0,Grid2401,0.001,5.0,200.0,34.38984298706055,18.416467428207397,0.020726997127677126,0.8267616943972161,0.019962517532036126,0.8161863439906171,0.059268453814318986,-1.2497273262964055
2,0.25,593.0,Sobol1,0.001,167.0,200.0,53.00908279418945,0.9641757011413574,0.08037081057674676,-2.322834247699281,0.09128598728339977,-3.2519874948740064,0.07278855979794556,-1.6421276040068018
3,0.25,593.0,Sobol2,0.001,5.0,200.0,17.157262802124023,17.79323649406433,0.025254504198119806,0.963244640289736,0.026692874792052873,0.9538058590248704,0.0212487502112641,0.9507537685384008
