,ratio,rndint,dataset,learning_rate,batchsize,epochs,loss,time,mape,r2,mape_test,r2_test,mape_interpolation,r2_interpolation
0,0.3,395.0,Grid1296,0.001,167.0,200.0,34.20048141479492,0.6312811374664307,0.05382214565113605,-0.4250650493710766,0.06255753182082083,-0.8672320792523933,0.08380166419985657,-2.3504700942740038
1,0.3,395.0,Grid2401,0.001,6.0,200.0,30.926788330078125,18.377270221710205,0.02103531352586953,0.8159278598496512,0.021880880923940367,0.8000393935167474,0.060280093443570736,-1.2927792769669009
2,0.3,395.0,Sobol1,0.001,601.0,200.0,93.99574279785156,0.41286158561706543,0.13999368240345808,-2.194068414922681,0.1347629016639384,-1.888838907060776,0.12553995020122355,-1.202543273392604
3,0.3,395.0,Sobol2,0.001,5.0,200.0,101.5599136352539,21.035771369934082,0.08919627134382885,-0.5626312231066555,0.08678623653655218,-0.5366585618294819,0.07193332249937663,0.03172374871138672
