,ratio,rndint,dataset,learning_rate,batchsize,epochs,loss,time,mape,r2,mape_test,r2_test,mape_interpolation,r2_interpolation
0,0.7,249.0,Grid1296,0.001,11.0,200.0,32.80551528930664,14.595136642456055,0.05129636718480216,-0.15602302401054757,0.051705504945073553,-0.23815993924337198,0.07128503695607229,-1.4027009688279715
1,0.7,249.0,Grid2401,0.001,617.0,200.0,31.51694107055664,0.8225388526916504,0.04391826306099869,0.2124589196040676,0.04328888055417893,0.2390708216777392,0.07894073513639137,-3.772151772171049
2,0.7,249.0,Sobol1,0.001,23.0,200.0,77.52196502685547,12.686078310012817,0.07490694319151961,-0.33697822894652907,0.07277260656447151,-0.45580819643666515,0.06253600803938628,0.08380583540693476
3,0.7,249.0,Sobol2,0.001,29.0,200.0,79.71135711669922,11.436848640441895,0.09269500366391348,-1.2415299121549377,0.09168310700338583,-1.112301163673525,0.07670821624250113,-0.4398669077201729
