,ratio,rndint,dataset,learning_rate,batchsize,epochs,loss,time,mape,r2,mape_test,r2_test,mape_interpolation,r2_interpolation
0,0.35,731.0,Grid1296,0.001,5.0,200.0,29.573009490966797,15.972155332565308,0.04034921770951764,0.3076622587154374,0.038706251995724646,0.28686649062049696,0.06394479344083022,-0.6711716483771113
1,0.35,731.0,Grid2401,0.001,617.0,200.0,71.00492858886719,0.41309285163879395,0.1034540067696306,0.25244042235242903,0.10755626132887249,0.18945487294130547,0.12471627888725623,-0.8489587816983117
2,0.35,731.0,Sobol1,0.001,701.0,200.0,106.8676986694336,0.433117151260376,0.1611757603016471,-0.7855729503088777,0.16156322619104135,-1.146469157371675,0.15394879625467184,-0.5614831696413989
3,0.35,731.0,Sobol2,0.001,5.0,200.0,11.071276664733887,24.407532215118408,0.02441488329118285,0.953596974852899,0.023864841226175194,0.962243057521634,0.023007969077517364,0.942094193424312
