,ratio,rndint,dataset,learning_rate,batchsize,epochs,loss,time,mape,r2,mape_test,r2_test,mape_interpolation,r2_interpolation
0,0.9,530.0,Grid1296,0.001,251.0,200.0,33.81245803833008,1.3151934146881104,0.05083217322188802,-0.23238246134369267,0.05888049287818696,-0.4550219448610091,0.07480316177031629,-1.6319771636964604
1,0.9,530.0,Grid2401,0.001,13.0,200.0,13.227229118347168,25.449573040008545,0.01657331812170277,0.8286204296978373,0.016459086739574698,0.826360422631358,0.058243945984575475,-1.2821288663963073
2,0.9,530.0,Sobol1,0.001,11.0,200.0,9.637420654296875,34.11898398399353,0.020904679428370664,0.9669083104950633,0.018374925288777894,0.9727882811737805,0.02448611691998037,0.9377807824800642
3,0.9,530.0,Sobol2,0.001,5.0,200.0,6.306811332702637,63.14165782928467,0.02017828657239758,0.9736080653219609,0.021315632918040305,0.9681960342484298,0.015555277727328912,0.9657566532429727
