,ratio,rndint,dataset,learning_rate,batchsize,epochs,loss,time,mape,r2,mape_test,r2_test,mape_interpolation,r2_interpolation
0,0.4,678.0,Grid1296,0.001,223.0,200.0,42.32114791870117,0.6435484886169434,0.06712972151839,-0.9954496200094152,0.06440667427196202,-0.8544734878947409,0.08909722436349493,-2.5455238881767572
1,0.4,678.0,Grid2401,0.001,5.0,200.0,26.048328399658203,29.18689274787903,0.03878966456511915,0.49164271805497717,0.040224491884763076,0.4599108820598896,0.07644950445088407,-3.1207468750078284
2,0.4,678.0,Sobol1,0.001,401.0,200.0,66.17930603027344,0.7263736724853516,0.09692312749275189,-3.3706599683508296,0.09879976205967841,-3.9859620832883005,0.08156657905366174,-2.0984040929963013
3,0.4,678.0,Sobol2,0.001,5.0,200.0,9.210205078125,28.124265670776367,0.020455652993902156,0.965747506345595,0.020474681698446153,0.9698535027821575,0.020574139777593935,0.9499586449660923
