,ratio,rndint,dataset,learning_rate,batchsize,epochs,loss,time,mape,r2,mape_test,r2_test,mape_interpolation,r2_interpolation
0,0.9,180.0,Grid1296,0.001,251.0,200.0,37.87910079956055,1.3246541023254395,0.05076905329867302,-0.42471343242376314,0.060551280211340076,-0.9490666686878639,0.07525423992446587,-2.045616487324201
1,0.9,180.0,Grid2401,0.001,13.0,200.0,18.060636520385742,25.004956007003784,0.017889149022732087,0.8065685985792219,0.014802263854272718,0.8733532134271288,0.05841322893407809,-1.4389155808798253
2,0.9,180.0,Sobol1,0.001,11.0,200.0,29.152925491333008,33.56227707862854,0.07021080677955151,-0.5120078724873456,0.06780477016504334,-0.20052875597719244,0.056942065201812456,0.05234535522952122
3,0.9,180.0,Sobol2,0.001,5.0,200.0,11.313794136047363,62.30472946166992,0.02213001352357035,0.9663295205213902,0.029122199522475696,0.9705632034129164,0.02059683359415522,0.9537737770713088
