,ratio,rndint,dataset,learning_rate,batchsize,epochs,loss,time,mape,r2,mape_test,r2_test,mape_interpolation,r2_interpolation
0,0.9,171.0,Grid1296,0.001,251.0,200.0,32.91347122192383,1.314598560333252,0.05120820102590735,-0.27481974197062353,0.05670929168034502,-0.7086924849182041,0.07498106965559857,-1.763299374452243
1,0.9,171.0,Grid2401,0.001,13.0,200.0,8.84763240814209,25.28402829170227,0.018804946775054895,0.8199239823778297,0.022304657456616323,0.7873828207226775,0.058978384231862864,-1.2877872230224932
2,0.9,171.0,Sobol1,0.001,11.0,200.0,75.64049530029297,33.80926561355591,0.06565312065834185,0.013519550274992742,0.07340375414793669,-0.08661213814038149,0.05647981360088534,0.277036175215955
3,0.9,171.0,Sobol2,0.001,5.0,200.0,4.07110595703125,62.609363079071045,0.014771998920356268,0.9795229865777806,0.014841496784259245,0.9805494796546039,0.015564773499522554,0.9620252720811681
