,ratio,rndint,dataset,learning_rate,batchsize,epochs,loss,time,mape,r2,mape_test,r2_test,mape_interpolation,r2_interpolation
0,0.2,999.0,Grid1296,0.001,223.0,200.0,73.37725067138672,0.33020710945129395,0.10994992296240494,-0.07590565818408157,0.11854768923113428,-0.2135954615876603,0.14243132242517406,-0.678979385649424
1,0.2,999.0,Grid2401,0.001,8.0,200.0,18.887252807617188,9.20967173576355,0.030072482404526788,0.5082078303587941,0.03357908169726535,0.40036329308260243,0.06869467155347021,-3.4844014648163952
2,0.2,999.0,Sobol1,0.001,401.0,200.0,103.16836547851562,0.36954522132873535,0.15544555421709053,-1.7439050704193497,0.15113433608679816,-1.3699549041897705,0.14307310375882046,-0.8645458319246826
3,0.2,999.0,Sobol2,0.001,5.0,200.0,26.678417205810547,14.188426971435547,0.09996409954753298,-0.7670130437215985,0.09335517253351068,-0.663142500516869,0.08048520927393009,-0.16112165353813968
