,ratio,rndint,dataset,learning_rate,batchsize,epochs,loss,time,mape,r2,mape_test,r2_test,mape_interpolation,r2_interpolation
0,0.15,147.0,Grid1296,0.001,167.0,200.0,75.99214172363281,0.3096311092376709,0.10980418049023008,-0.19948526473658101,0.10614276945455918,-0.27983151529342676,0.13126806867306284,-0.8173639178055856
1,0.15,147.0,Grid2401,0.001,6.0,200.0,20.66953468322754,9.03051209449768,0.041924651453119785,0.03578745951754747,0.0450014045667897,-0.022094666432687537,0.07529278644689764,-4.020968261736144
2,0.15,147.0,Sobol1,0.001,5.0,200.0,103.15412902832031,12.315694570541382,0.09994226105984655,-0.494834603682514,0.091616860199073,-0.45670623324559956,0.08452052005415842,-0.2082229088721259
3,0.15,147.0,Sobol2,0.001,5.0,200.0,80.05119323730469,10.459853649139404,0.09010691390029218,0.017876948963399975,0.09438793743702208,-0.1689598510322785,0.08086774842169124,0.1987218094075106
