,ratio,rndint,dataset,learning_rate,batchsize,epochs,loss,time,mape,r2,mape_test,r2_test,mape_interpolation,r2_interpolation
0,0.1,272.0,Grid1296,0.001,37.0,200.0,33.55181121826172,0.837684154510498,0.053261661263039696,-0.7410744721252305,0.05227157158257975,-0.8087991042215446,0.07501877425229565,-2.657142124185901
1,0.1,272.0,Grid2401,0.001,8.0,200.0,43.99515151977539,4.618117570877075,0.043493105916515444,0.4140343922562756,0.04334651217243455,0.46749898521113564,0.07372940595816213,-2.2007730736273357
2,0.1,272.0,Sobol1,0.001,5.0,200.0,72.55206298828125,8.338591575622559,0.09198902329100685,-0.25237586852999816,0.09023706237478192,-0.14338885631829346,0.08239165268792055,0.06256419533712465
3,0.1,272.0,Sobol2,0.001,5.0,200.0,72.72157287597656,7.096623659133911,0.08611242947139919,-0.9546511721154065,0.09389763371643173,-1.2993366870823793,0.07806834816132965,-0.5293607554760633
