,ratio,rndint,dataset,learning_rate,batchsize,epochs,loss,time,mape,r2,mape_test,r2_test,mape_interpolation,r2_interpolation
0,0.25,222.0,Grid1296,0.001,9.0,200.0,32.75503158569336,6.549886465072632,0.05522384588184627,-0.8504945406555167,0.05097065139377466,-0.5352034952330027,0.07416522024686989,-2.1335498230242274
1,0.25,222.0,Grid2401,0.001,5.0,200.0,15.529223442077637,18.545713424682617,0.023014757362507188,0.7302021786852223,0.021859066126666916,0.8031104367014708,0.060796372392694024,-1.4567005810191276
2,0.25,222.0,Sobol1,0.001,167.0,200.0,61.50270080566406,0.9501855373382568,0.09099552738881254,-4.162912668771404,0.08693789003243972,-3.02047950149353,0.0724400951861064,-1.8359585836766645
3,0.25,222.0,Sobol2,0.001,5.0,200.0,121.21514892578125,17.914308786392212,0.0948900655389797,-1.169886738591075,0.08941218558369479,-1.1386046421270128,0.07454178024556984,-0.3629104267131966
