,ratio,rndint,dataset,learning_rate,batchsize,epochs,loss,time,mape,r2,mape_test,r2_test,mape_interpolation,r2_interpolation
0,0.05,721.0,Grid1296,0.001,5.0,200.0,72.35224151611328,1.9067370891571045,0.06653173771127943,-0.38963944159243225,0.052691186450933854,0.01434718327790363,0.07648008774008482,-1.1442573449929894
1,0.05,721.0,Grid2401,0.001,8.0,200.0,27.327796936035156,2.0615360736846924,0.04090123645874707,0.5297451721525435,0.04455095524153376,0.42450474357716017,0.07322862414937363,-1.997120618504554
2,0.05,721.0,Sobol1,0.001,5.0,200.0,96.94485473632812,4.254000902175903,0.08264707344168519,-2.06667453542231,0.0865549799302953,-1.5462302692924657,0.0731705218782685,-0.7872006846512296
3,0.05,721.0,Sobol2,0.001,5.0,200.0,90.99528503417969,3.6304683685302734,0.113602161217533,-0.39192209693825353,0.10609672454274932,-0.14986501899023175,0.0944013060310068,0.1387354655732409
