,ratio,rndint,dataset,learning_rate,batchsize,epochs,loss,time,mape,r2,mape_test,r2_test,mape_interpolation,r2_interpolation
0,0.65,582.0,Grid1296,0.001,5.0,200.0,17.37396240234375,29.60979127883911,0.03224030631759395,0.6111272337996823,0.033323316741049706,0.4972621893289888,0.05986164657695657,-0.06934449091882122
1,0.65,582.0,Grid2401,0.001,5.0,200.0,13.224340438842773,47.22107243537903,0.017082435791901586,0.8203080892270165,0.017583542812049817,0.8238318065684301,0.058118983360622094,-1.3232527931503082
2,0.65,582.0,Sobol1,0.001,1303.0,200.0,101.05873107910156,0.5616984367370605,0.15184678741221233,-1.3333698411118964,0.14830636046358958,-1.1549936252982818,0.1416800868529198,-0.7278224967080047
3,0.65,582.0,Sobol2,0.001,5.0,200.0,5.223828315734863,45.83725142478943,0.022953693981236922,0.9656131088447235,0.022373353884921,0.9632491400903014,0.02031509137659711,0.9521955445295961
