,ratio,rndint,dataset,learning_rate,batchsize,epochs,loss,time,mape,r2,mape_test,r2_test,mape_interpolation,r2_interpolation
0,0.35,111.0,Grid1296,0.001,5.0,200.0,46.21533203125,16.19684386253357,0.05142857494226778,-0.5376261149755235,0.05421298616554909,-0.718336762081984,0.0786109532072287,-2.231445322397428
1,0.35,111.0,Grid2401,0.001,617.0,200.0,79.17388916015625,0.40746641159057617,0.11630460727555754,0.22035609789334654,0.11051555036074127,0.2769140120549436,0.13248870258769954,-0.7473359361062071
2,0.35,111.0,Sobol1,0.001,701.0,200.0,95.60527038574219,0.4249575138092041,0.14035885283514427,-1.503137366753959,0.14319270682299765,-1.6654847722294432,0.13054386612616448,-0.9104826141470788
3,0.35,111.0,Sobol2,0.001,5.0,200.0,7.15692138671875,24.699190378189087,0.01745470216766786,0.979913828713837,0.021042731656013346,0.9613539289102774,0.018934555558933332,0.9530269958382728
