,ratio,rndint,dataset,learning_rate,batchsize,epochs,loss,time,mape,r2,mape_test,r2_test,mape_interpolation,r2_interpolation
0,0.95,791.0,Grid1296,0.001,5.0,200.0,5.445300102233887,42.77671694755554,0.01785797322755177,0.8532590465266288,0.011168191149240352,0.9729072944553199,0.04306094408825496,0.571366799666361
1,0.95,791.0,Grid2401,0.001,6.0,200.0,9.05012035369873,56.277785778045654,0.01714731988263985,0.8292868222782779,0.015016359141632197,0.9197847624414812,0.05471237402132128,-1.0751159246310413
2,0.95,791.0,Sobol1,0.001,7.0,200.0,11.224766731262207,55.992202281951904,0.013332750285617137,0.9851278841219405,0.012395863376114796,0.9911634335959579,0.019123201862283244,0.9558335535876846
3,0.95,791.0,Sobol2,0.001,6.0,200.0,8.557510375976562,54.34889268875122,0.016422173557652898,0.9730080293349859,0.016293806671485615,0.9604067196581816,0.017074341778970055,0.9560847770938165
