,ratio,rndint,dataset,learning_rate,batchsize,epochs,loss,time,mape,r2,mape_test,r2_test,mape_interpolation,r2_interpolation
0,0.95,180.0,Grid1296,0.001,5.0,200.0,16.831493377685547,43.155412435531616,0.034585713342510656,0.48631218087098926,0.056709154961447635,-1.0713601357924123,0.05802322232411683,-0.3746975801161303
1,0.95,180.0,Grid2401,0.001,6.0,200.0,4.903727054595947,56.926448583602905,0.01519450473753692,0.85090884630394,0.011295682572234747,0.9669293252080313,0.04967867645805029,-0.6098667178164459
2,0.95,180.0,Sobol1,0.001,7.0,200.0,6.8974480628967285,56.49498438835144,0.013963267291777421,0.9841776543716805,0.01715575290516512,0.983977133749832,0.016760477160387404,0.9620755728316469
3,0.95,180.0,Sobol2,0.001,6.0,200.0,6.96185302734375,54.83343720436096,0.01807310819056881,0.9733517411788797,0.02277670928766711,0.9815567047619087,0.015879859572748133,0.9632755523712839
