,ratio,rndint,dataset,learning_rate,batchsize,epochs,loss,time,mape,r2,mape_test,r2_test,mape_interpolation,r2_interpolation
0,0.1,147.0,Grid1296,0.001,37.0,200.0,40.69829559326172,0.8443887233734131,0.05499717471286403,-0.2851689618995419,0.052521708893785705,-0.46366927269388003,0.07420285791581598,-1.981027549392874
1,0.1,147.0,Grid2401,0.001,8.0,200.0,21.063186645507812,4.614257097244263,0.03994915391844964,0.004157792873928923,0.04598462032988616,-0.17445893918380384,0.07638990869069394,-4.508073479465994
2,0.1,147.0,Sobol1,0.001,5.0,200.0,100.67559051513672,8.527617454528809,0.09497753526746061,-0.010045095930651726,0.09425812302777771,-0.12142565106232706,0.08768208003808417,0.03877862117375164
3,0.1,147.0,Sobol2,0.001,5.0,200.0,75.12321472167969,7.0286781787872314,0.08967930246794734,0.00531806250782596,0.09368877819943544,-0.05321068216449576,0.08207505648393751,0.18329365892978122
