,ratio,rndint,dataset,learning_rate,batchsize,epochs,loss,time,mape,r2,mape_test,r2_test,mape_interpolation,r2_interpolation
0,0.45,582.0,Grid1296,0.001,251.0,200.0,44.5843391418457,0.6694409847259521,0.059068915394708175,-0.7285514650492888,0.0591119655135972,-0.7889123548815788,0.08337669201957276,-2.4346597172613365
1,0.45,582.0,Grid2401,0.001,13.0,200.0,18.806560516357422,12.622296571731567,0.019334382244064214,0.824759465641761,0.019015607374651935,0.7924605833066127,0.058301329700837214,-1.261075028252506
2,0.45,582.0,Sobol1,0.001,11.0,200.0,14.986499786376953,16.893394470214844,0.019402584519578596,0.9715479100637232,0.01740752302126655,0.9758117482282866,0.019977899168960787,0.9514599724766475
3,0.45,582.0,Sobol2,0.001,191.0,200.0,61.23482131958008,1.2816319465637207,0.08970875837445716,-2.7674220789800126,0.09571287779547356,-2.4349584745422916,0.07372059379364188,-1.1083426753516985
