,ratio,rndint,dataset,learning_rate,batchsize,epochs,loss,time,mape,r2,mape_test,r2_test,mape_interpolation,r2_interpolation
0,0.05,237.0,Grid1296,0.001,5.0,200.0,14.376025199890137,2.3230605125427246,0.04804667345704618,0.20390850523310255,0.055614765920727345,-0.12339476901411506,0.07715510698909779,-1.183740008033268
1,0.05,237.0,Grid2401,0.001,8.0,200.0,32.89710235595703,2.3376777172088623,0.040527117751510015,-0.005524546103349515,0.04383305764781358,0.13408853238901997,0.07576378586985587,-3.7528964098250057
2,0.05,237.0,Sobol1,0.001,5.0,200.0,18.338720321655273,4.217083215713501,0.08026622327520679,-0.5364061355539553,0.08728213224025456,-1.0340902905054894,0.07531396006494924,-0.46044048935419224
3,0.05,237.0,Sobol2,0.001,5.0,200.0,88.07344055175781,3.595708131790161,0.07899928302588195,-1.144981161234592,0.0949541698114252,-2.7122729119698676,0.07521338881456466,-1.1527044509965974
