,ratio,rndint,dataset,learning_rate,batchsize,epochs,loss,time,mape,r2,mape_test,r2_test,mape_interpolation,r2_interpolation
0,0.25,731.0,Grid1296,0.001,9.0,200.0,26.14263153076172,6.3716206550598145,0.055004423402520874,-0.29740518413353567,0.0527257908095034,-0.3745357983178712,0.07778730367550431,-1.705368961477892
1,0.25,731.0,Grid2401,0.001,5.0,200.0,7.322607517242432,18.04336380958557,0.01892968821080046,0.8327525652449487,0.01882980581345845,0.8113625771956874,0.05873441047296539,-1.3537991497853281
2,0.25,731.0,Sobol1,0.001,167.0,200.0,56.60541534423828,0.9417476654052734,0.08346799230879802,-3.2305114964861508,0.09206509876946253,-4.475005441801762,0.07320133570814809,-2.340822541936001
3,0.25,731.0,Sobol2,0.001,5.0,200.0,30.031591415405273,17.391091346740723,0.08698565003536286,-0.39237344466189117,0.09063243493259744,-0.3316430991704764,0.07511922340884705,0.12483826445695723
