,ratio,rndint,dataset,learning_rate,batchsize,epochs,loss,time,mape,r2,mape_test,r2_test,mape_interpolation,r2_interpolation
0,0.15,111.0,Grid1296,0.001,167.0,200.0,72.38977813720703,0.30955982208251953,0.10801038713819319,-0.24170990546106075,0.10159430355419484,-0.2689636383376428,0.12853348196458408,-0.9029434995837109
1,0.15,111.0,Grid2401,0.001,6.0,200.0,17.495248794555664,9.073167085647583,0.04203519461231377,0.17041463392992007,0.04908514903829557,0.0128405810200386,0.07562133090720691,-3.0921412939455317
2,0.15,111.0,Sobol1,0.001,5.0,200.0,34.245460510253906,12.305707931518555,0.08261994659024607,-0.9373448229805414,0.0846707876869244,-0.8931906852587708,0.07339185006375192,-0.38643661025207177
3,0.15,111.0,Sobol2,0.001,5.0,200.0,17.698755264282227,10.451347589492798,0.08303753921033295,-0.1864836875792888,0.09559573549139182,-0.5213429585782616,0.08078232810834597,-0.08923414724156986
