,ratio,rndint,dataset,learning_rate,batchsize,epochs,loss,time,mape,r2,mape_test,r2_test,mape_interpolation,r2_interpolation
0,0.4,554.0,Grid1296,0.001,223.0,200.0,40.8018684387207,0.6428012847900391,0.05731977251235215,-0.8168830047301663,0.055296241202955725,-0.34485891191105367,0.07978022732310527,-2.069436945375354
1,0.4,554.0,Grid2401,0.001,5.0,200.0,5.17193603515625,28.803938627243042,0.026320007299338116,0.7162959464585807,0.023435717608943994,0.8114302197186772,0.06186716813138087,-1.4919841705898174
2,0.4,554.0,Sobol1,0.001,401.0,200.0,64.7222671508789,0.7200660705566406,0.0926329175885528,-4.344023161705922,0.09407614013137834,-4.256822679054575,0.07582282285027107,-2.4137620927197148
3,0.4,554.0,Sobol2,0.001,5.0,200.0,70.45042419433594,27.801294565200806,0.09383192031386012,-0.771492432362541,0.09239762571490859,-0.9058570630514406,0.07847580217013124,-0.26067104448002554
