,ratio,rndint,dataset,learning_rate,batchsize,epochs,loss,time,mape,r2,mape_test,r2_test,mape_interpolation,r2_interpolation
0,0.55,996.0,Grid1296,0.001,613.0,200.0,73.14935302734375,0.4080698490142822,0.1084937188701926,-0.18363262341618647,0.10819675367837217,-0.1801602524438699,0.13351367402946382,-0.7208328402231619
1,0.55,996.0,Grid2401,0.001,17.0,200.0,19.58655548095703,11.804208040237427,0.01796267199485951,0.8287371436520301,0.01888174999250393,0.8129295261441997,0.0585163106372026,-1.2787699957801064
2,0.55,996.0,Sobol1,0.001,19.0,200.0,46.77336883544922,12.046439409255981,0.07635383035267135,-0.26473000568131466,0.08298571194360038,-0.4176278634779469,0.06989624257790406,-0.0703109799602426
3,0.55,996.0,Sobol2,0.001,5.0,200.0,13.212475776672363,38.44017839431763,0.02092608345890067,0.9663882942251246,0.01994029509369584,0.9660412958352003,0.018230186833066278,0.9540365451867967
