,ratio,rndint,dataset,learning_rate,batchsize,epochs,loss,time,mape,r2,mape_test,r2_test,mape_interpolation,r2_interpolation
0,0.65,249.0,Grid1296,0.001,5.0,200.0,55.30024337768555,29.607598066329956,0.05623150053237292,-0.17443416861817984,0.05604237842643505,-0.24416476343049753,0.0826590559819658,-1.3079945224513527
1,0.65,249.0,Grid2401,0.001,5.0,200.0,14.436633110046387,46.79834723472595,0.04194718782019729,0.29241576082349374,0.0418275642355299,0.34193909982681214,0.07369662435543817,-3.0450751866401555
2,0.65,249.0,Sobol1,0.001,1303.0,200.0,101.42850494384766,0.5579595565795898,0.15758949290964094,-1.4406988265625582,0.16473013954247054,-1.4223025556606226,0.15323147907157372,-0.9179187900491947
3,0.65,249.0,Sobol2,0.001,5.0,200.0,5.276709079742432,45.13399147987366,0.017023709345039165,0.9746559296318451,0.01779845693008639,0.9705764405344499,0.015371282162191215,0.9620135772344748
