,ratio,rndint,dataset,learning_rate,batchsize,epochs,loss,time,mape,r2,mape_test,r2_test,mape_interpolation,r2_interpolation
0,0.4,582.0,Grid1296,0.001,223.0,200.0,46.94648361206055,0.6564426422119141,0.06366955022967069,-0.6951529204708713,0.06166568862427763,-0.4793225173936593,0.08680298473207541,-2.0021391955510737
1,0.4,582.0,Grid2401,0.001,5.0,200.0,7.62890625,28.82814884185791,0.020213454318871955,0.8357999219692418,0.021307694341180936,0.8044396834745929,0.060284445035301885,-1.1971902779711354
2,0.4,582.0,Sobol1,0.001,401.0,200.0,73.39823150634766,0.735450029373169,0.10221948292830117,-5.501855142564379,0.09686243403081288,-4.660827862801738,0.08111846982828408,-2.8910028393715845
3,0.4,582.0,Sobol2,0.001,5.0,200.0,49.08905029296875,27.85969877243042,0.08865756489968012,-0.9564959526394097,0.09182249720781303,-0.8776166335057101,0.07460421642652369,-0.2540484858998153
