,ratio,rndint,dataset,learning_rate,batchsize,epochs,loss,time,mape,r2,mape_test,r2_test,mape_interpolation,r2_interpolation
0,0.35,721.0,Grid1296,0.001,5.0,200.0,68.91352844238281,16.107999324798584,0.05316626301875782,-0.319350068960222,0.0520942376393191,-0.18745596247642538,0.0766417407852149,-1.5172115085814188
1,0.35,721.0,Grid2401,0.001,617.0,200.0,77.15460968017578,0.4125392436981201,0.1132726581888429,0.10179016349502368,0.11264810994854997,0.14703480678383207,0.13012617033005366,-0.9487559259348108
2,0.35,721.0,Sobol1,0.001,701.0,200.0,90.01028442382812,0.4295992851257324,0.13070046349147957,-1.8892466428116137,0.1380708209881302,-2.084377747830617,0.1225032713203634,-1.164162680262863
3,0.35,721.0,Sobol2,0.001,5.0,200.0,24.745330810546875,24.82565450668335,0.042125432553459546,0.8683054553652441,0.041092504781501504,0.8767597411218869,0.03380509772850726,0.8862644060406007
