,ratio,rndint,dataset,learning_rate,batchsize,epochs,loss,time,mape,r2,mape_test,r2_test,mape_interpolation,r2_interpolation
0,0.05,669.0,Grid1296,0.001,5.0,200.0,14.76849365234375,2.3391504287719727,0.05521710205050405,-1.357698119347532,0.056080030019832305,-0.39472354505723417,0.08165556343172795,-1.694181436841606
1,0.05,669.0,Grid2401,0.001,8.0,200.0,25.074066162109375,2.3706629276275635,0.04221019787873141,0.043250806328365976,0.04439160052921921,0.29573254790270076,0.07778057471990783,-3.209503249428641
2,0.05,669.0,Sobol1,0.001,5.0,200.0,34.1055793762207,4.277404546737671,0.06633719039889263,-0.051347350872261055,0.09277323015008829,-0.7374283804025528,0.07887696303651649,-0.2020208796166223
3,0.05,669.0,Sobol2,0.001,5.0,200.0,77.92523956298828,3.650801658630371,0.08153298794008564,-0.5946062341316911,0.0950900065505513,-1.0059098340526371,0.0773288510547102,-0.21819904382638877
