,ratio,rndint,dataset,learning_rate,batchsize,epochs,loss,time,mape,r2,mape_test,r2_test,mape_interpolation,r2_interpolation
0,0.55,297.0,Grid1296,0.001,613.0,200.0,74.40499877929688,0.4046602249145508,0.11185279327501257,-0.11742157546670806,0.11304993560831424,-0.1987665418974427,0.13790182909523205,-0.663811624672908
1,0.55,297.0,Grid2401,0.001,17.0,200.0,11.13768482208252,11.635958671569824,0.01966149830898864,0.842781166032451,0.020679999759273586,0.7853617856273318,0.05991592048674265,-1.302393596838559
2,0.55,297.0,Sobol1,0.001,19.0,200.0,10.716036796569824,11.878176927566528,0.016343023896200008,0.9819485845644284,0.01823174067847535,0.9775216381436105,0.020006459602405012,0.9563732672651495
3,0.55,297.0,Sobol2,0.001,5.0,200.0,16.767847061157227,38.013428688049316,0.02579910281476564,0.9686734770532317,0.02467875491265971,0.961346760978318,0.027787037899832445,0.9333662475218186
