,ratio,rndint,dataset,learning_rate,batchsize,epochs,loss,time,mape,r2,mape_test,r2_test,mape_interpolation,r2_interpolation
0,0.15,725.0,Grid1296,0.001,167.0,200.0,72.17951202392578,0.32433342933654785,0.10770338864455328,-0.19553258604884483,0.11565563062363272,-0.21894310791952298,0.139352595193476,-0.7140680474916559
1,0.15,725.0,Grid2401,0.001,6.0,200.0,44.9927864074707,9.310656070709229,0.03772515144500242,0.43286376161781837,0.03937812538740492,0.34307283863111604,0.07301218171442028,-3.6230595444861313
2,0.15,725.0,Sobol1,0.001,5.0,200.0,58.72283172607422,12.708430528640747,0.08253061911486556,-1.16736880703608,0.08718172049190599,-1.3411413350227437,0.07540536804894941,-0.7308395305157418
3,0.15,725.0,Sobol2,0.001,5.0,200.0,43.505577087402344,10.775579452514648,0.0973231393076159,-0.46657817329516327,0.10233905587237664,-0.798264972377076,0.0884061995607115,-0.2802377081705516
