,ratio,rndint,dataset,learning_rate,batchsize,epochs,loss,time,mape,r2,mape_test,r2_test,mape_interpolation,r2_interpolation
0,0.75,986.0,Grid1296,0.001,9.0,200.0,29.41119384765625,18.869389295578003,0.05025719553893613,-0.13600361370114133,0.05408708533939128,-0.0824322913001092,0.07496499712171657,-1.3151896193831845
1,0.75,986.0,Grid2401,0.001,661.0,200.0,31.17353630065918,0.8265433311462402,0.04537282933091891,0.40403002959817147,0.04536047005074275,0.3778824010435745,0.08059227309789277,-2.7946901724571087
2,0.75,986.0,Sobol1,0.001,9.0,200.0,57.52023696899414,33.95873427391052,0.07685570653185306,-0.6359091020316336,0.07099666767044249,-0.49540206319748337,0.06214142745759062,-0.03568718938920323
3,0.75,986.0,Sobol2,0.001,5.0,200.0,91.93684387207031,51.84413743019104,0.09201553031469924,-0.6856459873676646,0.09406557406195899,-0.8901543566474246,0.07547633200682202,-0.07456957411643561
