,ratio,rndint,dataset,learning_rate,batchsize,epochs,loss,time,mape,r2,mape_test,r2_test,mape_interpolation,r2_interpolation
0,0.5,816.0,Grid1296,0.001,6.0,200.0,13.60150146484375,18.980751514434814,0.037207562846956706,0.547550199536387,0.04557465554308368,0.217003122930442,0.06977842099847825,-0.35058503728684065
1,0.5,816.0,Grid2401,0.001,881.0,200.0,82.45374298095703,0.4697303771972656,0.12166712912681768,0.1895639898734479,0.12117342136807308,0.17445606902091537,0.13758863679277955,-0.7337333859435828
2,0.5,816.0,Sobol1,0.001,6.0,200.0,5.180338382720947,34.157538175582886,0.015101646551384823,0.9833208497319644,0.015783193789752775,0.9806914547690584,0.01786809033788668,0.95919471863903
3,0.5,816.0,Sobol2,0.001,5.0,200.0,9.819787979125977,34.72998309135437,0.018618172755999453,0.9750190671128213,0.020072623016415197,0.9630288637543262,0.018052233618865283,0.9557440184390967
