,ratio,rndint,dataset,learning_rate,batchsize,epochs,loss,time,mape,r2,mape_test,r2_test,mape_interpolation,r2_interpolation
0,0.7,951.0,Grid1296,0.001,11.0,200.0,50.95158386230469,14.732460737228394,0.050349356702825254,-0.27559817982172286,0.05452654788517695,-0.6861901954426175,0.07463598117233404,-1.8345372596677736
1,0.7,951.0,Grid2401,0.001,617.0,200.0,29.592344284057617,0.8129456043243408,0.04279162471362379,0.41909105682249004,0.04759255179077335,0.33273595364421116,0.07932066272646854,-2.8802513456065357
2,0.7,951.0,Sobol1,0.001,23.0,200.0,44.611698150634766,13.306040287017822,0.08218496246502763,-0.7724821708620009,0.09275170536670477,-1.2816174703842842,0.07409628517945227,-0.4178079892604618
3,0.7,951.0,Sobol2,0.001,29.0,200.0,52.919654846191406,11.27415680885315,0.0876866156915551,-0.6061281057196866,0.08507848125796007,-0.5815062321851074,0.07033440554472979,0.03642711350633554
