,ratio,rndint,dataset,learning_rate,batchsize,epochs,loss,time,mape,r2,mape_test,r2_test,mape_interpolation,r2_interpolation
0,0.5,928.0,Grid1296,0.001,6.0,200.0,35.43290328979492,19.124223232269287,0.04586654286929548,0.08361860145916633,0.05203034441835927,-0.13678926078171671,0.07189421557156588,-1.2138928809532716
1,0.5,928.0,Grid2401,0.001,881.0,200.0,76.5327377319336,0.47153544425964355,0.11494552964063132,0.1548090773956784,0.11424132880867297,0.10534296287861433,0.13027608265540264,-0.8785008962895446
2,0.5,928.0,Sobol1,0.001,6.0,200.0,13.82103443145752,34.30948257446289,0.015627222729266303,0.9824038623729524,0.015377113359368965,0.984928760828863,0.018434486678592776,0.9612771063177223
3,0.5,928.0,Sobol2,0.001,5.0,200.0,4.845434665679932,34.96973013877869,0.02204832238991686,0.9638187482215873,0.02149288723346124,0.9658154704446049,0.02157433303952549,0.9458231163139177
