,ratio,rndint,dataset,learning_rate,batchsize,epochs,loss,time,mape,r2,mape_test,r2_test,mape_interpolation,r2_interpolation
0,0.15,75.0,Grid1296,0.001,167.0,200.0,67.06849670410156,0.3160562515258789,0.09774112514875961,-0.31783274195971933,0.09777886270613752,-0.37379725931750896,0.12285926080607733,-1.0575203735999579
1,0.15,75.0,Grid2401,0.001,6.0,200.0,22.450164794921875,9.505906105041504,0.04135647677505282,0.42953669013658125,0.04124410445403553,0.4706692336668512,0.07423502743337118,-2.5723254287786883
2,0.15,75.0,Sobol1,0.001,5.0,200.0,58.2332763671875,12.578072309494019,0.09238213233608886,-0.4364111056203468,0.08829578141306728,-0.47358339817140505,0.07824449633905489,-0.09358212743344008
3,0.15,75.0,Sobol2,0.001,5.0,200.0,38.7216682434082,10.70960521697998,0.08637958600649111,-0.8657977548059759,0.08890098932499933,-0.7543453541677014,0.07482148461066063,-0.28265526040270395
