,ratio,rndint,dataset,learning_rate,batchsize,epochs,loss,time,mape,r2,mape_test,r2_test,mape_interpolation,r2_interpolation
0,0.85,588.0,Grid1296,0.001,6.0,200.0,14.39970874786377,32.46520280838013,0.04410395606560323,0.351865397295406,0.039597441652084,0.61122819510426,0.07178477310065338,-0.3649438013759858
1,0.85,588.0,Grid2401,0.001,7.0,200.0,29.394365310668945,45.27592921257019,0.017458255500683455,0.81801052007893,0.016860437194237087,0.8634153843721692,0.05893777081461924,-1.32939779935109
2,0.85,588.0,Sobol1,0.001,6.0,200.0,9.5965576171875,58.50377321243286,0.014137751596452308,0.9854340404376077,0.017185589186185277,0.9725021703500779,0.016545589914361326,0.9617472664183154
3,0.85,588.0,Sobol2,0.001,19.0,200.0,34.3361701965332,15.830488681793213,0.045759181644082006,0.8452021503938485,0.041127300145330184,0.8658535618591157,0.0424412286644244,0.7922168538744662
