,ratio,rndint,dataset,learning_rate,batchsize,epochs,loss,time,mape,r2,mape_test,r2_test,mape_interpolation,r2_interpolation
0,0.65,928.0,Grid1296,0.001,5.0,200.0,42.2657470703125,29.79335927963257,0.04817385407019446,-0.04511301692146463,0.05843609095050598,-0.40404255186250904,0.07461085167163524,-1.4137343207373512
1,0.65,928.0,Grid2401,0.001,5.0,200.0,10.761096000671387,47.139875173568726,0.01877197439543587,0.8161191233636127,0.018379785986719088,0.8508907539807014,0.05845579093823615,-1.0267649981754765
2,0.65,928.0,Sobol1,0.001,1303.0,200.0,101.81962585449219,0.5594136714935303,0.15999502342563018,-1.0236861224601101,0.16058934238337227,-1.0781689850461689,0.15417340763498624,-0.6253594902794359
3,0.65,928.0,Sobol2,0.001,5.0,200.0,4.303076267242432,45.39904308319092,0.014368249607418762,0.9790261078200589,0.015381164302618686,0.9768430151650722,0.016223565094092385,0.9608258604151344
