,ratio,rndint,dataset,learning_rate,batchsize,epochs,loss,time,mape,r2,mape_test,r2_test,mape_interpolation,r2_interpolation
0,0.85,48.0,Grid1296,0.001,6.0,200.0,12.8702392578125,31.954368114471436,0.04232878586088222,0.18705074920883602,0.04532577276651634,0.26116565866051455,0.06965912431156339,-0.8052284946409491
1,0.85,48.0,Grid2401,0.001,7.0,200.0,25.64236831665039,44.08610200881958,0.019935038663485883,0.8200731262985178,0.022226414894669328,0.7086927410776654,0.05916926864224597,-1.2544727454885685
2,0.85,48.0,Sobol1,0.001,6.0,200.0,6.716074466705322,57.47233247756958,0.01300245238990971,0.9885454061891715,0.013768857829394614,0.9842695407701093,0.019461249860679448,0.9571055923253422
3,0.85,48.0,Sobol2,0.001,19.0,200.0,9.137622833251953,15.609971046447754,0.019898428277100397,0.9717546111698472,0.023725526136691877,0.9719539621746794,0.018300119612215254,0.9601422485306911
