,ratio,rndint,dataset,learning_rate,batchsize,epochs,loss,time,mape,r2,mape_test,r2_test,mape_interpolation,r2_interpolation
0,0.25,530.0,Grid1296,0.001,9.0,200.0,32.68382263183594,6.634793758392334,0.05022459459255932,-0.19561262578996153,0.05223100134893852,-0.4683730075449051,0.07287258159160474,-1.8395327027018196
1,0.25,530.0,Grid2401,0.001,5.0,200.0,7.25836181640625,18.790308237075806,0.020102472581645037,0.8374369130399133,0.020412061163344004,0.8212019957725116,0.05930887739416852,-1.0236756848286408
2,0.25,530.0,Sobol1,0.001,167.0,200.0,74.7717056274414,0.9644684791564941,0.09349788234977595,-3.9219199457700187,0.08637658937652493,-3.1447368207422457,0.0726583794236369,-1.8677045100044638
3,0.25,530.0,Sobol2,0.001,5.0,200.0,61.835426330566406,18.228164196014404,0.09406134364219104,-0.9853017113855527,0.09291808640518061,-0.8080245954494696,0.07875123311237953,-0.2799630192109721
