,ratio,rndint,dataset,learning_rate,batchsize,epochs,loss,time,mape,r2,mape_test,r2_test,mape_interpolation,r2_interpolation
0,0.2,633.0,Grid1296,0.001,223.0,200.0,67.3179931640625,0.33512306213378906,0.10227600627642942,-0.4051553493043547,0.10252391238315747,-0.30464268427779406,0.1284741398091734,-0.975455748952303
1,0.2,633.0,Grid2401,0.001,8.0,200.0,29.908958435058594,9.399939775466919,0.04073559136019676,0.43570319658798173,0.0398387006984237,0.48324192272112965,0.07180495909861342,-2.4497064938892916
2,0.2,633.0,Sobol1,0.001,401.0,200.0,95.81555938720703,0.37790822982788086,0.1395322512392189,-1.7156416971920794,0.1308547436514336,-1.676368432038648,0.11963552430937664,-0.9149436745935671
3,0.2,633.0,Sobol2,0.001,5.0,200.0,32.74699783325195,14.486474752426147,0.08503146893866403,-0.0763129959981299,0.0985080596755539,-0.5164137781215896,0.08301002141692261,-0.03585313155536585
