,ratio,rndint,dataset,learning_rate,batchsize,epochs,loss,time,mape,r2,mape_test,r2_test,mape_interpolation,r2_interpolation
0,0.65,593.0,Grid1296,0.001,5.0,200.0,22.087427139282227,29.25957489013672,0.034994608022057255,0.5366931910677095,0.03973832105235483,0.45959355326995655,0.06507522534020896,-0.1944294742635866
1,0.65,593.0,Grid2401,0.001,5.0,200.0,30.634937286376953,46.27363324165344,0.01108102225688261,0.8916354655850814,0.01340289429296141,0.8128556626271403,0.050872114005504704,-0.7598836413703991
2,0.65,593.0,Sobol1,0.001,1303.0,200.0,98.96028137207031,0.559011697769165,0.14782099188711506,-1.3028468707556433,0.14955435404197095,-1.3939673747186854,0.1386753815146021,-0.7562341608364229
3,0.65,593.0,Sobol2,0.001,5.0,200.0,12.975140571594238,44.691139459609985,0.01844607532502539,0.9717885234188117,0.019591353639123316,0.9733282206516924,0.01689993885198919,0.9613265921512073
