,ratio,rndint,dataset,learning_rate,batchsize,epochs,loss,time,mape,r2,mape_test,r2_test,mape_interpolation,r2_interpolation
0,0.8,297.0,Grid1296,0.001,223.0,200.0,38.828704833984375,1.276885747909546,0.05230965544915856,-0.4278785477622846,0.050391758776210376,-0.3289049789596563,0.07553659266593611,-1.9289768651920252
1,0.8,297.0,Grid2401,0.001,5.0,200.0,8.77752685546875,57.487611293792725,0.016097183480400866,0.8471163804175692,0.014806590159819503,0.8972797875347863,0.053173768698946765,-0.6991094633079062
2,0.8,297.0,Sobol1,0.001,401.0,200.0,60.68198013305664,1.4422025680541992,0.0877664752923395,-1.9051375839336937,0.08201640111375633,-1.638116507535036,0.07351643156537462,-0.9965205473710548
3,0.8,297.0,Sobol2,0.001,5.0,200.0,15.581335067749023,55.31856107711792,0.01807443847293304,0.9789098516346085,0.017921268646629844,0.9810589933273838,0.01626012110012533,0.9666384193243577
