,ratio,rndint,dataset,learning_rate,batchsize,epochs,loss,time,mape,r2,mape_test,r2_test,mape_interpolation,r2_interpolation
0,0.8,999.0,Grid1296,0.001,223.0,200.0,32.85318374633789,1.2799491882324219,0.05202622205951504,-0.3419611136816698,0.05378269133316808,-0.7223565704164348,0.07632760800509704,-1.9368141460084196
1,0.8,999.0,Grid2401,0.001,5.0,200.0,10.497632026672363,56.992006063461304,0.013325847356244275,0.8636604188102912,0.01268385952108403,0.8833527230828833,0.051555400553474025,-0.719271058386604
2,0.8,999.0,Sobol1,0.001,401.0,200.0,62.785888671875,1.4364564418792725,0.08824242814146459,-2.3539349844271054,0.08214981783578451,-2.1836108977529443,0.07308348662688167,-1.280096458927293
3,0.8,999.0,Sobol2,0.001,5.0,200.0,6.60858154296875,55.035892963409424,0.017296746428810513,0.9758731842983905,0.01559991786492337,0.9844379136224474,0.017602682690067123,0.9590378837049957
