,ratio,rndint,dataset,learning_rate,batchsize,epochs,loss,time,mape,r2,mape_test,r2_test,mape_interpolation,r2_interpolation
0,0.45,968.0,Grid1296,0.001,251.0,200.0,44.307525634765625,0.6587438583374023,0.0664639764083475,-1.0951337577656015,0.05728929715303036,-0.4629906927860421,0.08532038878562263,-2.374538070440167
1,0.45,968.0,Grid2401,0.001,13.0,200.0,17.564945220947266,12.594324111938477,0.022316212485334753,0.8002116000659716,0.025085382762026955,0.7012411124509348,0.06272012584833891,-2.109536177312444
2,0.45,968.0,Sobol1,0.001,11.0,200.0,55.503089904785156,16.864189386367798,0.0835645808571893,-0.42570315503728584,0.08504603815233049,-0.6692663600097395,0.07203895710269083,-0.10508672440669553
3,0.45,968.0,Sobol2,0.001,191.0,200.0,56.85393142700195,1.262909173965454,0.09285283207528247,-2.9495851167904568,0.09309423271179905,-2.5207501744520315,0.07419847603475738,-1.2197246528720216
