,ratio,rndint,dataset,learning_rate,batchsize,epochs,loss,time,mape,r2,mape_test,r2_test,mape_interpolation,r2_interpolation
0,0.55,634.0,Grid1296,0.001,613.0,200.0,69.63392639160156,0.41041994094848633,0.10171257691877222,-0.622873766385436,0.09778469863421345,-0.17842775516795917,0.12601622282041794,-1.1366450989777745
1,0.55,634.0,Grid2401,0.001,17.0,200.0,17.291845321655273,11.617599248886108,0.01704236138893781,0.843121617312017,0.019568634169440987,0.7871500675334925,0.0583713531543987,-1.2897980696383797
2,0.55,634.0,Sobol1,0.001,19.0,200.0,52.101356506347656,11.876580715179443,0.07178611076982314,-0.3667882414491379,0.08155927491427092,-0.6985852143357769,0.06324261817945617,-0.017140241244806953
3,0.55,634.0,Sobol2,0.001,5.0,200.0,4.343274116516113,37.716370582580566,0.017289177807940433,0.9762889019544904,0.022344071688619942,0.9620209804560463,0.017911771222576603,0.954730603624526
