,ratio,rndint,dataset,learning_rate,batchsize,epochs,loss,time,mape,r2,mape_test,r2_test,mape_interpolation,r2_interpolation
0,0.6,561.0,Grid1296,0.001,223.0,200.0,33.20551300048828,0.9615123271942139,0.05333743334403874,-0.7169198477311076,0.05121576230760496,-0.36894737955222157,0.0770163680664765,-2.235665067684201
1,0.6,561.0,Grid2401,0.001,7.0,200.0,12.282052040100098,31.75139880180359,0.019122943497044534,0.8171240350196518,0.0210750067340521,0.7667726936002877,0.05950004846138744,-1.4850173936433264
2,0.6,561.0,Sobol1,0.001,401.0,200.0,65.52189636230469,1.0864346027374268,0.08834865544875853,-3.752208008646889,0.08838571709574612,-3.5700615261301474,0.0725708001362128,-2.081000630521314
3,0.6,561.0,Sobol2,0.001,5.0,200.0,23.001026153564453,41.45545148849487,0.04154772270615574,0.8415766156229005,0.03941402964118556,0.846482821893547,0.03287852648151616,0.868062365249747
