,ratio,rndint,dataset,learning_rate,batchsize,epochs,loss,time,mape,r2,mape_test,r2_test,mape_interpolation,r2_interpolation
0,0.4,530.0,Grid1296,0.001,223.0,200.0,44.76691436767578,0.647503137588501,0.06871146764874982,-0.46167386164819324,0.06942880237322173,-0.6541530172653618,0.09381234346779016,-1.8805668756275011
1,0.4,530.0,Grid2401,0.001,5.0,200.0,8.019238471984863,29.15498924255371,0.020810775847009005,0.8224371640195082,0.021363077242956736,0.8206333243757284,0.06023044913853556,-1.1123685250369553
2,0.4,530.0,Sobol1,0.001,401.0,200.0,73.91334533691406,0.7336657047271729,0.09981632775564715,-4.270369560379385,0.09738354273754798,-3.7660292289815436,0.0809220378584765,-2.2210730044944187
3,0.4,530.0,Sobol2,0.001,5.0,200.0,4.6551513671875,28.462958812713623,0.021443260984989852,0.9720130195334022,0.020580264401694328,0.9674729777145122,0.018279465384572893,0.9579443298382305
