,ratio,rndint,dataset,learning_rate,batchsize,epochs,loss,time,mape,r2,mape_test,r2_test,mape_interpolation,r2_interpolation
0,0.5,669.0,Grid1296,0.001,6.0,200.0,13.00640869140625,19.236403465270996,0.03554555964257461,0.2907076997764019,0.0399622984597794,0.350143597553325,0.06543519415417107,-0.5927513133484814
1,0.5,669.0,Grid2401,0.001,881.0,200.0,77.76815032958984,0.46699976921081543,0.11502932025157048,0.2085328378032506,0.11318360100345023,0.21543351839314961,0.13155187330433948,-0.769411187978865
2,0.5,669.0,Sobol1,0.001,6.0,200.0,12.932952880859375,34.81710767745972,0.015418607713915828,0.9828482943432936,0.017214627787290042,0.9772205965478589,0.017367922312445393,0.9611393395014385
3,0.5,669.0,Sobol2,0.001,5.0,200.0,8.587780952453613,35.18618988990784,0.02694352583216609,0.9569185238480422,0.027072704241554085,0.9595971328012329,0.02919718685867754,0.9271761267567667
