,ratio,rndint,dataset,learning_rate,batchsize,epochs,loss,time,mape,r2,mape_test,r2_test,mape_interpolation,r2_interpolation
0,0.2,725.0,Grid1296,0.001,223.0,200.0,73.91895294189453,0.33775949478149414,0.1069559839264148,-0.21796173053174495,0.10877375994121294,-0.16617532477149233,0.1334573359688183,-0.694131896991401
1,0.2,725.0,Grid2401,0.001,8.0,200.0,12.271751403808594,9.34021258354187,0.02082269784142019,0.7922115099187894,0.0197002800158876,0.8130746690720363,0.059042501454913555,-1.4572863425990041
2,0.2,725.0,Sobol1,0.001,401.0,200.0,95.24781799316406,0.3789198398590088,0.14768771649622614,-1.3512810535514563,0.15532349025842515,-1.3541222738160537,0.14550008640601486,-0.8130614546649859
3,0.2,725.0,Sobol2,0.001,5.0,200.0,38.5526237487793,14.367460250854492,0.09018029099459578,-0.4552930634314927,0.09976693437572726,-0.8392933991143321,0.08274094805898874,-0.17856775241946488
