,ratio,rndint,dataset,learning_rate,batchsize,epochs,loss,time,mape,r2,mape_test,r2_test,mape_interpolation,r2_interpolation
0,0.2,111.0,Grid1296,0.001,223.0,200.0,59.428470611572266,0.321077823638916,0.08675952518945844,-0.4990690649456493,0.08562304341632138,-0.5503171202529651,0.11143576214191082,-1.5034211425204753
1,0.2,111.0,Grid2401,0.001,8.0,200.0,19.071533203125,9.034612894058228,0.04376052050410477,-0.011968600187821865,0.050572673373621785,-0.21534905525766934,0.07743483773572642,-3.770685015469687
2,0.2,111.0,Sobol1,0.001,401.0,200.0,96.75099182128906,0.36185526847839355,0.14213077424852913,-1.3301972953957413,0.14662665595050964,-1.4275501049487498,0.13534812979546282,-0.795774814394675
3,0.2,111.0,Sobol2,0.001,5.0,200.0,27.184314727783203,14.050585269927979,0.0833133192055242,-0.3294221030566711,0.09508121937242146,-0.6579214346308002,0.07978210984876902,-0.18117325167897946
