,ratio,rndint,dataset,learning_rate,batchsize,epochs,loss,time,mape,r2,mape_test,r2_test,mape_interpolation,r2_interpolation
0,0.5,633.0,Grid1296,0.001,6.0,200.0,19.2554931640625,19.098912000656128,0.05343318320990746,-0.3480211900460295,0.05005278324807716,-0.04581993725289002,0.07321727355019159,-1.4401717687514708
1,0.5,633.0,Grid2401,0.001,881.0,200.0,66.40924072265625,0.4706759452819824,0.09419323317996522,0.23426459810918243,0.09479536254656376,0.25184531346167083,0.11997855843429313,-1.1556101473587148
2,0.5,633.0,Sobol1,0.001,6.0,200.0,33.095916748046875,34.42847967147827,0.04540185410636362,0.8706199045959426,0.042820351407732715,0.8492336486913754,0.045407435996096424,0.813611752879313
3,0.5,633.0,Sobol2,0.001,5.0,200.0,5.0902099609375,35.07577133178711,0.020143527840442942,0.9592731580070561,0.023402399380964937,0.9602064129779954,0.019643136939668678,0.9486093173303701
