,ratio,rndint,dataset,learning_rate,batchsize,epochs,loss,time,mape,r2,mape_test,r2_test,mape_interpolation,r2_interpolation
0,0.8,721.0,Grid1296,0.001,223.0,200.0,38.593994140625,1.2920639514923096,0.050861244103404736,-0.2879025896391527,0.05625965933418059,-0.5760649658774388,0.07546392469427257,-1.8112256898451147
1,0.8,721.0,Grid2401,0.001,5.0,200.0,8.990185737609863,58.13690161705017,0.015023928854446087,0.8296435501111575,0.014399805884518111,0.8887321753814752,0.054402766399747365,-1.05966677085918
2,0.8,721.0,Sobol1,0.001,401.0,200.0,52.38389205932617,1.4580495357513428,0.08720970624863411,-2.359929305343533,0.08748232539651345,-2.7112639318654894,0.07283392074111668,-1.317579321902723
3,0.8,721.0,Sobol2,0.001,5.0,200.0,13.637530326843262,56.127370834350586,0.017470451276579785,0.977021543429282,0.020495100285822524,0.9767997028341114,0.015518037434786249,0.9669236778590778
