,ratio,rndint,dataset,learning_rate,batchsize,epochs,loss,time,mape,r2,mape_test,r2_test,mape_interpolation,r2_interpolation
0,0.05,829.0,Grid1296,0.001,5.0,200.0,56.9770622253418,2.03074312210083,0.053313815392351395,-1.656535213154878,0.05438117157195681,-0.8996280669176369,0.07909543464489344,-2.6712748617216824
1,0.05,829.0,Grid2401,0.001,8.0,200.0,33.959739685058594,2.358144521713257,0.03950167081911867,0.4375077324313198,0.04548606194133126,0.2784664588359633,0.07361200047743272,-2.4871052217644
2,0.05,829.0,Sobol1,0.001,5.0,200.0,66.2568130493164,4.252425670623779,0.09062897038123989,-1.5895280900728839,0.08658124945529581,-1.4100874111117272,0.07397021000469337,-0.6969885422747757
3,0.05,829.0,Sobol2,0.001,5.0,200.0,46.551734924316406,3.616206645965576,0.07092588900330242,-0.4154277074940713,0.09514075520636942,-1.2949097908598324,0.07620681721465188,-0.35980254871911277
