,ratio,rndint,dataset,learning_rate,batchsize,epochs,loss,time,mape,r2,mape_test,r2_test,mape_interpolation,r2_interpolation
0,0.1,854.0,Grid1296,0.001,37.0,200.0,24.552505493164062,0.849149227142334,0.04970133468829365,-0.14513300887464808,0.05495877059749471,-0.409813001537521,0.07894480523393116,-1.868271472916072
1,0.1,854.0,Grid2401,0.001,8.0,200.0,30.199172973632812,4.674781799316406,0.040074081046854636,0.5721237752279532,0.039866758182961114,0.5429724832854059,0.07827331294459833,-2.6483011897293065
2,0.1,854.0,Sobol1,0.001,5.0,200.0,39.850807189941406,8.466679811477661,0.08485485644667978,-0.009864454450227766,0.08883652561795656,-0.32119938161163586,0.07911050130615582,-0.002535823921031355
3,0.1,854.0,Sobol2,0.001,5.0,200.0,25.703027725219727,7.183073997497559,0.0857812772415339,-0.16454602312406585,0.09189672484033384,-0.2816652710266281,0.07848930822183292,0.06995394488647888
