,ratio,rndint,dataset,learning_rate,batchsize,epochs,loss,time,mape,r2,mape_test,r2_test,mape_interpolation,r2_interpolation
0,0.3,816.0,Grid1296,0.001,167.0,200.0,48.13977813720703,0.6213259696960449,0.06931777884928206,-0.38297208322089604,0.07036815126067525,-0.5545737459684374,0.09569474981824055,-1.7644082090167759
1,0.3,816.0,Grid2401,0.001,6.0,200.0,11.080525398254395,18.00653624534607,0.01880505675469888,0.7966044796161893,0.01852388239299017,0.8210797337812766,0.05858133548547716,-1.3299808346392004
2,0.3,816.0,Sobol1,0.001,601.0,200.0,97.04154968261719,0.4082064628601074,0.15026458101375514,-1.4060686113750247,0.1568894251985029,-1.352694655506649,0.1466727817954338,-0.8281722454000282
3,0.3,816.0,Sobol2,0.001,5.0,200.0,30.57672119140625,20.932064294815063,0.08908698957630704,-0.05318876607094691,0.09143370856417558,-0.22879508728271647,0.07764092245362217,0.1804588380219997
