,ratio,rndint,dataset,learning_rate,batchsize,epochs,loss,time,mape,r2,mape_test,r2_test,mape_interpolation,r2_interpolation
0,0.4,588.0,Grid1296,0.001,223.0,200.0,44.51875305175781,0.64707350730896,0.06386531486882197,-1.354233958494977,0.05841632122344391,-0.5945612350918521,0.08515557611001946,-2.6308922791531226
1,0.4,588.0,Grid2401,0.001,5.0,200.0,9.853918075561523,29.301212549209595,0.01874715432082631,0.7976189759012919,0.02001033426819898,0.8148171401497136,0.05880163317292225,-1.2944686290780223
2,0.4,588.0,Sobol1,0.001,401.0,200.0,71.70260620117188,0.7247200012207031,0.10395944314208944,-3.5540504224006977,0.0969262102267259,-3.1064188920895104,0.08276484460694382,-1.7990302598168642
3,0.4,588.0,Sobol2,0.001,5.0,200.0,34.447105407714844,28.365485429763794,0.04541091871195442,0.8602999555619073,0.04482243444871372,0.8509586186156005,0.042535268851551206,0.8129363485839751
