,ratio,rndint,dataset,learning_rate,batchsize,epochs,loss,time,mape,r2,mape_test,r2_test,mape_interpolation,r2_interpolation
0,0.15,759.0,Grid1296,0.001,167.0,200.0,67.68721008300781,0.3141903877258301,0.10225197588902968,-0.2286626534190488,0.10308653997094788,-0.2556415395481124,0.12851974864659746,-0.8697074700957321
1,0.15,759.0,Grid2401,0.001,6.0,200.0,17.10400390625,9.183825016021729,0.04698635365814399,0.23175035854769688,0.046630253174626025,0.2180699639026924,0.07532200527765441,-2.683202341145543
2,0.15,759.0,Sobol1,0.001,5.0,200.0,67.69246673583984,12.515660524368286,0.08580160542735298,-0.26508321311715055,0.08823953835215093,-0.45846949846454965,0.07859451799815327,-0.12401575141553178
3,0.15,759.0,Sobol2,0.001,5.0,200.0,60.43989944458008,10.607284784317017,0.09425253653211314,-0.8607428514311275,0.09441236203080103,-0.7165555558084824,0.07957728004257102,-0.16815664443026335
