,ratio,rndint,dataset,learning_rate,batchsize,epochs,loss,time,mape,r2,mape_test,r2_test,mape_interpolation,r2_interpolation
0,0.65,669.0,Grid1296,0.001,5.0,200.0,9.7178955078125,30.44178056716919,0.018098290770237224,0.8688206378486775,0.019188221067668876,0.8734711463233137,0.043065631969820925,0.6279040393010169
1,0.65,669.0,Grid2401,0.001,5.0,200.0,16.237842559814453,47.34956741333008,0.016646990129731327,0.8430892731875224,0.016508944370276123,0.8513062805887885,0.055011942961620944,-0.9731726266703029
2,0.65,669.0,Sobol1,0.001,1303.0,200.0,92.82693481445312,0.5540060997009277,0.13656042342685096,-1.9943992929988554,0.1377729164467186,-1.9121767871264077,0.1250634923085583,-1.1555302246141013
3,0.65,669.0,Sobol2,0.001,5.0,200.0,13.961389541625977,46.215317726135254,0.019805477137065635,0.9709648028994234,0.021764512341557324,0.9682285038736737,0.022453365250269825,0.9429663920316314
