,ratio,rndint,dataset,learning_rate,batchsize,epochs,loss,time,mape,r2,mape_test,r2_test,mape_interpolation,r2_interpolation
0,0.25,510.0,Grid1296,0.001,9.0,200.0,34.54349136352539,6.541226148605347,0.04756603530147506,0.32923065821588604,0.055161132866023095,-0.05893092991353033,0.0730659850731367,-0.9837179804823368
1,0.25,510.0,Grid2401,0.001,5.0,200.0,15.056884765625,18.509827852249146,0.021593099755790813,0.8721460723315682,0.02433838854946377,0.7531582540623187,0.06137320139989248,-1.5422032195572193
2,0.25,510.0,Sobol1,0.001,167.0,200.0,60.411922454833984,0.9648356437683105,0.08459541776227439,-3.861493060442971,0.08968669358330854,-3.890183790397269,0.07240162985980735,-2.196193730322407
3,0.25,510.0,Sobol2,0.001,5.0,200.0,44.3588752746582,17.874598264694214,0.07273367553780594,0.2467677919814294,0.06839164436666233,0.3510739902868617,0.06016376767326365,0.3592237769542813
