,ratio,rndint,dataset,learning_rate,batchsize,epochs,loss,time,mape,r2,mape_test,r2_test,mape_interpolation,r2_interpolation
0,0.85,711.0,Grid1296,0.001,6.0,200.0,8.08642578125,32.97227907180786,0.014828508807025019,0.8866062525903347,0.015508912940821221,0.8731899282298872,0.037768871604473085,0.6593207808445882
1,0.85,711.0,Grid2401,0.001,7.0,200.0,6.698756694793701,45.59824800491333,0.016997645567162073,0.8241353662901538,0.016020916537651576,0.8511579065362026,0.05856667872177676,-1.305745454684471
2,0.85,711.0,Sobol1,0.001,6.0,200.0,7.254125118255615,58.83782243728638,0.011975100987287823,0.9895165085471234,0.009725411269313734,0.9941974464952076,0.014741356341503158,0.9683582431121925
3,0.85,711.0,Sobol2,0.001,19.0,200.0,40.0899543762207,15.892048120498657,0.07091060628716951,0.2583108078256581,0.0752566499040355,0.12294541083760357,0.061033558586370176,0.35654627191663846
