,ratio,rndint,dataset,learning_rate,batchsize,epochs,loss,time,mape,r2,mape_test,r2_test,mape_interpolation,r2_interpolation
0,0.1,48.0,Grid1296,0.001,37.0,200.0,30.06119728088379,0.8468682765960693,0.05147207275698093,-1.003527057955528,0.055073754692662624,-0.642168345749303,0.08120274680503159,-2.4109225994626
1,0.1,48.0,Grid2401,0.001,8.0,200.0,40.97785949707031,4.6515960693359375,0.04249579385418314,0.7280453329424372,0.048573341567729536,0.5936897043408954,0.07627461983171391,-0.9057033569218418
2,0.1,48.0,Sobol1,0.001,5.0,200.0,95.46855163574219,8.426860094070435,0.08449647650623039,-1.7614868376850774,0.09078062418208051,-1.84100727783427,0.07931714490734403,-1.1314634006974629
3,0.1,48.0,Sobol2,0.001,5.0,200.0,89.09510040283203,7.149753093719482,0.07388270070143033,-0.13117086740704553,0.09416722870460521,-0.6305831748050679,0.07633440017356308,-0.012833003481633298
