,ratio,rndint,dataset,learning_rate,batchsize,epochs,loss,time,mape,r2,mape_test,r2_test,mape_interpolation,r2_interpolation
0,0.5,968.0,Grid1296,0.001,6.0,200.0,23.9931640625,18.96022081375122,0.04139752888349307,0.2660767962975059,0.03571276075734187,0.5766624806199038,0.060662251078459385,-0.3458553390576484
1,0.5,968.0,Grid2401,0.001,881.0,200.0,79.52572631835938,0.4705209732055664,0.11822794488532805,0.22335796234055172,0.11784858187749421,0.2348224216133844,0.1342544929846895,-0.6602467121723368
2,0.5,968.0,Sobol1,0.001,6.0,200.0,50.77334213256836,34.1702344417572,0.0733835626641884,-0.31022035188857755,0.07734037088737143,-0.7151417822743265,0.06272735206077472,0.016029551295343003
3,0.5,968.0,Sobol2,0.001,5.0,200.0,26.385997772216797,34.81466197967529,0.01742725705629938,0.9758587937468289,0.018286280934675197,0.9701982376397279,0.015553203961995415,0.9627876111472636
