,ratio,rndint,dataset,learning_rate,batchsize,epochs,loss,time,mape,r2,mape_test,r2_test,mape_interpolation,r2_interpolation
0,0.85,731.0,Grid1296,0.001,6.0,200.0,35.88470458984375,32.210490703582764,0.05136463551258527,-0.15852019679180418,0.050721063010084624,-0.503412676106642,0.07535380402213736,-1.4220002511148793
1,0.85,731.0,Grid2401,0.001,7.0,200.0,7.627799034118652,44.48998689651489,0.012759991779893929,0.8680505328785565,0.013587366141413804,0.7774203841183608,0.05084490521326134,-0.8461960600191507
2,0.85,731.0,Sobol1,0.001,6.0,200.0,8.720367431640625,57.889150857925415,0.02024056134289474,0.9718028403198017,0.023066070192026934,0.9591860806450799,0.019372520936685077,0.9545289701189168
3,0.85,731.0,Sobol2,0.001,19.0,200.0,29.927335739135742,15.710896015167236,0.04382621789710551,0.8884422568963105,0.044551735226008755,0.8483163495331982,0.04231641601015012,0.8325158574481847
