,ratio,rndint,dataset,learning_rate,batchsize,epochs,loss,time,mape,r2,mape_test,r2_test,mape_interpolation,r2_interpolation
0,0.6,986.0,Grid1296,0.001,223.0,200.0,35.24728775024414,0.9576997756958008,0.05279458295438018,-0.6084119515561861,0.05142247521304423,-0.3548288800799251,0.07587987807540376,-2.105242596462534
1,0.6,986.0,Grid2401,0.001,7.0,200.0,19.798269271850586,31.211180210113525,0.039395467736415904,0.4933734622930227,0.038839673953163255,0.4865839910495754,0.07190700782410643,-2.492554665442838
2,0.6,986.0,Sobol1,0.001,401.0,200.0,61.213539123535156,1.0785496234893799,0.08909548568045322,-3.5140906741172504,0.0898483597409478,-3.8808451000472655,0.07315181144840863,-2.036372841879181
3,0.6,986.0,Sobol2,0.001,5.0,200.0,32.48344802856445,41.330787658691406,0.026799836948639928,0.9520093927579476,0.027517722483570345,0.9647377716173612,0.02848040724354146,0.9288560640412719
