,ratio,rndint,dataset,learning_rate,batchsize,epochs,loss,time,mape,r2,mape_test,r2_test,mape_interpolation,r2_interpolation
0,0.05,634.0,Grid1296,0.001,5.0,200.0,27.081920623779297,2.326026201248169,0.06094365916538736,-0.28195805566990884,0.051955284254166505,0.024077680137578272,0.07439494283022298,-1.0333067775939195
1,0.05,634.0,Grid2401,0.001,8.0,200.0,29.34449005126953,2.3320891857147217,0.03981874648117659,0.5925320065205164,0.04398653299709904,0.46914830666349905,0.07590755769112531,-2.271409888122522
2,0.05,634.0,Sobol1,0.001,5.0,200.0,35.468101501464844,4.210527658462524,0.07197289648895043,-2.8606878774920173,0.08894951300969119,-5.28376496282745,0.07319253711148413,-3.1242004075425314
3,0.05,634.0,Sobol2,0.001,5.0,200.0,53.6781005859375,3.5787034034729004,0.07909537161112107,-2.5855160639846493,0.09372909115535044,-2.9812526496539546,0.0729070771808735,-1.2745558113208926
