,ratio,rndint,dataset,learning_rate,batchsize,epochs,loss,time,mape,r2,mape_test,r2_test,mape_interpolation,r2_interpolation
0,0.9,237.0,Grid1296,0.001,251.0,200.0,35.834327697753906,1.3070437908172607,0.05155916404192541,-0.3881231830310281,0.05477809508867253,-1.0129757752605086,0.07523415954875928,-1.9901623520755156
1,0.9,237.0,Grid2401,0.001,13.0,200.0,6.631357192993164,25.199888944625854,0.017264559453352344,0.8184375908344408,0.02026082884388088,0.7908977593580339,0.057759913232314636,-1.2828384678448623
2,0.9,237.0,Sobol1,0.001,11.0,200.0,7.695223808288574,33.656773805618286,0.01635428502730332,0.9809584146212106,0.01758484000683365,0.9776498930575721,0.018685755374833385,0.95703273616917
3,0.9,237.0,Sobol2,0.001,5.0,200.0,11.056200981140137,62.451842069625854,0.014708203587621734,0.9812349902489603,0.015972566443715593,0.9851924740577647,0.016641240306063242,0.9624585367412198
