,ratio,rndint,dataset,learning_rate,batchsize,epochs,loss,time,mape,r2,mape_test,r2_test,mape_interpolation,r2_interpolation
0,0.35,490.0,Grid1296,0.001,5.0,200.0,30.896459579467773,16.134615182876587,0.05145826075221718,0.0886226668538258,0.053565220251031186,-0.045458643671946186,0.07308621446778815,-1.005487522500665
1,0.35,490.0,Grid2401,0.001,617.0,200.0,78.23745727539062,0.40868234634399414,0.11857357783492793,0.2281636912256746,0.12041293680926554,0.21566894686376625,0.1359763186366577,-0.7061990710334076
2,0.35,490.0,Sobol1,0.001,701.0,200.0,103.53475952148438,0.4291059970855713,0.15812077410048261,-1.6016463029681702,0.14936677058669234,-1.2149895301936402,0.14410254062558614,-0.805976056029652
3,0.35,490.0,Sobol2,0.001,5.0,200.0,35.587425231933594,24.490023612976074,0.07356826390878199,0.3077225027724655,0.07552552156927517,0.18542889057545808,0.06409689861310529,0.3812322832350791
