,ratio,rndint,dataset,learning_rate,batchsize,epochs,loss,time,mape,r2,mape_test,r2_test,mape_interpolation,r2_interpolation
0,0.15,791.0,Grid1296,0.001,167.0,200.0,72.6152114868164,0.32131361961364746,0.10528418741693242,-0.038270517172843466,0.1059153885616532,-0.40230787428093606,0.12992194855794173,-0.9141089325042608
1,0.15,791.0,Grid2401,0.001,6.0,200.0,22.16243553161621,9.24474549293518,0.030185514793671542,0.548439476870162,0.031265318245088936,0.6107674961910841,0.06883314373722553,-2.7452189566687926
2,0.15,791.0,Sobol1,0.001,5.0,200.0,74.81562805175781,12.560849666595459,0.0888791478740215,-0.861583249516436,0.08798572467508123,-0.8133834079581115,0.07832829577499802,-0.4188398281201968
3,0.15,791.0,Sobol2,0.001,5.0,200.0,48.97174072265625,10.710034132003784,0.09618258054321176,-0.339894644424672,0.09628249881559087,-0.501276699232168,0.08184246449717318,0.01168110715749826
