,ratio,rndint,dataset,learning_rate,batchsize,epochs,loss,time,mape,r2,mape_test,r2_test,mape_interpolation,r2_interpolation
0,0.05,35.0,Grid1296,0.001,5.0,200.0,41.85150146484375,2.3191351890563965,0.046693580516056155,0.2843624777527147,0.054306864824485886,0.053273015802513424,0.07821509926266551,-0.9172208023417787
1,0.05,35.0,Grid2401,0.001,8.0,200.0,36.95726013183594,2.328611135482788,0.04191478640079291,0.4718575816854462,0.04718480672079534,0.5819581324360417,0.07770839150188416,-1.4511532938693494
2,0.05,35.0,Sobol1,0.001,5.0,200.0,42.18426513671875,4.201348066329956,0.08717155407765514,-2.9798268735933866,0.08697587692907201,-2.5213187981374863,0.0739171851406061,-1.4995361242620415
3,0.05,35.0,Sobol2,0.001,5.0,200.0,43.87067794799805,3.5770506858825684,0.06931944126035978,-2.179062978944931,0.09659592523281241,-3.480351904472136,0.07345024457824817,-1.4555048116248792
