,ratio,rndint,dataset,learning_rate,batchsize,epochs,loss,time,mape,r2,mape_test,r2_test,mape_interpolation,r2_interpolation
0,0.3,147.0,Grid1296,0.001,167.0,200.0,47.401729583740234,0.617586612701416,0.06341655996818085,-0.4691062883521293,0.06563350759389013,-0.7578789342688346,0.08795970170799926,-2.07541553452122
1,0.3,147.0,Grid2401,0.001,6.0,200.0,19.670644760131836,18.04174041748047,0.044946924437288684,0.08738783605974754,0.045880278078302694,0.08862981937479164,0.07496066915401911,-3.331759757947256
2,0.3,147.0,Sobol1,0.001,601.0,200.0,99.47300720214844,0.4057929515838623,0.14470105672397574,-1.5445031492084835,0.136644202181165,-1.2063856556427708,0.12792092795460266,-0.6962471170893845
3,0.3,147.0,Sobol2,0.001,5.0,200.0,82.87721252441406,20.895326852798462,0.09350448344835231,-0.3648063296260915,0.09178958623973016,-0.40196063744692867,0.07806347531252618,0.06640521602581106
