,ratio,rndint,dataset,learning_rate,batchsize,epochs,loss,time,mape,r2,mape_test,r2_test,mape_interpolation,r2_interpolation
0,0.7,582.0,Grid1296,0.001,11.0,200.0,27.717334747314453,14.733149528503418,0.05232155799835144,-0.17337442210731058,0.0526994645851183,-0.36287603970939153,0.07682632794835224,-1.5014256882338946
1,0.7,582.0,Grid2401,0.001,617.0,200.0,34.352447509765625,0.8281111717224121,0.04956532267980581,0.37932447541698455,0.04729141372713325,0.3345853624063354,0.08457823782278721,-2.822154433509886
2,0.7,582.0,Sobol1,0.001,23.0,200.0,11.767163276672363,12.89206862449646,0.01874544883375132,0.9763611518516617,0.01763859983259403,0.9760532411701188,0.020282523093850636,0.954136548743516
3,0.7,582.0,Sobol2,0.001,29.0,200.0,51.37471389770508,11.500638246536255,0.0909967409964645,-1.0813065406971667,0.09188233782922726,-0.85740099088413,0.07527504046622249,-0.2834014938691387
