,ratio,rndint,dataset,learning_rate,batchsize,epochs,loss,time,mape,r2,mape_test,r2_test,mape_interpolation,r2_interpolation
0,0.5,180.0,Grid1296,0.001,6.0,200.0,21.979848861694336,19.01129651069641,0.038986482204510856,0.3365452782331452,0.03591123032858676,0.5278754142021989,0.05823688647470104,-0.3394842352154106
1,0.5,180.0,Grid2401,0.001,881.0,200.0,69.54497528076172,0.4713284969329834,0.09993315377197529,0.1736855400631223,0.09886041895152184,0.2307038306920881,0.12204900702738883,-1.1046963974971673
2,0.5,180.0,Sobol1,0.001,6.0,200.0,12.172332763671875,34.08559036254883,0.014631002415562321,0.9848933149928432,0.014483938612078685,0.9850622121540358,0.018123421331202757,0.9598993831160095
3,0.5,180.0,Sobol2,0.001,5.0,200.0,27.35443115234375,34.632052183151245,0.02424546021573785,0.9553249957917757,0.028249916028098003,0.9495623344050619,0.028308591059937913,0.9228907573088654
