,ratio,rndint,dataset,learning_rate,batchsize,epochs,loss,time,mape,r2,mape_test,r2_test,mape_interpolation,r2_interpolation
0,0.95,928.0,Grid1296,0.001,5.0,200.0,11.728528022766113,43.569629430770874,0.024097322823697427,0.8804065898198129,0.025330631509207176,0.8406858709133446,0.03204532235567989,0.7320077991281493
1,0.95,928.0,Grid2401,0.001,6.0,200.0,6.193756103515625,57.40787744522095,0.014960126128843487,0.8437197315782511,0.010104234616243917,0.9805040656847831,0.05446960191492116,-0.9173257066835325
2,0.95,928.0,Sobol1,0.001,7.0,200.0,5.874075889587402,56.73697638511658,0.010412322189917275,0.9900539155447838,0.00908090420659454,0.9963307438601481,0.015107519088111917,0.9644329532410107
3,0.95,928.0,Sobol2,0.001,6.0,200.0,6.367533206939697,53.39285182952881,0.015216267930528384,0.9771626388271973,0.017567084055176794,0.9706260149834157,0.016629216027595956,0.958698233703163
