,ratio,rndint,dataset,learning_rate,batchsize,epochs,loss,time,mape,r2,mape_test,r2_test,mape_interpolation,r2_interpolation
0,0.45,985.0,Grid1296,0.001,251.0,200.0,43.51786422729492,0.6611928939819336,0.05881612614675466,-0.826138877049472,0.05536732860881843,-0.7311883979255995,0.08091500387316426,-2.4939678699476473
1,0.45,985.0,Grid2401,0.001,13.0,200.0,26.681285858154297,12.899571895599365,0.022378023296503735,0.7896600784668455,0.020049848734072544,0.8378399969320052,0.06037001009112642,-1.1995849805018723
2,0.45,985.0,Sobol1,0.001,11.0,200.0,76.76323699951172,16.924915075302124,0.07552448013580947,-0.23725486493635395,0.0788276150137606,-0.4156509602483409,0.06513821197814237,0.08402753290219389
3,0.45,985.0,Sobol2,0.001,191.0,200.0,60.092655181884766,1.2675585746765137,0.09638661277679594,-2.9741700223692544,0.09023753842258522,-2.2807736664803855,0.0751390273752887,-1.2189742810453947
