,ratio,rndint,dataset,learning_rate,batchsize,epochs,loss,time,mape,r2,mape_test,r2_test,mape_interpolation,r2_interpolation
0,0.3,711.0,Grid1296,0.001,167.0,200.0,35.1877326965332,0.6218404769897461,0.05549341510230728,-0.9210568557924241,0.05609931900713336,-0.9768539360379398,0.07984232558671628,-2.854674414070384
1,0.3,711.0,Grid2401,0.001,6.0,200.0,22.66037940979004,18.198084831237793,0.04239161767930601,0.2972892404440409,0.0402539239210945,0.3839727632382386,0.07582316642251381,-3.4108475318131424
2,0.3,711.0,Sobol1,0.001,601.0,200.0,92.11177825927734,0.4083690643310547,0.13324601181992485,-2.2701859067436025,0.13217570783952934,-1.8978944913522993,0.11984911550617693,-1.154377883255004
3,0.3,711.0,Sobol2,0.001,5.0,200.0,22.411279678344727,20.9950213432312,0.022339192693242537,0.9560054777218313,0.022935136879297702,0.9647633701740893,0.023451702966246574,0.9421906442059722
