,ratio,rndint,dataset,learning_rate,batchsize,epochs,loss,time,mape,r2,mape_test,r2_test,mape_interpolation,r2_interpolation
0,0.9,791.0,Grid1296,0.001,251.0,200.0,34.23992919921875,1.3185410499572754,0.05204870709634946,-0.45498644087367146,0.0496156303586603,-0.6413479840739726,0.07537092623970769,-2.0429190851571426
1,0.9,791.0,Grid2401,0.001,13.0,200.0,8.59883975982666,24.85730481147766,0.017586379667756252,0.814410572455797,0.014221089718719352,0.9051229439146722,0.05806933754531223,-1.3280931820857638
2,0.9,791.0,Sobol1,0.001,11.0,200.0,9.387917518615723,33.31586956977844,0.010929616268766124,0.9880413550909694,0.009918414387220973,0.9940067971688837,0.016007355154210978,0.9627957853275471
3,0.9,791.0,Sobol2,0.001,5.0,200.0,9.080883979797363,61.6829879283905,0.016948954571883425,0.9748027396681301,0.019803660037209427,0.9470606626159418,0.01824341330502531,0.9536892585168951
