,ratio,rndint,dataset,learning_rate,batchsize,epochs,loss,time,mape,r2,mape_test,r2_test,mape_interpolation,r2_interpolation
0,0.4,791.0,Grid1296,0.001,223.0,200.0,48.21321487426758,0.6494734287261963,0.06718717547972998,-0.2666635804473034,0.07098342148686386,-0.7052818205919369,0.09364064543923506,-1.7761944166163293
1,0.4,791.0,Grid2401,0.001,5.0,200.0,6.293066501617432,28.5278263092041,0.021075040715009603,0.7463818461060494,0.019628555238165268,0.8366374154967691,0.05946170003569874,-1.4284344952740762
2,0.4,791.0,Sobol1,0.001,401.0,200.0,77.65895080566406,0.7291779518127441,0.10732190390680482,-3.1628030813013828,0.10839325103430375,-3.1499710432713393,0.09148590596533739,-1.7593901554312126
3,0.4,791.0,Sobol2,0.001,5.0,200.0,10.368169784545898,27.52247428894043,0.01887147951259592,0.9705203083141215,0.021516294204030836,0.9615144478525091,0.018385249909867837,0.952947248397893
