,ratio,rndint,dataset,learning_rate,batchsize,epochs,loss,time,mape,r2,mape_test,r2_test,mape_interpolation,r2_interpolation
0,0.45,951.0,Grid1296,0.001,251.0,200.0,42.951595306396484,0.6579537391662598,0.06170380436500261,-0.788451256576669,0.05941301667243252,-0.7751950568071106,0.08378067765585,-2.4141821156972765
1,0.45,951.0,Grid2401,0.001,13.0,200.0,26.516700744628906,12.664551734924316,0.04026884215921603,0.29238135495048956,0.04508414492859848,0.1280995038232451,0.07697718553051677,-4.10581185689773
2,0.45,951.0,Sobol1,0.001,11.0,200.0,39.0144157409668,16.95377254486084,0.06994830397867442,-0.4940615599154301,0.07907096989412396,-0.7035248147093383,0.06124645765902846,-0.03782176164527584
3,0.45,951.0,Sobol2,0.001,191.0,200.0,64.0639419555664,1.258392333984375,0.09387025478193574,-2.1312404370680973,0.09207846356710027,-2.077348764565162,0.07390197263550705,-0.8270768552271945
