,ratio,rndint,dataset,learning_rate,batchsize,epochs,loss,time,mape,r2,mape_test,r2_test,mape_interpolation,r2_interpolation
0,0.2,294.0,Grid1296,0.001,223.0,200.0,68.66023254394531,0.3331029415130615,0.09980938912571659,-0.22364067689305633,0.10372824042149752,-0.3438478701099894,0.1285909321614515,-0.9628632640646941
1,0.2,294.0,Grid2401,0.001,8.0,200.0,15.441909790039062,9.30431318283081,0.020726135695442096,0.7842644859764036,0.02089958453721444,0.7968926555886335,0.05976634428345305,-1.4786760697840449
2,0.2,294.0,Sobol1,0.001,401.0,200.0,98.43074798583984,0.37203073501586914,0.14593988511105757,-1.3076117453775802,0.14919784174031428,-1.3633579318125193,0.13974122780842801,-0.7899435339216836
3,0.2,294.0,Sobol2,0.001,5.0,200.0,35.658592224121094,14.284904479980469,0.09333638439652509,-0.7370964666317537,0.09445758614323059,-0.6406555778691132,0.07858432516005526,-0.06942365855150934
