,ratio,rndint,dataset,learning_rate,batchsize,epochs,loss,time,mape,r2,mape_test,r2_test,mape_interpolation,r2_interpolation
0,0.8,530.0,Grid1296,0.001,223.0,200.0,34.17003631591797,1.2914700508117676,0.05033288673106359,-0.19570496865647713,0.058309823999881126,-0.647188400246631,0.07528907751689454,-1.7087716479744723
1,0.8,530.0,Grid2401,0.001,5.0,200.0,4.32025146484375,58.54534125328064,0.012547961085486179,0.8860322519096429,0.015304823995317181,0.7693397495039611,0.0508009300393103,-0.6908801438731667
2,0.8,530.0,Sobol1,0.001,401.0,200.0,64.30854797363281,1.452681303024292,0.08804489235396215,-2.337753844783621,0.08376460141421557,-1.9020032524230306,0.07286199323264268,-1.2027445513319095
3,0.8,530.0,Sobol2,0.001,5.0,200.0,2.80303955078125,56.28804802894592,0.018804656470186722,0.9762745293632475,0.018470589607872772,0.9794208163396011,0.01561959396137423,0.9668632951188286
