,ratio,rndint,dataset,learning_rate,batchsize,epochs,loss,time,mape,r2,mape_test,r2_test,mape_interpolation,r2_interpolation
0,0.6,395.0,Grid1296,0.001,223.0,200.0,33.58376693725586,0.9611310958862305,0.051273905081484626,-0.3342432628603478,0.05561930322102642,-0.6518578316739498,0.07731072615150707,-2.0111711266821795
1,0.6,395.0,Grid2401,0.001,7.0,200.0,22.54916000366211,31.336015701293945,0.014697702316650964,0.8500573687224864,0.015964071125120733,0.8051310778425762,0.05513471157276475,-1.0629088661769548
2,0.6,395.0,Sobol1,0.001,401.0,200.0,62.15398406982422,1.082019567489624,0.08896173401832082,-4.15446701158445,0.08889332567244261,-4.0051466378537235,0.07279879392041709,-2.3323281659876427
3,0.6,395.0,Sobol2,0.001,5.0,200.0,17.991119384765625,41.533851146698,0.02005545830429979,0.9632505746591474,0.022265794922751405,0.9663500179669627,0.02119635376509353,0.9466710261382987
