,ratio,rndint,dataset,learning_rate,batchsize,epochs,loss,time,mape,r2,mape_test,r2_test,mape_interpolation,r2_interpolation
0,0.75,390.0,Grid1296,0.001,9.0,200.0,25.52436065673828,19.11474323272705,0.052954001666220926,-0.31563331756043467,0.05400615553296845,-0.46474556999300765,0.0793532734747021,-1.7218938741963608
1,0.75,390.0,Grid2401,0.001,661.0,200.0,31.47826385498047,0.8329746723175049,0.04438053022633856,0.23862356022905395,0.04332201203878676,0.3418661211011287,0.07914302733983838,-3.501901930880954
2,0.75,390.0,Sobol1,0.001,9.0,200.0,45.56425476074219,34.62776064872742,0.08530784618248993,-0.8406851839806382,0.0868221980854801,-0.8954645279430049,0.07484376440183313,-0.39689939966871934
3,0.75,390.0,Sobol2,0.001,5.0,200.0,2.9159178733825684,53.13296341896057,0.017283824406764903,0.9775330751215867,0.017217410622206514,0.9769504660911117,0.015117247147480998,0.9658873111479588
