,ratio,rndint,dataset,learning_rate,batchsize,epochs,loss,time,mape,r2,mape_test,r2_test,mape_interpolation,r2_interpolation
0,0.65,731.0,Grid1296,0.001,5.0,200.0,28.500940322875977,29.632889986038208,0.04213547480952681,0.2268991822630817,0.04138308329414137,0.1424202468566801,0.06667144370428202,-0.8042054451926994
1,0.65,731.0,Grid2401,0.001,5.0,200.0,6.564245700836182,46.88985848426819,0.017699195478404747,0.8348506770857231,0.01767689319355207,0.7934604921544213,0.05882658933576672,-1.300341815440806
2,0.65,731.0,Sobol1,0.001,1303.0,200.0,91.96775817871094,0.5578420162200928,0.13620357238478917,-1.8072542277402222,0.13601532540345004,-2.096558736545985,0.12453947321762547,-1.1197323556744045
3,0.65,731.0,Sobol2,0.001,5.0,200.0,6.145959377288818,45.152037382125854,0.020031358964941466,0.9721956906240756,0.01855313967059287,0.9764065878352964,0.01857108981571309,0.9583044489034404
