,ratio,rndint,dataset,learning_rate,batchsize,epochs,loss,time,mape,r2,mape_test,r2_test,mape_interpolation,r2_interpolation
0,0.2,180.0,Grid1296,0.001,223.0,200.0,72.61089324951172,0.33542609214782715,0.10429374696830124,-0.4925816065924593,0.09682401652553348,-0.27665433800493133,0.12287348730574807,-0.9698513932511585
1,0.2,180.0,Grid2401,0.001,8.0,200.0,21.361663818359375,9.304600477218628,0.03124364229888541,0.6608794136954339,0.031143904045797696,0.6853007221862455,0.06998191049909701,-1.9728090233373794
2,0.2,180.0,Sobol1,0.001,401.0,200.0,94.22613525390625,0.37642455101013184,0.13957765882994108,-1.9148764305585058,0.1396233756413299,-2.0840428726430216,0.12777878930829317,-1.2295128522639374
3,0.2,180.0,Sobol2,0.001,5.0,200.0,22.658849716186523,14.37785530090332,0.06503461955875142,0.5465144954461103,0.07130244424734848,0.4604876791209105,0.06089267610128915,0.5393878959169303
