,ratio,rndint,dataset,learning_rate,batchsize,epochs,loss,time,mape,r2,mape_test,r2_test,mape_interpolation,r2_interpolation
0,0.4,237.0,Grid1296,0.001,223.0,200.0,35.81368637084961,0.6415421962738037,0.05266371964103813,-0.4171818963657492,0.0564177137721448,-0.8884617975149496,0.07831989051155266,-2.4192930977784237
1,0.4,237.0,Grid2401,0.001,5.0,200.0,1.389550805091858,28.695130825042725,0.015957428134403238,0.8285296991233118,0.018216818959055574,0.8103090527825256,0.05809736360868284,-1.3647852065980444
2,0.4,237.0,Sobol1,0.001,401.0,200.0,69.07274627685547,0.7210168838500977,0.09575598847598081,-2.974079601011122,0.1038563837610949,-3.913904631877247,0.08338298728111766,-1.954116097760366
3,0.4,237.0,Sobol2,0.001,5.0,200.0,72.54150390625,27.664544582366943,0.0831455324311585,-0.31644371607231503,0.08585153381596665,-0.4616542793945537,0.06785474282248645,0.19870762447789636
