,ratio,rndint,dataset,learning_rate,batchsize,epochs,loss,time,mape,r2,mape_test,r2_test,mape_interpolation,r2_interpolation
0,0.3,180.0,Grid1296,0.001,167.0,200.0,43.16034698486328,0.6418817043304443,0.06276245033912496,-1.238874036852244,0.061123200601671764,-1.027866842781337,0.08556338250055665,-2.924585069176338
1,0.3,180.0,Grid2401,0.001,6.0,200.0,32.08831787109375,18.54694175720215,0.04493980427559265,0.3502635797358741,0.043261231068175116,0.3988418216856907,0.07923315156609226,-3.269253668833806
2,0.3,180.0,Sobol1,0.001,601.0,200.0,106.44416046142578,0.41950488090515137,0.1687727756551693,-1.2455681361118551,0.16372401806768544,-1.0994960305855694,0.1594934600142072,-0.7167314891470982
3,0.3,180.0,Sobol2,0.001,5.0,200.0,10.16802978515625,21.470508813858032,0.03132362596538914,0.9355650910776241,0.03165771032752839,0.9356405843403408,0.026856054972512942,0.9240221993150691
