,ratio,rndint,dataset,learning_rate,batchsize,epochs,loss,time,mape,r2,mape_test,r2_test,mape_interpolation,r2_interpolation
0,0.9,968.0,Grid1296,0.001,251.0,200.0,37.164817810058594,1.3138439655303955,0.05286541764691068,-0.4135520374285424,0.04190499443780758,0.1071632659954197,0.07517292865960247,-1.8507504287235585
1,0.9,968.0,Grid2401,0.001,13.0,200.0,10.57281494140625,25.097681522369385,0.021121358334702724,0.8049979348534282,0.017782005654697477,0.9273458793445304,0.05992716124833944,-1.1795094152528915
2,0.9,968.0,Sobol1,0.001,11.0,200.0,20.21681022644043,33.635910511016846,0.032727271543129474,0.9043262249079769,0.02922803209210083,0.9298354204080588,0.031841515259382225,0.8866266257516988
3,0.9,968.0,Sobol2,0.001,5.0,200.0,22.482421875,62.44229221343994,0.014687561758116559,0.9810069201176709,0.014442789571999064,0.9864323818782862,0.013974857210485987,0.9684248626769186
