,ratio,rndint,dataset,learning_rate,batchsize,epochs,loss,time,mape,r2,mape_test,r2_test,mape_interpolation,r2_interpolation
0,0.8,829.0,Grid1296,0.001,223.0,200.0,38.23808670043945,1.292137622833252,0.05270492871288286,-0.5041832920962968,0.048875170236697456,-0.16655614232062543,0.0753413173808665,-1.968749114038114
1,0.8,829.0,Grid2401,0.001,5.0,200.0,34.472511291503906,57.90275311470032,0.014752054714209649,0.8365317621784755,0.015983943008941542,0.83429431299732,0.054630242698608805,-1.1162307133026004
2,0.8,829.0,Sobol1,0.001,401.0,200.0,62.978660583496094,1.4456470012664795,0.0880019014241451,-2.1818078795969766,0.0838528600982336,-1.8863243760929862,0.07307300396457365,-1.128770652802519
3,0.8,829.0,Sobol2,0.001,5.0,200.0,5.804944038391113,55.88304948806763,0.02370892216279769,0.9710951800549781,0.02626462781510287,0.9589977110804577,0.018348131081258524,0.9629492577898012
