,ratio,rndint,dataset,learning_rate,batchsize,epochs,loss,time,mape,r2,mape_test,r2_test,mape_interpolation,r2_interpolation
0,0.6,634.0,Grid1296,0.001,223.0,200.0,42.43617248535156,0.9756641387939453,0.05460719598050981,-1.0482293717295024,0.05063501184294617,-0.4571836994739191,0.07804261050395513,-2.634502765040269
1,0.6,634.0,Grid2401,0.001,7.0,200.0,30.106801986694336,31.060468435287476,0.023050549451586768,0.8275365396167387,0.0262299295983212,0.7758460589969767,0.06263058195405036,-1.162070587186216
2,0.6,634.0,Sobol1,0.001,401.0,200.0,61.48265075683594,1.0972938537597656,0.08611757157689053,-3.716987588569821,0.0939993320129698,-4.598710558438132,0.07285964212134052,-2.299201838586478
3,0.6,634.0,Sobol2,0.001,5.0,200.0,3.86541748046875,41.30914282798767,0.015310367380440717,0.9792147334454485,0.02152198637326981,0.964694000080721,0.01880072282074311,0.9527956740185397
