,ratio,rndint,dataset,learning_rate,batchsize,epochs,loss,time,mape,r2,mape_test,r2_test,mape_interpolation,r2_interpolation
0,0.2,249.0,Grid1296,0.001,223.0,200.0,75.50332641601562,0.32903313636779785,0.11558208195986858,-0.19470046110119643,0.11312008336950391,-0.23901880216964844,0.13989572931900968,-0.7769875900441037
1,0.2,249.0,Grid2401,0.001,8.0,200.0,30.9488525390625,9.059899806976318,0.04566594749314509,0.34023840108251424,0.0452436820165421,0.2526976400345339,0.07513892754693663,-2.6651303970088467
2,0.2,249.0,Sobol1,0.001,401.0,200.0,91.19437408447266,0.3678455352783203,0.13620985263607246,-1.216074799527298,0.14815953548275593,-1.6782733469882802,0.1360325575943656,-0.9392243433188232
3,0.2,249.0,Sobol2,0.001,5.0,200.0,53.011619567871094,13.936340093612671,0.09290410544494267,-1.3206313924635604,0.09303670044277412,-1.1595337557543282,0.07756429185229356,-0.45499340877168737
