,ratio,rndint,dataset,learning_rate,batchsize,epochs,loss,time,mape,r2,mape_test,r2_test,mape_interpolation,r2_interpolation
0,0.35,877.0,Grid1296,0.001,5.0,200.0,18.375707626342773,16.56255054473877,0.04105342668445359,0.31530724460888204,0.040264242177514724,0.4374528339554222,0.0652941335338229,-0.45101340084335195
1,0.35,877.0,Grid2401,0.001,617.0,200.0,60.012916564941406,0.41805553436279297,0.08369043389062196,0.1818802677053334,0.08362037017785794,0.20594014154789242,0.11173600913942724,-1.5614792937993478
2,0.35,877.0,Sobol1,0.001,701.0,200.0,91.4939956665039,0.4379458427429199,0.13475887269524497,-1.1573402086257483,0.14005192086360455,-1.7928586042357129,0.12679532008286332,-0.8732078024135448
3,0.35,877.0,Sobol2,0.001,5.0,200.0,79.97769927978516,25.179428577423096,0.0855430961546868,-0.28167169898335365,0.08572281909126934,-0.26629586629102775,0.07275304324954111,0.058396885108819685
