,ratio,rndint,dataset,learning_rate,batchsize,epochs,loss,time,mape,r2,mape_test,r2_test,mape_interpolation,r2_interpolation
0,0.15,854.0,Grid1296,0.001,167.0,200.0,68.2152099609375,0.3175935745239258,0.10161164254081022,-0.11962864754890368,0.11203940228065218,-0.21135710485732973,0.13669565603530717,-0.7544070311660203
1,0.15,854.0,Grid2401,0.001,6.0,200.0,35.5625114440918,9.325816631317139,0.04164265557940173,0.540605740547123,0.04350473547282159,0.4765305250407378,0.08006180376437198,-2.7828746844747374
2,0.15,854.0,Sobol1,0.001,5.0,200.0,39.834083557128906,12.687966346740723,0.085963879255794,-0.2322810604400365,0.08747415468874412,-0.43518057677871913,0.0773743727145459,-0.07930056775429684
3,0.15,854.0,Sobol2,0.001,5.0,200.0,28.9017333984375,10.798824548721313,0.09243745932305787,-0.6671944242785826,0.0927146176526989,-0.5098750482777552,0.07836797950370011,-0.038427852118281924
