,ratio,rndint,dataset,learning_rate,batchsize,epochs,loss,time,mape,r2,mape_test,r2_test,mape_interpolation,r2_interpolation
0,0.5,510.0,Grid1296,0.001,6.0,200.0,40.7906608581543,18.9221351146698,0.050184265102233255,0.16065091578735058,0.054046325886738716,-0.3055511634096224,0.07291299794403916,-1.2079445847360901
1,0.5,510.0,Grid2401,0.001,881.0,200.0,58.85087203979492,0.4691934585571289,0.08384657495488868,0.22515075624917402,0.08476710784998251,0.24492591262988062,0.10946177836060282,-1.3504222186678159
2,0.5,510.0,Sobol1,0.001,6.0,200.0,16.575448989868164,34.028950214385986,0.04514754641876761,0.6372938129452035,0.04766142374157377,0.6429055134878983,0.041975459363052275,0.6932483936536866
3,0.5,510.0,Sobol2,0.001,5.0,200.0,7.750683784484863,34.61476254463196,0.01747794409910064,0.9761164966323953,0.016651300418536692,0.9769428628317791,0.016106035466875276,0.9627584742155358
