,ratio,rndint,dataset,learning_rate,batchsize,epochs,loss,time,mape,r2,mape_test,r2_test,mape_interpolation,r2_interpolation
0,0.85,721.0,Grid1296,0.001,6.0,200.0,47.84836196899414,32.53025221824646,0.03473798248355861,0.5556834574684355,0.04102890025446423,0.3147008179085532,0.0636466377919932,-0.15389749591943658
1,0.85,721.0,Grid2401,0.001,7.0,200.0,9.579031944274902,44.8520712852478,0.021921405944148386,0.776665681938266,0.02168361494048593,0.8325193893459708,0.06090258731272775,-1.53787659627822
2,0.85,721.0,Sobol1,0.001,6.0,200.0,13.701339721679688,58.515984773635864,0.011028124695159335,0.9904162126418155,0.013329000155634006,0.9821776645647542,0.016278146158014626,0.962397462734086
3,0.85,721.0,Sobol2,0.001,19.0,200.0,68.17057800292969,16.115623712539673,0.08734590569701171,-0.7724112604107101,0.09008960342705061,-0.6622334950491324,0.07166451177531628,-0.09459332927162145
