,ratio,rndint,dataset,learning_rate,batchsize,epochs,loss,time,mape,r2,mape_test,r2_test,mape_interpolation,r2_interpolation
0,0.45,16.0,Grid1296,0.001,251.0,200.0,43.06279754638672,0.6517784595489502,0.058790956518312856,-0.6690659826673824,0.05814955693568461,-0.46389238799903465,0.08191887964398732,-2.07877839815291
1,0.45,16.0,Grid2401,0.001,13.0,200.0,12.536592483520508,12.47967004776001,0.02337260477822881,0.7722910102458984,0.021951213935776447,0.7994558834733154,0.0608507648264809,-1.5893174384253075
2,0.45,16.0,Sobol1,0.001,11.0,200.0,35.14683151245117,16.732791662216187,0.026015423018420032,0.9450138749594079,0.027826930145398207,0.9339321816313717,0.02675645222937631,0.9216308688211189
3,0.45,16.0,Sobol2,0.001,191.0,200.0,54.48784637451172,1.2468464374542236,0.0920622903151879,-2.9227913688681464,0.09345247615654166,-2.8784508656969447,0.07333826907205414,-1.2868656310853566
