,ratio,rndint,dataset,learning_rate,batchsize,epochs,loss,time,mape,r2,mape_test,r2_test,mape_interpolation,r2_interpolation
0,0.7,48.0,Grid1296,0.001,11.0,200.0,32.071678161621094,14.488796472549438,0.05669418554035966,-0.3451207936010947,0.05818218847981789,-0.4443675627162975,0.08464259547246794,-1.6573172356474966
1,0.7,48.0,Grid2401,0.001,617.0,200.0,33.33888626098633,0.8082010746002197,0.046033253078007645,0.41240107762307,0.04864433040619682,0.3110566772507246,0.08279853237465418,-2.854038175420384
2,0.7,48.0,Sobol1,0.001,23.0,200.0,42.030052185058594,12.638044595718384,0.08207368002428393,-0.4471376750372442,0.0799070899602318,-0.28831660042860907,0.07101326255123455,-0.034557760212967636
3,0.7,48.0,Sobol2,0.001,29.0,200.0,57.3614387512207,11.154741287231445,0.09139804283456562,-0.9983945957958722,0.09566823037781075,-1.257287406524533,0.07733255781771207,-0.3693446570595871
