,ratio,rndint,dataset,learning_rate,batchsize,epochs,loss,time,mape,r2,mape_test,r2_test,mape_interpolation,r2_interpolation
0,0.3,731.0,Grid1296,0.001,167.0,200.0,43.79630661010742,0.6292283535003662,0.06950888725143356,-0.4888605446333947,0.06759243013249461,-0.6010439881821554,0.09247176913271878,-1.8830407781999798
1,0.3,731.0,Grid2401,0.001,6.0,200.0,3.7468769550323486,18.05570936203003,0.021872722895434057,0.7915992511441048,0.020421987338531334,0.7952878832162155,0.06021820838571762,-1.4958811423768972
2,0.3,731.0,Sobol1,0.001,601.0,200.0,96.4646224975586,0.41139793395996094,0.1423524410137602,-0.9531415348697738,0.1452960885264994,-1.4832419362213085,0.1333927741405341,-0.7052357062712058
3,0.3,731.0,Sobol2,0.001,5.0,200.0,7.266870021820068,20.89109516143799,0.0228711342516018,0.9660195928224776,0.022169005786660128,0.969987336909514,0.018458668770270515,0.9609697792821718
