,ratio,rndint,dataset,learning_rate,batchsize,epochs,loss,time,mape,r2,mape_test,r2_test,mape_interpolation,r2_interpolation
0,0.5,272.0,Grid1296,0.001,6.0,200.0,13.773905754089355,18.615004539489746,0.03883513274161955,0.3517330462639475,0.04177377959927426,0.22803528662487105,0.06731788190700322,-0.6377756771361338
1,0.5,272.0,Grid2401,0.001,881.0,200.0,77.46392059326172,0.4618031978607178,0.1149374007310453,0.18239242354662832,0.11390034454660425,0.17773129781995467,0.1307920754228516,-0.7863004075534019
2,0.5,272.0,Sobol1,0.001,6.0,200.0,14.704254150390625,33.536317348480225,0.020462120303164376,0.9690226781617828,0.019681650010182714,0.9722634958438543,0.02543035481478615,0.9364205368171822
3,0.5,272.0,Sobol2,0.001,5.0,200.0,8.359338760375977,34.09642148017883,0.020722267235416533,0.9719216082571803,0.02273203298218699,0.9690931302420289,0.01697232520064632,0.9638505933495557
