,ratio,rndint,dataset,learning_rate,batchsize,epochs,loss,time,mape,r2,mape_test,r2_test,mape_interpolation,r2_interpolation
0,0.1,829.0,Grid1296,0.001,37.0,200.0,41.27711868286133,0.8519163131713867,0.051919624387986495,-0.8642158155605921,0.055746145699322944,-1.2995157415344551,0.0791364159928315,-3.426062816838269
1,0.1,829.0,Grid2401,0.001,8.0,200.0,36.09264373779297,4.683251142501831,0.0368917479337951,0.6926409652897298,0.041725213482356235,0.5306374003023784,0.07091028537105995,-1.755798489529857
2,0.1,829.0,Sobol1,0.001,5.0,200.0,59.630088806152344,8.489664554595947,0.08852871667491982,-0.9631675043129317,0.08652665728724776,-0.9468299583292432,0.07453120071607817,-0.39112092147503197
3,0.1,829.0,Sobol2,0.001,5.0,200.0,61.755882263183594,7.2183122634887695,0.09498271555109292,-1.3093209302267428,0.09575036330438574,-1.7094704994660677,0.07899189042360746,-0.7359671108315609
