,ratio,rndint,dataset,learning_rate,batchsize,epochs,loss,time,mape,r2,mape_test,r2_test,mape_interpolation,r2_interpolation
0,0.75,816.0,Grid1296,0.001,9.0,200.0,18.50370979309082,18.983965396881104,0.044321832453800905,0.21054738587057298,0.045217204177754614,0.33961968018195277,0.07296799245447906,-0.6708150773394788
1,0.75,816.0,Grid2401,0.001,661.0,200.0,32.56006622314453,0.8393492698669434,0.044322712450822886,0.41957431981213633,0.04344683992187198,0.4109030247399512,0.07891018571323408,-2.7786499715215345
2,0.75,816.0,Sobol1,0.001,9.0,200.0,3.279859781265259,34.13459277153015,0.015336595860093729,0.9829217881039486,0.014985188269906202,0.9811037773047346,0.016853435198113057,0.9614436204129365
3,0.75,816.0,Sobol2,0.001,5.0,200.0,6.967602729797363,52.400652170181274,0.025784766086182225,0.9682196999970712,0.028307312293179128,0.9532630953908776,0.020736387851784978,0.9575002712549081
