,ratio,rndint,dataset,learning_rate,batchsize,epochs,loss,time,mape,r2,mape_test,r2_test,mape_interpolation,r2_interpolation
0,0.45,395.0,Grid1296,0.001,251.0,200.0,38.32290267944336,0.6529664993286133,0.05696554225490371,-0.4527244709514511,0.06437305156176382,-1.0214161902114158,0.08533777916357463,-2.3811134358615482
1,0.45,395.0,Grid2401,0.001,13.0,200.0,33.35056686401367,12.479520082473755,0.04224493109953844,0.4837388338646391,0.043579821870049405,0.44593198291460523,0.0795005113588463,-2.858522313032904
2,0.45,395.0,Sobol1,0.001,11.0,200.0,38.769142150878906,16.699729204177856,0.0854192267010639,-0.619486619797001,0.08333554573855849,-0.40966286014409015,0.0732958619842021,-0.10794831758634404
3,0.45,395.0,Sobol2,0.001,191.0,200.0,61.24037170410156,1.2525782585144043,0.09295104755761285,-2.1880157661159942,0.09288605301291358,-2.7872442370996904,0.0737802866881925,-1.0680741196191046
