,ratio,rndint,dataset,learning_rate,batchsize,epochs,loss,time,mape,r2,mape_test,r2_test,mape_interpolation,r2_interpolation
0,0.25,78.0,Grid1296,0.001,9.0,200.0,34.19380187988281,6.607322692871094,0.05128493922401387,-0.41656996158911297,0.05251259121086321,-0.3760383548885604,0.07297664029092714,-1.835241755277258
1,0.25,78.0,Grid2401,0.001,5.0,200.0,8.586156845092773,18.669241428375244,0.016203172507743772,0.9070730765966524,0.020358835651967756,0.7878952099023946,0.059228596658675026,-1.238238055175461
2,0.25,78.0,Sobol1,0.001,167.0,200.0,62.62950134277344,0.9550933837890625,0.09075910263898748,-3.108744982317006,0.08720297311483198,-2.755776240083403,0.07290959565644597,-1.5638901469044724
3,0.25,78.0,Sobol2,0.001,5.0,200.0,32.612281799316406,18.053107023239136,0.08682815799886341,-0.9133023897895802,0.0906846827777939,-0.7716684170469594,0.07491940223258925,-0.22856166815964407
