,ratio,rndint,dataset,learning_rate,batchsize,epochs,loss,time,mape,r2,mape_test,r2_test,mape_interpolation,r2_interpolation
0,0.05,794.0,Grid1296,0.001,5.0,200.0,43.7757453918457,2.3246991634368896,0.04767260706574896,-1.3506978373076723,0.05585469558142947,-1.8852223200844391,0.07919908670740114,-4.402426605036154
1,0.05,794.0,Grid2401,0.001,8.0,200.0,14.236526489257812,2.327554702758789,0.04273098319392228,-0.05092860397292487,0.044850813388789754,0.15454030634597293,0.07449885046433939,-3.4093446119753263
2,0.05,794.0,Sobol1,0.001,5.0,200.0,69.06190490722656,4.197983741760254,0.08429874612668078,0.35378391183738056,0.09657132165603535,0.1332536017530379,0.0916676365871388,0.20922283081416782
3,0.05,794.0,Sobol2,0.001,5.0,200.0,32.326515197753906,3.5774943828582764,0.09863871536254583,-0.11561470611572555,0.09475081219497568,-0.567673800735947,0.07995558554379893,-0.015191096379786773
