,ratio,rndint,dataset,learning_rate,batchsize,epochs,loss,time,mape,r2,mape_test,r2_test,mape_interpolation,r2_interpolation
0,0.25,147.0,Grid1296,0.001,9.0,200.0,29.19217300415039,6.456418037414551,0.0535693918610528,-0.08906916388987907,0.051287362663734154,-0.044463465738556085,0.07438049491620861,-1.1943067644294527
1,0.25,147.0,Grid2401,0.001,5.0,200.0,12.322546005249023,18.067210912704468,0.020320638242748476,0.8029489122312493,0.022034132502161012,0.8087175079020366,0.06044560101220053,-1.4245174927555984
2,0.25,147.0,Sobol1,0.001,167.0,200.0,69.38628387451172,0.9262075424194336,0.09549452988270632,-3.599350635193824,0.08602386980065144,-2.980458763767475,0.07271619044260119,-1.734774928996718
3,0.25,147.0,Sobol2,0.001,5.0,200.0,39.10557174682617,17.400296449661255,0.04808547966995454,0.8146757419248554,0.04886959951351139,0.7881630435537696,0.04203515304803909,0.8020958804149325
