,ratio,rndint,dataset,learning_rate,batchsize,epochs,loss,time,mape,r2,mape_test,r2_test,mape_interpolation,r2_interpolation
0,0.85,829.0,Grid1296,0.001,6.0,200.0,22.019775390625,32.390740156173706,0.04245488892181302,0.34346912799545826,0.04598522526999107,0.25377690464095803,0.07219801871667167,-0.5249931890039445
1,0.85,829.0,Grid2401,0.001,7.0,200.0,30.996625900268555,44.60321593284607,0.01800679680535875,0.8223593691054903,0.019931439860237064,0.8182677016823992,0.0592969387390987,-1.3112826138850937
2,0.85,829.0,Sobol1,0.001,6.0,200.0,9.902989387512207,58.27013158798218,0.01146957116109027,0.9889370862708293,0.011419738500007416,0.9859198147615189,0.015150390572917257,0.9655854869237721
3,0.85,829.0,Sobol2,0.001,19.0,200.0,47.03189468383789,15.821348667144775,0.08572764225919018,-0.5661635035903114,0.09426279505310273,-1.4476333982017162,0.06994782903649747,0.005912565201616982
