,ratio,rndint,dataset,learning_rate,batchsize,epochs,loss,time,mape,r2,mape_test,r2_test,mape_interpolation,r2_interpolation
0,0.65,725.0,Grid1296,0.001,5.0,200.0,13.054651260375977,30.005370140075684,0.0518293415115872,-0.09614758615643582,0.04966321186856023,-0.20328414233867864,0.07132002673800829,-1.307204527464481
1,0.65,725.0,Grid2401,0.001,5.0,200.0,10.301172256469727,47.21260118484497,0.01835899373657383,0.84518858215311,0.01887803409665109,0.8036985411433248,0.05354158182083945,-0.9763248628269965
2,0.65,725.0,Sobol1,0.001,1303.0,200.0,98.83846282958984,0.5633378028869629,0.14735114497072774,-1.638494481832093,0.1453803921736786,-1.4570760048785885,0.13664232603453322,-0.9310091126505304
3,0.65,725.0,Sobol2,0.001,5.0,200.0,3.3562254905700684,45.748382806777954,0.01860182864153568,0.9683378682310414,0.019067943805940044,0.9702082725860137,0.01678203405236302,0.9578399558134898
