,ratio,rndint,dataset,learning_rate,batchsize,epochs,loss,time,mape,r2,mape_test,r2_test,mape_interpolation,r2_interpolation
0,0.85,530.0,Grid1296,0.001,6.0,200.0,13.354044914245605,32.61674118041992,0.023018723059409257,0.7780056923619952,0.031644847061300864,0.559299878257583,0.04676406478383308,0.2988811942457825
1,0.85,530.0,Grid2401,0.001,7.0,200.0,9.522374153137207,45.041839599609375,0.013778611648512013,0.8669065716128446,0.016268504751622705,0.7730573079882284,0.05148462740945019,-0.8085391945478617
2,0.85,530.0,Sobol1,0.001,6.0,200.0,5.74188232421875,58.766568660736084,0.019013207927774074,0.9741463020166817,0.016307081617738955,0.9803440577340841,0.022885402018612784,0.94642084499562
3,0.85,530.0,Sobol2,0.001,19.0,200.0,9.879941940307617,16.230612754821777,0.024963230490567645,0.9627940732092346,0.023956271027852458,0.9666841665337367,0.020165234412934042,0.9558895339090652
