,ratio,rndint,dataset,learning_rate,batchsize,epochs,loss,time,mape,r2,mape_test,r2_test,mape_interpolation,r2_interpolation
0,0.6,930.0,Grid1296,0.001,223.0,200.0,35.85672378540039,0.966048002243042,0.05334869513799469,-0.6835476149832633,0.051657381580835146,-0.428563133857385,0.07671680414637058,-2.233593876413397
1,0.6,930.0,Grid2401,0.001,7.0,200.0,7.566685199737549,31.94093942642212,0.0173692449273564,0.8695038673570593,0.020103053294575245,0.7493937298879585,0.058416570566209004,-1.2992529015803185
2,0.6,930.0,Sobol1,0.001,401.0,200.0,62.58236312866211,1.08870530128479,0.09162470035030033,-3.762036042381613,0.08487587415552718,-3.3211554440396185,0.07293954151741297,-2.006015388215965
3,0.6,930.0,Sobol2,0.001,5.0,200.0,8.083826065063477,42.32824945449829,0.017628373763951648,0.9709905431608638,0.016593707202402413,0.9791673536177258,0.01921389455659516,0.9531799814745401
