,ratio,rndint,dataset,learning_rate,batchsize,epochs,loss,time,mape,r2,mape_test,r2_test,mape_interpolation,r2_interpolation
0,0.65,490.0,Grid1296,0.001,5.0,200.0,7.157019138336182,29.396860599517822,0.016799646898501452,0.868133451474622,0.01906520359936162,0.7756090367038891,0.04227937864405715,0.526420204747568
1,0.65,490.0,Grid2401,0.001,5.0,200.0,5.131299018859863,46.76192927360535,0.018568529521921753,0.7971389637514515,0.018013707563006603,0.8573419861687217,0.05874975057184326,-1.2699876017576202
2,0.65,490.0,Sobol1,0.001,1303.0,200.0,99.41351318359375,0.5537600517272949,0.14767348191824042,-1.4361683849547364,0.14497790064584182,-1.451136354806072,0.13625677843330475,-0.820282372065976
3,0.65,490.0,Sobol2,0.001,5.0,200.0,18.30084228515625,44.80369305610657,0.024318631624269806,0.966294017888661,0.02562427364332272,0.9615962860613448,0.027054060372756327,0.9349779779098253
