,ratio,rndint,dataset,learning_rate,batchsize,epochs,loss,time,mape,r2,mape_test,r2_test,mape_interpolation,r2_interpolation
0,0.9,147.0,Grid1296,0.001,251.0,200.0,36.71199417114258,1.3108415603637695,0.05220992916405999,-0.44188418000571206,0.04949031374165262,-0.09885435468522008,0.07547250671917693,-1.935251333495572
1,0.9,147.0,Grid2401,0.001,13.0,200.0,11.243596076965332,25.795084953308105,0.018435362140845086,0.8049617835023122,0.01656430511816481,0.8886347224273594,0.05832040162125977,-1.3842711704274162
2,0.9,147.0,Sobol1,0.001,11.0,200.0,5.197595596313477,34.30420804023743,0.016106007171293995,0.9829746266757741,0.018059149204299497,0.9768992472556659,0.016859113749311757,0.9645512948138786
3,0.9,147.0,Sobol2,0.001,5.0,200.0,13.553339004516602,63.95491027832031,0.018041101857795883,0.9740305392610193,0.016279875824470998,0.9791366994423053,0.019413865941462497,0.9539241284370451
