,ratio,rndint,dataset,learning_rate,batchsize,epochs,loss,time,mape,r2,mape_test,r2_test,mape_interpolation,r2_interpolation
0,0.1,930.0,Grid1296,0.001,37.0,200.0,31.25633430480957,0.853734016418457,0.05036543767155007,-0.049878241097006226,0.055650793560218244,-0.15383407705358443,0.08018765023038578,-1.39902796349205
1,0.1,930.0,Grid2401,0.001,8.0,200.0,34.226043701171875,4.703153848648071,0.0390362400025191,-0.432969007562938,0.049017120346803625,-0.5817918427180904,0.077097308870427,-5.352705705608433
2,0.1,930.0,Sobol1,0.001,5.0,200.0,53.030418395996094,8.485576629638672,0.07818329056569637,-1.390161776677259,0.08845638568141401,-2.3136111039916964,0.07549528278697089,-1.353334099519845
3,0.1,930.0,Sobol2,0.001,5.0,200.0,108.9627456665039,7.220154285430908,0.10112413322582677,-0.5989183374770999,0.09184617331715428,-0.41054242483873793,0.07918230805544994,-0.004212224657629271
