,ratio,rndint,dataset,learning_rate,batchsize,epochs,loss,time,mape,r2,mape_test,r2_test,mape_interpolation,r2_interpolation
0,0.3,490.0,Grid1296,0.001,167.0,200.0,45.06734085083008,0.6356258392333984,0.06560414810582554,-0.994938291840187,0.06201182761920147,-1.0856544188941606,0.08744427813387977,-2.858799299719256
1,0.3,490.0,Grid2401,0.001,6.0,200.0,8.24620532989502,18.547136068344116,0.020781157859071604,0.7635894466622739,0.019198053071396666,0.8416357158444213,0.05962270386736225,-1.2514022299825651
2,0.3,490.0,Sobol1,0.001,601.0,200.0,100.2091293334961,0.4593796730041504,0.15043847768573507,-1.5189623722889358,0.14675397061762327,-1.2861458965296553,0.13853409379178983,-0.7808368180570124
3,0.3,490.0,Sobol2,0.001,5.0,200.0,42.7557258605957,21.393989324569702,0.08067974102527471,-0.02721008745339626,0.08412012721993746,-0.16321027984621095,0.07086720458302224,0.1452394299942037
