,ratio,rndint,dataset,learning_rate,batchsize,epochs,loss,time,mape,r2,mape_test,r2_test,mape_interpolation,r2_interpolation
0,0.9,951.0,Grid1296,0.001,251.0,200.0,36.7086067199707,1.310260534286499,0.051673486390898436,-0.29692624849378757,0.051691523405313924,-0.6328216460148759,0.07483112053979339,-1.772277261704509
1,0.9,951.0,Grid2401,0.001,13.0,200.0,8.204758644104004,25.531898021697998,0.017311971751872848,0.8069252167469577,0.013755411635063396,0.9457406717747407,0.05743896693072603,-1.2644135304960664
2,0.9,951.0,Sobol1,0.001,11.0,200.0,5.982244491577148,33.99298405647278,0.015407356721819051,0.9813818950469003,0.021282552830586957,0.9722106038347306,0.020000835560908245,0.9543637643090672
3,0.9,951.0,Sobol2,0.001,5.0,200.0,3.088940382003784,63.45479369163513,0.015382351609579658,0.9786165701298312,0.01679691730353908,0.9740746435962038,0.017999484610626827,0.9557781639567302
