,ratio,rndint,dataset,learning_rate,batchsize,epochs,loss,time,mape,r2,mape_test,r2_test,mape_interpolation,r2_interpolation
0,0.4,936.0,Grid1296,0.001,223.0,200.0,37.12263107299805,0.6426181793212891,0.05714955834443463,-0.681554642912463,0.06016934152178961,-0.9144614014115862,0.08335814151749349,-2.512811661124153
1,0.4,936.0,Grid2401,0.001,5.0,200.0,28.014867782592773,29.257087469100952,0.019071844251143166,0.7942031971718907,0.018735990054289598,0.8207109044100072,0.05852369009863955,-1.239695426664392
2,0.4,936.0,Sobol1,0.001,401.0,200.0,69.13157653808594,0.7213947772979736,0.10028490501997361,-3.496275154284149,0.10417266140615862,-4.037742728595767,0.08541690446218003,-2.1515533709997183
3,0.4,936.0,Sobol2,0.001,5.0,200.0,6.936926364898682,28.249765872955322,0.021043909681502663,0.9749144938638153,0.023300973688508215,0.9634559345092137,0.022371706459778044,0.9480154365226519
