,ratio,rndint,dataset,learning_rate,batchsize,epochs,loss,time,mape,r2,mape_test,r2_test,mape_interpolation,r2_interpolation
0,0.25,816.0,Grid1296,0.001,9.0,200.0,30.94615936279297,6.405968427658081,0.051691947942301905,-0.1591128621080895,0.05530642390347146,-0.2713412402574431,0.07923806352097461,-1.3940806888200235
1,0.25,816.0,Grid2401,0.001,5.0,200.0,9.426501274108887,18.10516047477722,0.018470256091757425,0.8097198201043221,0.01823265367001383,0.8222810587917524,0.05868796035914912,-1.3752629479219296
2,0.25,816.0,Sobol1,0.001,167.0,200.0,59.17710876464844,0.9313085079193115,0.08801996718915148,-3.2493950513370145,0.08938115221170886,-2.8462825741268327,0.07364352896258723,-1.6203931889845702
3,0.25,816.0,Sobol2,0.001,5.0,200.0,24.669689178466797,17.40437912940979,0.04740547157674183,0.8845767208929222,0.04648033611091135,0.860437387238536,0.04457384742057433,0.825673227892487
