,ratio,rndint,dataset,learning_rate,batchsize,epochs,loss,time,mape,r2,mape_test,r2_test,mape_interpolation,r2_interpolation
0,0.45,829.0,Grid1296,0.001,251.0,200.0,50.3071174621582,0.6563320159912109,0.06805265933174404,-0.889597782676967,0.067695997400426,-0.7832388468862224,0.09103976881347171,-2.296700332856743
1,0.45,829.0,Grid2401,0.001,13.0,200.0,19.730121612548828,12.641080617904663,0.01936611214351664,0.8189675277012093,0.020789178319144924,0.8055499059439151,0.060327338321698946,-1.2684963471469777
2,0.45,829.0,Sobol1,0.001,11.0,200.0,40.12496566772461,16.911365509033203,0.08860972823848774,-0.47968495742984874,0.085071895661653,-0.5046929655378154,0.0774286946999451,-0.1850986459312982
3,0.45,829.0,Sobol2,0.001,191.0,200.0,57.584495544433594,1.2584571838378906,0.0894776013111669,-2.218787175806727,0.09671573847809906,-2.9800956418802205,0.07360352118233512,-1.1068031508004461
