,ratio,rndint,dataset,learning_rate,batchsize,epochs,loss,time,mape,r2,mape_test,r2_test,mape_interpolation,r2_interpolation
0,0.5,930.0,Grid1296,0.001,6.0,200.0,15.707722663879395,19.231993198394775,0.039168772578235825,0.4340471225173037,0.040534503263697376,0.40285546597476596,0.05822127464981905,-0.30494477851311363
1,0.5,930.0,Grid2401,0.001,881.0,200.0,65.46862030029297,0.4675323963165283,0.09323296146810252,0.25485250050585606,0.09353173986646893,0.21178289506375336,0.11701660910895265,-1.1155370751358817
2,0.5,930.0,Sobol1,0.001,6.0,200.0,4.893086910247803,34.74131488800049,0.019669235078100894,0.9718972685098107,0.018850688061441592,0.9733072433608623,0.020357566532333157,0.9515207876672791
3,0.5,930.0,Sobol2,0.001,5.0,200.0,8.810638427734375,35.353076696395874,0.01833428280129958,0.9684131807222124,0.019094182156537985,0.9728321414961347,0.018745975760197233,0.9525218437513479
