,ratio,rndint,dataset,learning_rate,batchsize,epochs,loss,time,mape,r2,mape_test,r2_test,mape_interpolation,r2_interpolation
0,0.6,759.0,Grid1296,0.001,223.0,200.0,35.924339294433594,0.9528017044067383,0.052876505642188175,-0.48555481036066483,0.05355772989875651,-0.5355864408615192,0.0776522062124056,-2.1100184679175675
1,0.6,759.0,Grid2401,0.001,7.0,200.0,9.185582160949707,30.864861011505127,0.022310594911851705,0.8364363119460074,0.024453412604049683,0.7710363687169526,0.06149951929269631,-1.2854507625774647
2,0.6,759.0,Sobol1,0.001,401.0,200.0,65.10848999023438,1.0738792419433594,0.08655824079020186,-3.4387255044262384,0.09213406570444843,-4.17106963015429,0.07278661598308003,-2.0957037708297346
3,0.6,759.0,Sobol2,0.001,5.0,200.0,10.103515625,40.940465688705444,0.01634234622383167,0.9763054775255094,0.019430978136882365,0.9682513286255988,0.017301387599947666,0.9580071576227628
