,ratio,rndint,dataset,learning_rate,batchsize,epochs,loss,time,mape,r2,mape_test,r2_test,mape_interpolation,r2_interpolation
0,0.45,249.0,Grid1296,0.001,251.0,200.0,39.040931701660156,0.6672101020812988,0.05682284312944928,-1.1001619295792016,0.055313752834611755,-1.124545950898245,0.0805273962427391,-3.132549808237436
1,0.45,249.0,Grid2401,0.001,13.0,200.0,15.901113510131836,12.630377054214478,0.01877469363457346,0.8040007770496895,0.016999902239532724,0.84250738859011,0.05809213183763532,-1.2454942713962867
2,0.45,249.0,Sobol1,0.001,11.0,200.0,41.229217529296875,16.863469123840332,0.05462128366919049,0.547365775220221,0.05772974556156192,0.4980893638028896,0.04853471566281328,0.6173917479974702
3,0.45,249.0,Sobol2,0.001,191.0,200.0,59.84858322143555,1.2778675556182861,0.09138459586110648,-2.345647987487176,0.09271993008814326,-2.1976133437091843,0.0743870605184351,-1.0169042088383904
