,ratio,rndint,dataset,learning_rate,batchsize,epochs,loss,time,mape,r2,mape_test,r2_test,mape_interpolation,r2_interpolation
0,0.45,678.0,Grid1296,0.001,251.0,200.0,46.41200637817383,0.6567111015319824,0.07246702956347302,-0.4311036051305108,0.07051208339881276,-0.4751072391821547,0.09641890701757837,-1.6345644645394435
1,0.45,678.0,Grid2401,0.001,13.0,200.0,11.292509078979492,12.845757961273193,0.019142251008125787,0.7904441953993577,0.019155537637069075,0.8370431975307127,0.0589023675639595,-1.2164815629928545
2,0.45,678.0,Sobol1,0.001,11.0,200.0,47.1955680847168,17.286382913589478,0.07214506526829954,-0.28475666220967755,0.07775884076986889,-0.7074399983059085,0.06289945550914126,0.005072273724247012
3,0.45,678.0,Sobol2,0.001,191.0,200.0,65.15148162841797,1.2607698440551758,0.08976783904231687,-3.102368105306101,0.09535652475519908,-3.623505417476009,0.0733778264438021,-1.5895311809271804
