,ratio,rndint,dataset,learning_rate,batchsize,epochs,loss,time,mape,r2,mape_test,r2_test,mape_interpolation,r2_interpolation
0,0.7,854.0,Grid1296,0.001,11.0,200.0,18.1185245513916,14.574818849563599,0.05046923149661911,-0.1808056559873965,0.05442469390918691,-0.3296323234949765,0.07433846133918233,-1.5293888193299718
1,0.7,854.0,Grid2401,0.001,617.0,200.0,31.894065856933594,0.8109390735626221,0.04569119195859546,0.31956145181249196,0.04325742702273902,0.35811328204592585,0.07988740661861099,-3.128399516768277
2,0.7,854.0,Sobol1,0.001,23.0,200.0,8.440071105957031,12.77315354347229,0.01662839999830852,0.9798838359823073,0.01621714271629086,0.9784067473808148,0.020458504215616714,0.952417007706806
3,0.7,854.0,Sobol2,0.001,29.0,200.0,38.542030334472656,11.280558824539185,0.0919940648824569,-0.8560874511872907,0.09493910671336656,-1.1842020283036234,0.0779445507646324,-0.3095916504199616
