,ratio,rndint,dataset,learning_rate,batchsize,epochs,loss,time,mape,r2,mape_test,r2_test,mape_interpolation,r2_interpolation
0,0.8,930.0,Grid1296,0.001,223.0,200.0,34.73889923095703,1.2864158153533936,0.0505436959537997,-0.4045688087108459,0.056510436213449165,-0.8232549712131676,0.07509467874770553,-2.0771503013087056
1,0.8,930.0,Grid2401,0.001,5.0,200.0,7.310204982757568,58.572046995162964,0.015527607187702555,0.8343303041763135,0.015748204618045818,0.8477506694319662,0.05510342068288914,-1.1335510366366144
2,0.8,930.0,Sobol1,0.001,401.0,200.0,59.92677307128906,1.4493553638458252,0.08818715287075798,-2.4387212023036997,0.08211995801597116,-2.5327670373184312,0.07271379407166481,-1.3480803001099977
3,0.8,930.0,Sobol2,0.001,5.0,200.0,6.943353176116943,56.56082534790039,0.017557369201668394,0.9756288746929043,0.01599884892165648,0.9840502744540699,0.01852435997570976,0.9557687738299513
