,ratio,rndint,dataset,learning_rate,batchsize,epochs,loss,time,mape,r2,mape_test,r2_test,mape_interpolation,r2_interpolation
0,0.4,272.0,Grid1296,0.001,223.0,200.0,40.320709228515625,0.6498067378997803,0.05985914345262752,-0.46246293177242537,0.06165912373631276,-0.677032178976299,0.08475268960568572,-2.0776814850562655
1,0.4,272.0,Grid2401,0.001,5.0,200.0,12.918505668640137,28.842832326889038,0.022830911404950055,0.7588670744292496,0.020527692271971133,0.815385474066975,0.06031355301871454,-1.3544654554412312
2,0.4,272.0,Sobol1,0.001,401.0,200.0,80.74064636230469,0.7179055213928223,0.11477867437671813,-1.9049758414887092,0.11620165748682056,-2.2297098002252547,0.1011398216015844,-1.1244698484169908
3,0.4,272.0,Sobol2,0.001,5.0,200.0,62.988807678222656,27.491488933563232,0.08134336156215573,-0.6445575551320089,0.08476193539888298,-0.6733510506685279,0.06528738238804516,0.07754194397415626
