,ratio,rndint,dataset,learning_rate,batchsize,epochs,loss,time,mape,r2,mape_test,r2_test,mape_interpolation,r2_interpolation
0,0.8,390.0,Grid1296,0.001,223.0,200.0,32.32149124145508,1.2875287532806396,0.05124247215918243,-0.5274794075354141,0.05680842282151222,-0.8288010615916166,0.07608976568205993,-2.262096358553036
1,0.8,390.0,Grid2401,0.001,5.0,200.0,9.804150581359863,58.65791726112366,0.017744809970064,0.8201243577775297,0.017636325000982785,0.8339528744237692,0.05750370511073689,-1.167507019887858
2,0.8,390.0,Sobol1,0.001,401.0,200.0,57.025936126708984,1.4481191635131836,0.08620754071593727,-2.5510141663478683,0.09212308146484113,-3.1671133835063072,0.07275843483038022,-1.4780291592772778
3,0.8,390.0,Sobol2,0.001,5.0,200.0,5.59796142578125,56.544870376586914,0.015103947413243465,0.980324982556834,0.015575604006136142,0.9766068435492675,0.01651376739888221,0.9598716751376046
