,ratio,rndint,dataset,learning_rate,batchsize,epochs,loss,time,mape,r2,mape_test,r2_test,mape_interpolation,r2_interpolation
0,0.95,854.0,Grid1296,0.001,5.0,200.0,8.187548637390137,43.27039098739624,0.017391154480683152,0.8728203864643203,0.025763163900977753,0.7078852789476174,0.03914274186568359,0.624086178144639
1,0.95,854.0,Grid2401,0.001,6.0,200.0,7.773773193359375,57.00473237037659,0.01192894337011475,0.8663851259542437,0.013532175632089374,0.9101191196652342,0.048898271686434784,-0.6230248007608239
2,0.95,854.0,Sobol1,0.001,7.0,200.0,4.947239398956299,56.432424783706665,0.011673248708044938,0.9903153202526409,0.010205489508397128,0.9892463630712124,0.015470186052749928,0.9674697564644476
3,0.95,854.0,Sobol2,0.001,6.0,200.0,6.128570556640625,55.06224822998047,0.01972490963393744,0.9668887810527342,0.018054721588355905,0.970856368442106,0.017612863989109776,0.9552302371373798
