,ratio,rndint,dataset,learning_rate,batchsize,epochs,loss,time,mape,r2,mape_test,r2_test,mape_interpolation,r2_interpolation
0,0.25,634.0,Grid1296,0.001,9.0,200.0,26.44236183166504,6.515995264053345,0.05659978007783576,-0.28536978812995284,0.05082582049908611,0.23687943174600434,0.07517797482343373,-0.820776259333891
1,0.25,634.0,Grid2401,0.001,5.0,200.0,35.395835876464844,18.440601110458374,0.016822653283599602,0.8700091706086667,0.018191735305879298,0.8057937544727167,0.05830251881961025,-1.3659453656576432
2,0.25,634.0,Sobol1,0.001,167.0,200.0,55.844757080078125,0.9643218517303467,0.08392355362676082,-4.135680040624693,0.09072144547041566,-4.725908557308501,0.07279697936077496,-2.6434785490986026
3,0.25,634.0,Sobol2,0.001,5.0,200.0,34.1829948425293,17.75974941253662,0.07718151127309145,-0.7354727223282718,0.08540414782899719,-1.0924731496938378,0.06539506058385915,-0.12993964442518768
