,ratio,rndint,dataset,learning_rate,batchsize,epochs,loss,time,mape,r2,mape_test,r2_test,mape_interpolation,r2_interpolation
0,0.7,237.0,Grid1296,0.001,11.0,200.0,20.479469299316406,14.490638017654419,0.0388105733194918,0.4401936995638489,0.04435786595578972,0.10848290667074179,0.05887740935208633,-0.4748341002765504
1,0.7,237.0,Grid2401,0.001,617.0,200.0,32.24296569824219,0.8106513023376465,0.046518844406730944,0.4933546991154404,0.05252330375124525,0.3552929275520521,0.08347456426411735,-2.366267686942332
2,0.7,237.0,Sobol1,0.001,23.0,200.0,45.214805603027344,12.661273002624512,0.0771506131875591,-0.3918736142207262,0.09047340300826082,-0.9345856544578077,0.0697016750007127,-0.10544088612901237
3,0.7,237.0,Sobol2,0.001,29.0,200.0,56.4443359375,11.2296302318573,0.09275020567481952,-0.8704296875120243,0.09391806844567768,-1.0639525950922009,0.07825487399444324,-0.29684572875185
