,ratio,rndint,dataset,learning_rate,batchsize,epochs,loss,time,mape,r2,mape_test,r2_test,mape_interpolation,r2_interpolation
0,0.45,999.0,Grid1296,0.001,251.0,200.0,48.66157150268555,0.6516304016113281,0.07126155850943357,-0.33336770980448827,0.07373992496716453,-0.6827551075726574,0.09732275569612002,-1.7176232145166828
1,0.45,999.0,Grid2401,0.001,13.0,200.0,9.888906478881836,12.68106460571289,0.017767012125344837,0.8373001188305956,0.019140636671248514,0.8025541348396191,0.058714339150608294,-1.2865452700896318
2,0.45,999.0,Sobol1,0.001,11.0,200.0,46.026737213134766,16.660255908966064,0.05777939086562229,0.51580200685105,0.05722675648907241,0.49459719428762516,0.048908047072400304,0.6086140753142038
3,0.45,999.0,Sobol2,0.001,191.0,200.0,64.62178802490234,1.2484285831451416,0.09253481593688784,-2.684910876306776,0.0925011873383383,-2.66371143171117,0.07357210312921975,-1.185287481720942
