,ratio,rndint,dataset,learning_rate,batchsize,epochs,loss,time,mape,r2,mape_test,r2_test,mape_interpolation,r2_interpolation
0,0.75,588.0,Grid1296,0.001,9.0,200.0,23.5845947265625,19.17124843597412,0.042060566283096956,0.4029683253732316,0.042268274150593095,0.46273129459627715,0.06971715528821086,-0.3535832913074948
1,0.75,588.0,Grid2401,0.001,661.0,200.0,33.12861251831055,0.8331739902496338,0.045147913091601356,0.19473325956318333,0.04755712264262583,0.10437289492078738,0.08149819611029675,-3.8255684435187947
2,0.75,588.0,Sobol1,0.001,9.0,200.0,34.91399383544922,34.478270292282104,0.07851633514217315,-0.16939378361878088,0.08247710664580495,-0.3761870329362722,0.0674474844815895,0.15075997678752495
3,0.75,588.0,Sobol2,0.001,5.0,200.0,17.649377822875977,52.997798204422,0.026135062760743392,0.9560989095168497,0.02235456289770581,0.958093106681021,0.022174017225571323,0.9442679627893532
