,ratio,rndint,dataset,learning_rate,batchsize,epochs,loss,time,mape,r2,mape_test,r2_test,mape_interpolation,r2_interpolation
0,0.1,554.0,Grid1296,0.001,37.0,200.0,32.0550651550293,0.8520298004150391,0.05895312937476901,-2.4714229236740515,0.05315819142911821,-1.2618410288398216,0.0786464564973688,-3.6132352735563193
1,0.1,554.0,Grid2401,0.001,8.0,200.0,31.481613159179688,4.682466983795166,0.047996879673573606,0.35059574813595795,0.04504933094098143,0.369664984098108,0.07448080033404046,-2.233936955833086
2,0.1,554.0,Sobol1,0.001,5.0,200.0,32.04546356201172,8.465616941452026,0.08199426176420958,-0.7094464794991675,0.09320842952510879,-0.8412916521435523,0.08321447621898025,-0.49711111714361467
3,0.1,554.0,Sobol2,0.001,5.0,200.0,72.591796875,7.2043561935424805,0.09299259414298058,-0.9478975304124959,0.0913205467037707,-0.8569936086415697,0.07766225368584438,-0.3370661777441073
