,ratio,rndint,dataset,learning_rate,batchsize,epochs,loss,time,mape,r2,mape_test,r2_test,mape_interpolation,r2_interpolation
0,0.9,669.0,Grid1296,0.001,251.0,200.0,33.722957611083984,1.319366455078125,0.05197876479264062,-0.3955239187259645,0.04883736339347943,-0.36451852737997625,0.07488247856685991,-1.8823541287606669
1,0.9,669.0,Grid2401,0.001,13.0,200.0,12.738901138305664,25.486894845962524,0.017250045126623766,0.8243023146084962,0.015485199123618858,0.8583459741489893,0.05847650995687291,-1.277290681207241
2,0.9,669.0,Sobol1,0.001,11.0,200.0,31.187681198120117,34.1007764339447,0.041684292057997355,0.8605135294226121,0.04165062431652805,0.8297392763127054,0.04254160747295963,0.8186264666606731
3,0.9,669.0,Sobol2,0.001,5.0,200.0,7.974633693695068,63.39972162246704,0.016800550400155764,0.9808108416725636,0.01756200024001454,0.9776749852599433,0.01850364080478568,0.9604930373197592
