,ratio,rndint,dataset,learning_rate,batchsize,epochs,loss,time,mape,r2,mape_test,r2_test,mape_interpolation,r2_interpolation
0,0.7,390.0,Grid1296,0.001,11.0,200.0,15.059581756591797,14.662744760513306,0.036292001162562045,0.5376400576679178,0.03898924120808728,0.4458507889601835,0.06572352356495197,-0.18503919490425602
1,0.7,390.0,Grid2401,0.001,617.0,200.0,31.452878952026367,0.817516565322876,0.044914086989313005,0.2750026971687738,0.0434135389586738,0.36397799184082236,0.08025154026565402,-3.365021787793907
2,0.7,390.0,Sobol1,0.001,23.0,200.0,32.518611907958984,12.92825961112976,0.046555794666085816,0.8333651573572395,0.044795708042257104,0.8618001314597991,0.04584620822151293,0.8004459446936572
3,0.7,390.0,Sobol2,0.001,29.0,200.0,38.36166000366211,11.276802062988281,0.09061003652094204,-0.782487541057634,0.09532943495387479,-0.9534484138663426,0.07681320120536594,-0.209857444050779
