,ratio,rndint,dataset,learning_rate,batchsize,epochs,loss,time,mape,r2,mape_test,r2_test,mape_interpolation,r2_interpolation
0,0.7,78.0,Grid1296,0.001,11.0,200.0,25.655445098876953,14.68215560913086,0.034104736031601336,0.5634549239057409,0.04467969111524292,0.19825608078773083,0.06454916180714863,-0.293819131399188
1,0.7,78.0,Grid2401,0.001,617.0,200.0,32.15261459350586,0.8153402805328369,0.045005272370396844,0.3730224857783577,0.04763569286867157,0.2399952351916188,0.08152460253388456,-3.134232803389737
2,0.7,78.0,Sobol1,0.001,23.0,200.0,56.2718391418457,12.802444219589233,0.0773866058956176,-0.5480979168544833,0.07690517768773636,-0.36457063242068855,0.0646344206718761,-0.010738995225893166
3,0.7,78.0,Sobol2,0.001,29.0,200.0,42.33263397216797,11.278133869171143,0.07357719280740393,0.06341132958445339,0.08002800032665214,-0.2167201040991522,0.05996630041101285,0.3792678522743739
