,ratio,rndint,dataset,learning_rate,batchsize,epochs,loss,time,mape,r2,mape_test,r2_test,mape_interpolation,r2_interpolation
0,0.45,725.0,Grid1296,0.001,251.0,200.0,44.056034088134766,0.6689348220825195,0.0632559024939745,-0.8335391802754022,0.05925077414036988,-0.699469097501509,0.0845013485936881,-2.373709369214278
1,0.45,725.0,Grid2401,0.001,13.0,200.0,39.26380157470703,12.613235235214233,0.040801792367231866,0.2943834555778728,0.04230820190054127,0.18443485142042382,0.07340333664587766,-3.448291957934271
2,0.45,725.0,Sobol1,0.001,11.0,200.0,41.62057876586914,16.89975357055664,0.09671428608449546,-0.48326739696033383,0.09220884887251568,-0.5227242739118447,0.08593717232965353,-0.24957514698543015
3,0.45,725.0,Sobol2,0.001,191.0,200.0,61.1132698059082,1.2836639881134033,0.09180435338487292,-1.9765468710515175,0.09656911008074638,-2.4236253937032335,0.07405886556459335,-0.8321507165228075
