,ratio,rndint,dataset,learning_rate,batchsize,epochs,loss,time,mape,r2,mape_test,r2_test,mape_interpolation,r2_interpolation
0,0.55,294.0,Grid1296,0.001,613.0,200.0,69.98814392089844,0.4055209159851074,0.10257682395736308,-0.1731333794587937,0.11181462406669106,-0.3787621322910657,0.13194505198149614,-0.8486616232803392
1,0.55,294.0,Grid2401,0.001,17.0,200.0,15.078940391540527,11.74072813987732,0.019811866862716316,0.8046475329334916,0.019257320668131742,0.8239571656680827,0.05893796247493016,-1.3021344338539453
2,0.55,294.0,Sobol1,0.001,19.0,200.0,61.587005615234375,11.940772533416748,0.08329024575238014,-0.5104148012602039,0.08264433023509848,-0.4765551847200995,0.07260990486243657,-0.112872937538959
3,0.55,294.0,Sobol2,0.001,5.0,200.0,11.934045791625977,38.09334397315979,0.020827413742972315,0.9726924515124424,0.02238694809967152,0.9618431406468264,0.017469741239117896,0.9577288621551105
