,ratio,rndint,dataset,learning_rate,batchsize,epochs,loss,time,mape,r2,mape_test,r2_test,mape_interpolation,r2_interpolation
0,0.65,999.0,Grid1296,0.001,5.0,200.0,17.413171768188477,29.426401138305664,0.02569637752100038,0.7112833001983248,0.031169594621146476,0.5030067254727815,0.054579807343066694,0.07955404632836616
1,0.65,999.0,Grid2401,0.001,5.0,200.0,30.773681640625,46.51338744163513,0.043126281821987966,0.2987790511403148,0.04228870072664062,0.2724489282942467,0.07694693162954055,-3.626887192945004
2,0.65,999.0,Sobol1,0.001,1303.0,200.0,97.1455307006836,0.5499258041381836,0.14237228817356234,-1.8709044918434157,0.13520683337075518,-1.367664986629205,0.12803229704324987,-0.9598251924161607
3,0.65,999.0,Sobol2,0.001,5.0,200.0,7.997290134429932,44.7749137878418,0.020673470389344646,0.9676669331067836,0.020501662273131337,0.9787820952309129,0.019109767458269693,0.9581257363034151
