,ratio,rndint,dataset,learning_rate,batchsize,epochs,loss,time,mape,r2,mape_test,r2_test,mape_interpolation,r2_interpolation
0,0.9,936.0,Grid1296,0.001,251.0,200.0,30.7646427154541,1.3022825717926025,0.05102223808252864,-0.24772554188476614,0.05105220158443545,-0.1597561879890219,0.07409524627248605,-1.5995930867817112
1,0.9,936.0,Grid2401,0.001,13.0,200.0,14.828594207763672,25.46200203895569,0.017428322566222867,0.833616831362256,0.020423263154917458,0.6507889543777339,0.057906686376937494,-1.3233946770676779
2,0.9,936.0,Sobol1,0.001,11.0,200.0,6.501170635223389,34.09709548950195,0.01586893109034769,0.981476912823902,0.01604088518404114,0.9831913578923639,0.019847495764363288,0.9558848557539711
3,0.9,936.0,Sobol2,0.001,5.0,200.0,1.8791992664337158,63.29629611968994,0.017308004908278805,0.9782312789557686,0.018986523924685948,0.9759631831828589,0.018891560811848458,0.9593149346562041
