,ratio,rndint,dataset,learning_rate,batchsize,epochs,loss,time,mape,r2,mape_test,r2_test,mape_interpolation,r2_interpolation
0,0.75,633.0,Grid1296,0.001,9.0,200.0,17.11077117919922,19.16682767868042,0.03622064635598944,0.4826903558156628,0.03484684003106917,0.598053437304535,0.062132526276250065,-0.16048358969504517
1,0.75,633.0,Grid2401,0.001,661.0,200.0,37.528892517089844,0.8405721187591553,0.05166478020304916,0.33825191249389586,0.05405218452951879,0.35205730725851314,0.08753962276269557,-2.726187732515158
2,0.75,633.0,Sobol1,0.001,9.0,200.0,14.631669998168945,34.41665959358215,0.01822890020606749,0.9753554106913599,0.015501898388660382,0.9829650931877832,0.02127448193088142,0.9500151033417934
3,0.75,633.0,Sobol2,0.001,5.0,200.0,8.441858291625977,52.55102205276489,0.017228113195773758,0.971142496303216,0.022164452765213304,0.9577701428260333,0.01821396149314876,0.948750431030422
