,ratio,rndint,dataset,learning_rate,batchsize,epochs,loss,time,mape,r2,mape_test,r2_test,mape_interpolation,r2_interpolation
0,0.1,985.0,Grid1296,0.001,37.0,200.0,46.21068572998047,0.8541240692138672,0.0581789588900032,-1.3726531070872192,0.053547566035328203,-0.5938543403112282,0.07913501072806425,-2.3907459886029128
1,0.1,985.0,Grid2401,0.001,8.0,200.0,43.49681854248047,4.698678493499756,0.043236146371241874,0.6205574291670635,0.04112221904604937,0.6651460625995187,0.07108449382159698,-1.0961444637362443
2,0.1,985.0,Sobol1,0.001,5.0,200.0,76.78756713867188,8.494640827178955,0.08606661829221249,-0.14008867601994135,0.08680201403347722,-0.06910315363462538,0.07900944150213082,0.09042377092458298
3,0.1,985.0,Sobol2,0.001,5.0,200.0,20.501794815063477,7.231857061386108,0.09128933754695244,-0.5500466899156278,0.09707275136160717,-0.286319670346332,0.08444408451964762,0.01846204596272294
