,ratio,rndint,dataset,learning_rate,batchsize,epochs,loss,time,mape,r2,mape_test,r2_test,mape_interpolation,r2_interpolation
0,0.85,561.0,Grid1296,0.001,6.0,200.0,42.44294738769531,32.28215265274048,0.02756781357751596,0.6719917233082083,0.019604490694702183,0.8676733513942174,0.05574250881779713,0.197097627910353
1,0.85,561.0,Grid2401,0.001,7.0,200.0,8.594473838806152,44.24141812324524,0.016801500720652077,0.8294857299088516,0.017661764644377506,0.7461892082294488,0.0578429625247225,-1.4478892580015792
2,0.85,561.0,Sobol1,0.001,6.0,200.0,13.96819019317627,58.14954495429993,0.015593054569906891,0.981116426016931,0.017247750349567204,0.9802194924439276,0.018094195159819398,0.9604970216863925
3,0.85,561.0,Sobol2,0.001,19.0,200.0,73.421630859375,15.64346194267273,0.08971724665045812,-0.8450183336884742,0.08876028104069228,-0.7402518285173001,0.07368071609656814,-0.155916824828483
