,ratio,rndint,dataset,learning_rate,batchsize,epochs,loss,time,mape,r2,mape_test,r2_test,mape_interpolation,r2_interpolation
0,0.5,999.0,Grid1296,0.001,6.0,200.0,16.965646743774414,18.797464609146118,0.032568661517372526,0.6011699755868407,0.03978956373689422,0.36181030192024966,0.06111460354743495,-0.2466380904738521
1,0.5,999.0,Grid2401,0.001,881.0,200.0,66.48540496826172,0.46231746673583984,0.09262157995904213,0.20393330548119437,0.09404792410020353,0.0981506862151924,0.12044492735221227,-1.4027878452683962
2,0.5,999.0,Sobol1,0.001,6.0,200.0,9.239161491394043,33.95357012748718,0.01976688548826536,0.9737797542011392,0.02018983573254761,0.9695823885858146,0.020172935186362366,0.9535564146611609
3,0.5,999.0,Sobol2,0.001,5.0,200.0,8.490503311157227,34.29841756820679,0.01898307449368069,0.9647657554790127,0.01875156520985542,0.9740398709492002,0.01765810793021413,0.9558366435083264
