,ratio,rndint,dataset,learning_rate,batchsize,epochs,loss,time,mape,r2,mape_test,r2_test,mape_interpolation,r2_interpolation
0,0.75,725.0,Grid1296,0.001,9.0,200.0,12.970818519592285,19.25801706314087,0.05229554207825846,-0.11736947767282335,0.04832200817763422,-0.09611188177111019,0.07527510566800376,-1.3086450906956282
1,0.75,725.0,Grid2401,0.001,661.0,200.0,32.74850082397461,0.8562946319580078,0.046299584312947735,0.39879628981046633,0.047193065546050024,0.32412779598044295,0.08135647083555074,-2.8070971505816944
2,0.75,725.0,Sobol1,0.001,9.0,200.0,15.46721363067627,34.63224673271179,0.04361034103819068,0.8291469453287144,0.04375860854562889,0.8000977744587457,0.041423045700953016,0.8055145864689846
3,0.75,725.0,Sobol2,0.001,5.0,200.0,10.849767684936523,52.35632514953613,0.022513129608836533,0.9629239749007079,0.023423076959715624,0.9639339341289768,0.020054956913719276,0.9494760633862241
