,ratio,rndint,dataset,learning_rate,batchsize,epochs,loss,time,mape,r2,mape_test,r2_test,mape_interpolation,r2_interpolation
0,0.85,877.0,Grid1296,0.001,6.0,200.0,9.69481372833252,31.864951133728027,0.021393647913616854,0.8317511158382718,0.016335827247616588,0.8834044309531214,0.047700485938868234,0.5345910171042241
1,0.85,877.0,Grid2401,0.001,7.0,200.0,11.919625282287598,43.986350297927856,0.016932848475574393,0.8212997999082686,0.017900386420288395,0.8277059018770332,0.05833989029057424,-1.2066464737814737
2,0.85,877.0,Sobol1,0.001,6.0,200.0,3.3824870586395264,57.899409770965576,0.01004316922075112,0.9926716524615468,0.01075664519471751,0.9927367607983454,0.016499844234346122,0.9654123663580831
3,0.85,877.0,Sobol2,0.001,19.0,200.0,27.161550521850586,15.562979221343994,0.04191329679063529,0.8619992651863835,0.04513485484338606,0.8608990368198013,0.04072651760549517,0.8068633035841969
