,ratio,rndint,dataset,learning_rate,batchsize,epochs,loss,time,mape,r2,mape_test,r2_test,mape_interpolation,r2_interpolation
0,0.5,35.0,Grid1296,0.001,6.0,200.0,71.4367446899414,18.796837329864502,0.05107094235738846,-0.1606153328432971,0.05397544668184286,-0.16396318668893994,0.07623543616569892,-1.358734890387665
1,0.5,35.0,Grid2401,0.001,881.0,200.0,65.95227813720703,0.46596550941467285,0.09260381469569279,0.11059218044040431,0.08960324948871072,0.17382929833389338,0.11750169538381983,-1.5030506053686175
2,0.5,35.0,Sobol1,0.001,6.0,200.0,35.6802864074707,33.71905851364136,0.06203615192983864,0.544616832353586,0.060815350870301564,0.5526645424995322,0.05732649988565036,0.5314902113517372
3,0.5,35.0,Sobol2,0.001,5.0,200.0,5.196862697601318,34.29896903038025,0.018345606413099697,0.975278869396226,0.020422508165827948,0.9682690519737636,0.01824756478463419,0.9568858922514732
