,ratio,rndint,dataset,learning_rate,batchsize,epochs,loss,time,mape,r2,mape_test,r2_test,mape_interpolation,r2_interpolation
0,0.7,147.0,Grid1296,0.001,11.0,200.0,31.468656539916992,14.640466213226318,0.04921075976990716,-0.10319823944166351,0.0559812955717846,-0.4065117628854287,0.07405034304505002,-1.4649509958857956
1,0.7,147.0,Grid2401,0.001,617.0,200.0,32.41919708251953,0.8249695301055908,0.04543058622334428,0.3759298395021077,0.045700319707757016,0.44030719800108753,0.08077586535721157,-2.8120055862292843
2,0.7,147.0,Sobol1,0.001,23.0,200.0,80.68641662597656,12.715830326080322,0.0868981210226345,-0.871843247210883,0.08874821457779614,-0.7834501463102257,0.07698624993105616,-0.3944240116168445
3,0.7,147.0,Sobol2,0.001,29.0,200.0,64.05516815185547,11.6781644821167,0.09487110553665613,-0.8373005617190168,0.09258381827033642,-0.9038337748,0.07966300096286559,-0.26615759310482967
