,ratio,rndint,dataset,learning_rate,batchsize,epochs,loss,time,mape,r2,mape_test,r2_test,mape_interpolation,r2_interpolation
0,0.4,669.0,Grid1296,0.001,223.0,200.0,46.426761627197266,0.6486632823944092,0.06593436264822987,-0.6719939996667417,0.06564569703926558,-0.4178743756326322,0.09045167671366629,-1.8420319886494503
1,0.4,669.0,Grid2401,0.001,5.0,200.0,31.354150772094727,29.425652980804443,0.04250669650661547,0.18371639017890717,0.04341623490186489,0.19961761084699525,0.07498666730160033,-3.5187304712754495
2,0.4,669.0,Sobol1,0.001,401.0,200.0,76.84635925292969,0.7256138324737549,0.10633592283667738,-2.881636922395963,0.10937206118906131,-3.0398846459476125,0.09205346588377195,-1.6477763260676763
3,0.4,669.0,Sobol2,0.001,5.0,200.0,43.81958770751953,28.141818523406982,0.054109366345237137,0.36342835625910563,0.05647318934603297,0.3720994380149031,0.0410987481189279,0.6077882248906097
