,ratio,rndint,dataset,learning_rate,batchsize,epochs,loss,time,mape,r2,mape_test,r2_test,mape_interpolation,r2_interpolation
0,0.65,48.0,Grid1296,0.001,5.0,200.0,12.989465713500977,29.28074026107788,0.03703950139719096,0.42610675974722056,0.03686431043157603,0.47905197217583106,0.06185549274700333,-0.3345701953768456
1,0.65,48.0,Grid2401,0.001,5.0,200.0,26.741052627563477,46.49473309516907,0.018064096659063045,0.8230073679028821,0.019831690334483218,0.8023709906350985,0.05801082750889272,-1.1408662728095802
2,0.65,48.0,Sobol1,0.001,1303.0,200.0,96.61890411376953,0.5499286651611328,0.14541273154889078,-1.1847854140806167,0.14211426386087336,-1.3874813849288712,0.13470402775236062,-0.6944497206893396
3,0.65,48.0,Sobol2,0.001,5.0,200.0,23.354755401611328,44.853001832962036,0.01887000718297902,0.9721682164340731,0.021105336730304004,0.9750173249863522,0.02227477196877431,0.947941845105834
