,ratio,rndint,dataset,learning_rate,batchsize,epochs,loss,time,mape,r2,mape_test,r2_test,mape_interpolation,r2_interpolation
0,0.75,561.0,Grid1296,0.001,9.0,200.0,51.6535530090332,19.43564796447754,0.052988825447067456,-0.24033934167776616,0.04915417221815496,0.025511873110956262,0.07614448981237554,-1.4069641439857015
1,0.75,561.0,Grid2401,0.001,661.0,200.0,30.259387969970703,0.8318161964416504,0.04425299368016851,0.3913891049378152,0.04799983160696941,0.1813325114183878,0.08039626538237069,-3.1149596290032884
2,0.75,561.0,Sobol1,0.001,9.0,200.0,9.96506404876709,34.081581830978394,0.01611105648106168,0.9815140710731168,0.01988009102838317,0.9752850111992578,0.020914763255678804,0.9538224105551814
3,0.75,561.0,Sobol2,0.001,5.0,200.0,5.711779594421387,52.02972388267517,0.0232875645589579,0.9680498389628568,0.021388928943055503,0.9706320527014438,0.018055626175951394,0.9619943059414352
