,ratio,rndint,dataset,learning_rate,batchsize,epochs,loss,time,mape,r2,mape_test,r2_test,mape_interpolation,r2_interpolation
0,0.3,48.0,Grid1296,0.001,167.0,200.0,35.39445495605469,0.6183419227600098,0.05718242352121694,-1.34627242825219,0.05684422384540118,-1.5297789958625647,0.08226224553462651,-3.77472513995982
1,0.3,48.0,Grid2401,0.001,6.0,200.0,26.615671157836914,17.93928289413452,0.01895903714946311,0.8319686509844508,0.020948868390214898,0.7930494203450316,0.05914625923134478,-1.2278725675872484
2,0.3,48.0,Sobol1,0.001,601.0,200.0,96.22024536132812,0.4041306972503662,0.14517998312248423,-1.558812343798965,0.14223230286911123,-1.4928618540506218,0.13301248401658647,-0.8781046605194895
3,0.3,48.0,Sobol2,0.001,5.0,200.0,65.07830047607422,20.76633310317993,0.06204682771123534,0.22403165532596758,0.07322983269780914,-0.0021586907091584173,0.054953215482461265,0.43877613173189256
