,ratio,rndint,dataset,learning_rate,batchsize,epochs,loss,time,mape,r2,mape_test,r2_test,mape_interpolation,r2_interpolation
0,0.6,16.0,Grid1296,0.001,223.0,200.0,39.487060546875,0.9553170204162598,0.054045290560386094,-0.6402197025510801,0.04988343710819194,-0.29535273065144896,0.07593849519610422,-2.1385398779982445
1,0.6,16.0,Grid2401,0.001,7.0,200.0,7.8667426109313965,31.226408004760742,0.020244574939382812,0.7788481416743862,0.018544972103249336,0.827887515428053,0.05917562289756796,-1.4599971703899643
2,0.6,16.0,Sobol1,0.001,401.0,200.0,58.56710433959961,1.1456236839294434,0.08976678780867628,-3.2482272960420557,0.08489005996661861,-2.8721099070830878,0.0726507928656165,-1.7337300211636344
3,0.6,16.0,Sobol2,0.001,5.0,200.0,7.147717475891113,41.37405753135681,0.04413334267180851,0.8311898588983081,0.045941043994142866,0.8145010731023721,0.04143517769590469,0.7635822710263023
