,ratio,rndint,dataset,learning_rate,batchsize,epochs,loss,time,mape,r2,mape_test,r2_test,mape_interpolation,r2_interpolation
0,0.2,986.0,Grid1296,0.001,223.0,200.0,78.05586242675781,0.32900118827819824,0.11993988271833445,-0.48216342912354837,0.11467913143880856,-0.34817724505044856,0.1419980962071028,-0.9530079544096963
1,0.2,986.0,Grid2401,0.001,8.0,200.0,17.38245391845703,9.273689985275269,0.03205926312305456,0.6052316394045356,0.0331516343146013,0.6255642412812773,0.06826070561372616,-2.3515729766294715
2,0.2,986.0,Sobol1,0.001,401.0,200.0,99.35306549072266,0.3709421157836914,0.1526217376388556,-0.9822912367540626,0.15730941938652887,-1.2824382489731123,0.1486958311474671,-0.7233024944663458
3,0.2,986.0,Sobol2,0.001,5.0,200.0,79.5571060180664,14.288346290588379,0.0987451267903026,-0.6944162997459147,0.09572553742257599,-0.6639224506220027,0.08296076576141628,-0.19845390596470347
