,ratio,rndint,dataset,learning_rate,batchsize,epochs,loss,time,mape,r2,mape_test,r2_test,mape_interpolation,r2_interpolation
0,0.45,936.0,Grid1296,0.001,251.0,200.0,45.73961639404297,0.6532979011535645,0.07154187303510699,-0.3978977000002193,0.07385698555109747,-0.6549459219872107,0.09830571430959786,-1.7412562076958897
1,0.45,936.0,Grid2401,0.001,13.0,200.0,15.43304443359375,12.759955167770386,0.025095585196213733,0.7734232224099657,0.024151209273820477,0.8085263449610457,0.06188667255488091,-1.368220405074854
2,0.45,936.0,Sobol1,0.001,11.0,200.0,61.89287185668945,17.09681224822998,0.08005685963267226,-0.1350214067176665,0.08351513279656897,-0.37107889087854296,0.07295170857699039,-0.008720628523162688
3,0.45,936.0,Sobol2,0.001,191.0,200.0,67.10936737060547,1.253666877746582,0.09400639571552868,-2.754638854239757,0.09219295322928436,-2.4158210726231153,0.07345458336672944,-1.0804722438351577
