,ratio,rndint,dataset,learning_rate,batchsize,epochs,loss,time,mape,r2,mape_test,r2_test,mape_interpolation,r2_interpolation
0,0.4,731.0,Grid1296,0.001,223.0,200.0,43.42351150512695,0.6564774513244629,0.0625083202057671,-0.5920878577643194,0.06020964223963695,-0.7193488438247435,0.08476625694526065,-2.19973991107803
1,0.4,731.0,Grid2401,0.001,5.0,200.0,6.926184177398682,28.85805606842041,0.01968907686859214,0.8255771853375272,0.018938370001409247,0.809934600793976,0.05909670182373542,-1.3229533087930312
2,0.4,731.0,Sobol1,0.001,401.0,200.0,68.27690887451172,0.736231803894043,0.10686664641817036,-2.4221889692151173,0.11330094708180724,-3.1692279540955264,0.09463768758151034,-1.5771090230392222
3,0.4,731.0,Sobol2,0.001,5.0,200.0,9.209668159484863,27.853650093078613,0.02222768227171532,0.9616239213037246,0.02149329522753437,0.9700668504653049,0.02109490997730797,0.9509399713892914
