,ratio,rndint,dataset,learning_rate,batchsize,epochs,loss,time,mape,r2,mape_test,r2_test,mape_interpolation,r2_interpolation
0,0.4,725.0,Grid1296,0.001,223.0,200.0,44.868736267089844,0.6559858322143555,0.0628788153265894,-0.6382950060305661,0.060326049002478684,-0.4925616580776835,0.08454128312383685,-1.9796504641939503
1,0.4,725.0,Grid2401,0.001,5.0,200.0,6.205224514007568,28.921477794647217,0.01682412327514773,0.831142812332643,0.017157781698456834,0.8108699392064305,0.05705777235664034,-1.3200414292232474
2,0.4,725.0,Sobol1,0.001,401.0,200.0,72.50717163085938,0.7380084991455078,0.11476370918799,-3.235351243424219,0.10751317207569921,-2.675861572030154,0.09521758024587301,-1.6404773449616705
3,0.4,725.0,Sobol2,0.001,5.0,200.0,27.75677490234375,27.88995385169983,0.08497840788726932,-0.18439730636738005,0.09468108495130906,-0.6158286288547024,0.07352138129810426,0.13730250058829507
