,ratio,rndint,dataset,learning_rate,batchsize,epochs,loss,time,mape,r2,mape_test,r2_test,mape_interpolation,r2_interpolation
0,0.65,554.0,Grid1296,0.001,5.0,200.0,8.933642387390137,29.562447786331177,0.020304205315111862,0.8265784720709652,0.017838103291636112,0.8665722714251063,0.040987181627606735,0.529351975840201
1,0.65,554.0,Grid2401,0.001,5.0,200.0,5.172082424163818,46.872982025146484,0.021863124692397644,0.8129571510089357,0.021091269652280607,0.8473728315725252,0.05394539819283413,-0.5769627252257887
2,0.65,554.0,Sobol1,0.001,1303.0,200.0,96.91976165771484,0.549748420715332,0.14448734027953003,-1.5695436660404383,0.14230407108211687,-1.3771994912064147,0.13330900813322263,-0.8617189374675103
3,0.65,554.0,Sobol2,0.001,5.0,200.0,8.798547744750977,45.24817681312561,0.022591790787547857,0.9723744377630238,0.023631364504017406,0.9648041759070338,0.018372945493494615,0.9617055979670853
