,ratio,rndint,dataset,learning_rate,batchsize,epochs,loss,time,mape,r2,mape_test,r2_test,mape_interpolation,r2_interpolation
0,0.65,678.0,Grid1296,0.001,5.0,200.0,23.435876846313477,30.376023054122925,0.048439008118190574,-0.031225287983763783,0.0475289193812138,0.11873015256362374,0.07016999613454059,-1.106943204384263
1,0.65,678.0,Grid2401,0.001,5.0,200.0,9.880932807922363,47.759671688079834,0.02395095189358731,0.7968940527002709,0.0226750163419635,0.8286565195048321,0.062324036930219984,-1.235915995798282
2,0.65,678.0,Sobol1,0.001,1303.0,200.0,102.3306884765625,0.554661750793457,0.15704426036343722,-0.957385801852876,0.15809625799322538,-1.114142582658841,0.1499982183158584,-0.565131552088024
3,0.65,678.0,Sobol2,0.001,5.0,200.0,11.26812744140625,46.119317054748535,0.020881950951689942,0.9656992932615591,0.01929981032642986,0.9751850425912388,0.019909542645812787,0.953427662970148
