,ratio,rndint,dataset,learning_rate,batchsize,epochs,loss,time,mape,r2,mape_test,r2_test,mape_interpolation,r2_interpolation
0,0.5,951.0,Grid1296,0.001,6.0,200.0,58.58968734741211,19.42071843147278,0.0512510618704682,-0.3759724665753077,0.05049238748857103,-0.40505344052368186,0.07487080024045444,-1.8627618962852126
1,0.5,951.0,Grid2401,0.001,881.0,200.0,82.30699920654297,0.4657316207885742,0.12274893026348263,0.15879616347126368,0.12460537477137035,0.21828825308657962,0.13869049396771443,-0.6828833782224144
2,0.5,951.0,Sobol1,0.001,6.0,200.0,11.29615306854248,34.637243032455444,0.050789809342140134,0.4597389626785523,0.05900989726530903,0.3491303816338712,0.048048229190236075,0.546469845477608
3,0.5,951.0,Sobol2,0.001,5.0,200.0,9.069043159484863,35.04727530479431,0.020878357293601837,0.9759607421900293,0.021191467505270782,0.964102839777186,0.02062565185942596,0.953225814756112
