,ratio,rndint,dataset,learning_rate,batchsize,epochs,loss,time,mape,r2,mape_test,r2_test,mape_interpolation,r2_interpolation
0,0.85,111.0,Grid1296,0.001,6.0,200.0,33.93806076049805,32.65350127220154,0.05040048035000541,-0.1342877650527705,0.05187429680085882,-0.0332689641467836,0.0742313885768346,-1.3088072618483864
1,0.85,111.0,Grid2401,0.001,7.0,200.0,1.56024169921875,45.076441287994385,0.013108712224286613,0.8460600393230394,0.013068597552312149,0.9185112940827859,0.05148574697783687,-0.7426913633926147
2,0.85,111.0,Sobol1,0.001,6.0,200.0,3.7783610820770264,58.8898229598999,0.012525474771077532,0.9891785525420225,0.011949036600624711,0.9882603015680752,0.017190608778972435,0.9640981566815443
3,0.85,111.0,Sobol2,0.001,19.0,200.0,37.273895263671875,15.859188795089722,0.0928147545103357,-1.0549971116421601,0.09596836066522635,-0.9588308371719227,0.07860095078573671,-0.3872229169809549
