,ratio,rndint,dataset,learning_rate,batchsize,epochs,loss,time,mape,r2,mape_test,r2_test,mape_interpolation,r2_interpolation
0,0.2,48.0,Grid1296,0.001,223.0,200.0,77.51919555664062,0.32990479469299316,0.12457776803312669,-0.12631418990978216,0.1358822434760966,-0.3598426556865211,0.15981375169518375,-0.753544500704501
1,0.2,48.0,Grid2401,0.001,8.0,200.0,46.012413024902344,9.277048110961914,0.04251180659358385,0.5477737718199919,0.04293004097313305,0.5254959073517875,0.07332978820916716,-1.8398389623811733
2,0.2,48.0,Sobol1,0.001,401.0,200.0,93.7256851196289,0.37078070640563965,0.14124603539033417,-1.7132294058248867,0.14261070998330375,-1.778813076206696,0.13151908645242857,-1.051620686966697
3,0.2,48.0,Sobol2,0.001,5.0,200.0,90.54381561279297,14.288019180297852,0.08063649143897003,-0.33915595773571394,0.09407378289294425,-0.7302612268237882,0.07502729878997283,-0.03207776664045925
