,ratio,rndint,dataset,learning_rate,batchsize,epochs,loss,time,mape,r2,mape_test,r2_test,mape_interpolation,r2_interpolation
0,0.45,633.0,Grid1296,0.001,251.0,200.0,44.32160568237305,0.6628119945526123,0.06251051207348483,-0.6692397492625828,0.061169004233830274,-0.42636801569345395,0.08503321566258853,-1.9454403452598168
1,0.45,633.0,Grid2401,0.001,13.0,200.0,13.104562759399414,12.639452695846558,0.01871399698561667,0.8262768659905226,0.017913658411057774,0.8090904137876085,0.05875936978831216,-1.3696099889272646
2,0.45,633.0,Sobol1,0.001,11.0,200.0,13.23620319366455,16.950775861740112,0.019136410895424092,0.9748404753954699,0.01790153666876538,0.9735765075946171,0.020731729712347817,0.9533615735916371
3,0.45,633.0,Sobol2,0.001,191.0,200.0,57.75251007080078,1.2688510417938232,0.08666295864002585,-1.9536817458515645,0.09716222192497137,-2.975811592423522,0.07400725719429106,-1.1139504465502283
