,ratio,rndint,dataset,learning_rate,batchsize,epochs,loss,time,mape,r2,mape_test,r2_test,mape_interpolation,r2_interpolation
0,0.8,237.0,Grid1296,0.001,223.0,200.0,34.86006546020508,1.2856955528259277,0.052063348076102765,-0.4406299234630964,0.0502210159213161,-0.5172355996818587,0.0747833504087994,-2.00849886669449
1,0.8,237.0,Grid2401,0.001,5.0,200.0,4.380957126617432,57.954925298690796,0.015136708376263823,0.8556922463932548,0.020139532974143885,0.7737400286131761,0.05302811059925593,-1.051526950021846
2,0.8,237.0,Sobol1,0.001,401.0,200.0,56.454566955566406,1.441823959350586,0.08518918032457556,-1.9966146739191846,0.0935197916043922,-2.774753996793409,0.07278683852399016,-1.1415103974149083
3,0.8,237.0,Sobol2,0.001,5.0,200.0,9.259814262390137,55.431045055389404,0.023855494828973527,0.9567522032443746,0.024087718296344,0.9598245864074769,0.024739941720887223,0.932099586590601
