,ratio,rndint,dataset,learning_rate,batchsize,epochs,loss,time,mape,r2,mape_test,r2_test,mape_interpolation,r2_interpolation
0,0.35,996.0,Grid1296,0.001,5.0,200.0,14.950085639953613,16.038819789886475,0.05374681285230196,-0.3618592007124102,0.06048791261721132,-0.3737774593528418,0.08420688758344363,-1.5253605850963896
1,0.35,996.0,Grid2401,0.001,617.0,200.0,77.02533721923828,0.408038854598999,0.11910837210541618,0.18644434243198416,0.12238766343937242,0.14217963527275523,0.13471060503226698,-0.7332528802767497
2,0.35,996.0,Sobol1,0.001,701.0,200.0,97.56166076660156,0.4264795780181885,0.14702416809075458,-1.2971235540883579,0.14553374418432583,-1.597380904952736,0.13606116906246815,-0.864307811947074
3,0.35,996.0,Sobol2,0.001,5.0,200.0,38.0682258605957,24.461849212646484,0.0682923350603944,0.31014090519249915,0.07185184394137947,0.20874824034524286,0.06070339382215294,0.3410783620303539
