,ratio,rndint,dataset,learning_rate,batchsize,epochs,loss,time,mape,r2,mape_test,r2_test,mape_interpolation,r2_interpolation
0,0.6,996.0,Grid1296,0.001,223.0,200.0,36.08005905151367,0.9671127796173096,0.0515934792173371,-0.6727157372361101,0.052189456891090016,-0.6100498736543689,0.07528164921040165,-2.3609613340569626
1,0.6,996.0,Grid2401,0.001,7.0,200.0,13.474461555480957,31.51483392715454,0.018467228652349194,0.824892255889748,0.018691765386074966,0.8355737040416746,0.058753562034967774,-1.118045505354496
2,0.6,996.0,Sobol1,0.001,401.0,200.0,56.369022369384766,1.0871529579162598,0.08623250082975699,-3.308832928427057,0.09480857882954279,-4.135605368777006,0.07318965829968016,-2.014676324492823
3,0.6,996.0,Sobol2,0.001,5.0,200.0,9.383508682250977,41.97382664680481,0.02181352371678057,0.9610636362618882,0.020767448627500965,0.9626879009143927,0.019647183734213987,0.948775983156597
