,ratio,rndint,dataset,learning_rate,batchsize,epochs,loss,time,mape,r2,mape_test,r2_test,mape_interpolation,r2_interpolation
0,0.55,951.0,Grid1296,0.001,613.0,200.0,77.14668273925781,0.4070463180541992,0.11608104712747888,-0.22390102489327823,0.11454664728660637,-0.16204472586236718,0.14124134401326655,-0.709383994531227
1,0.55,951.0,Grid2401,0.001,17.0,200.0,9.396430969238281,11.887444972991943,0.017546625004623267,0.8438393352186877,0.019411791182477635,0.7910420531762478,0.05824806088890766,-1.252212164733959
2,0.55,951.0,Sobol1,0.001,19.0,200.0,47.93233108520508,12.121411561965942,0.07659248104490393,-0.6426569467953607,0.08483104205545669,-0.9047431408492128,0.067897653537924,-0.23910433401762954
3,0.55,951.0,Sobol2,0.001,5.0,200.0,8.800512313842773,38.81863594055176,0.019291321393635485,0.9760554996293797,0.0189513960272929,0.966202612626932,0.01856860164636178,0.9558838978782638
