,ratio,rndint,dataset,learning_rate,batchsize,epochs,loss,time,mape,r2,mape_test,r2_test,mape_interpolation,r2_interpolation
0,0.85,634.0,Grid1296,0.001,6.0,200.0,22.62526512145996,31.82651376724243,0.052902136866491284,-0.44500239582671774,0.0441960766289529,0.21824741616931442,0.07341437413458927,-1.7313284534423619
1,0.85,634.0,Grid2401,0.001,7.0,200.0,27.700490951538086,43.97934579849243,0.03602630604589455,0.6067206485623445,0.038856137959019516,0.5365743781169969,0.07146050759645627,-2.2392200993529743
2,0.85,634.0,Sobol1,0.001,6.0,200.0,9.78880786895752,57.4071843624115,0.012099481425516895,0.987597049272856,0.014521947375237411,0.9861231464163879,0.017659958778583635,0.9614418796720864
3,0.85,634.0,Sobol2,0.001,19.0,200.0,25.639747619628906,15.559371709823608,0.04862564740195333,0.8389057309489653,0.05365899787008404,0.8516577104078954,0.04462100031723411,0.791977769695732
