,ratio,rndint,dataset,learning_rate,batchsize,epochs,loss,time,mape,r2,mape_test,r2_test,mape_interpolation,r2_interpolation
0,0.1,968.0,Grid1296,0.001,37.0,200.0,44.58501434326172,0.8502321243286133,0.056934579100033,-0.5476168883650492,0.05389910946083658,-0.23211791148026784,0.07833866572464941,-1.6607290336043503
1,0.1,968.0,Grid2401,0.001,8.0,200.0,39.39692687988281,4.676650524139404,0.03656671253726319,0.36657161553240414,0.04293819398329573,0.15479967245507287,0.07713011277097802,-4.503257036636496
2,0.1,968.0,Sobol1,0.001,5.0,200.0,60.61024856567383,8.467010259628296,0.09340457366370136,-1.4221523034471448,0.08847200218849662,-0.9908598372455941,0.07781728843157104,-0.522301853423407
3,0.1,968.0,Sobol2,0.001,5.0,200.0,37.233726501464844,7.19126296043396,0.08233649435493884,-0.28038736142293685,0.09223994876879002,-0.45849932400632465,0.07894532968183093,-0.09481985636606005
