,ratio,rndint,dataset,learning_rate,batchsize,epochs,loss,time,mape,r2,mape_test,r2_test,mape_interpolation,r2_interpolation
0,0.45,111.0,Grid1296,0.001,251.0,200.0,40.41262435913086,0.6536290645599365,0.06138896778483665,-0.8926838981283258,0.056494886884039947,-0.667281540040344,0.0832404010096571,-2.4884536532960695
1,0.45,111.0,Grid2401,0.001,13.0,200.0,9.054945945739746,12.771427154541016,0.02451984620605906,0.772261956847706,0.02676395568159802,0.7450017963204031,0.06284867893193619,-1.706540994245353
2,0.45,111.0,Sobol1,0.001,11.0,200.0,52.728515625,17.107000827789307,0.0879986692676274,-0.5595899498745485,0.09113939292712318,-0.6675486412807137,0.07954655991349371,-0.24452326224704768
3,0.45,111.0,Sobol2,0.001,191.0,200.0,53.95165252685547,1.254333734512329,0.08732293862696179,-3.884684749869227,0.09776442076521202,-4.4836160339864595,0.07280069040734505,-2.0339572036056097
