,ratio,rndint,dataset,learning_rate,batchsize,epochs,loss,time,mape,r2,mape_test,r2_test,mape_interpolation,r2_interpolation
0,0.7,561.0,Grid1296,0.001,11.0,200.0,44.29753112792969,14.77061414718628,0.051373354057816956,-0.10153420857990447,0.04751314135160743,0.19892789183519732,0.0745418228254057,-1.1149270973328624
1,0.7,561.0,Grid2401,0.001,617.0,200.0,29.040464401245117,0.8112137317657471,0.04208252073007183,0.31565514745766265,0.04725361487925845,0.03762771162590217,0.07886523243070469,-3.6992412108809045
2,0.7,561.0,Sobol1,0.001,23.0,200.0,48.742218017578125,12.634356260299683,0.08611632372939558,-0.7117327972165579,0.09145082473120474,-0.721782547836562,0.07725674536811246,-0.299208041070679
3,0.7,561.0,Sobol2,0.001,29.0,200.0,67.82487487792969,11.188169479370117,0.09157800759529634,-0.7856816403159985,0.08425951382602495,-0.539725350015734,0.07374662005178481,-0.08963710458277707
