,ratio,rndint,dataset,learning_rate,batchsize,epochs,loss,time,mape,r2,mape_test,r2_test,mape_interpolation,r2_interpolation
0,0.45,928.0,Grid1296,0.001,251.0,200.0,35.731658935546875,0.6614060401916504,0.0544518687907825,-1.0547409799858358,0.05908814150497115,-1.2332358932689869,0.08230617055910386,-3.186510091346066
1,0.45,928.0,Grid2401,0.001,13.0,200.0,22.187557220458984,12.683467626571655,0.041773143218900105,0.5354591178225282,0.04059624631184142,0.550909859373854,0.07367288522428452,-2.0718524816700308
2,0.45,928.0,Sobol1,0.001,11.0,200.0,64.5283432006836,16.95783495903015,0.08728593612583269,-0.8111747601354038,0.08703592914363834,-0.7993929072399606,0.07640730822448263,-0.3546013690981462
3,0.45,928.0,Sobol2,0.001,191.0,200.0,57.14792251586914,1.268815517425537,0.09367890510575849,-4.167749516007631,0.09336868749419396,-4.06993892137595,0.0725107387786969,-1.9071142540730999
