,ratio,rndint,dataset,learning_rate,batchsize,epochs,loss,time,mape,r2,mape_test,r2_test,mape_interpolation,r2_interpolation
0,0.7,968.0,Grid1296,0.001,11.0,200.0,25.33452796936035,14.866107940673828,0.03795114710116999,0.37938990710751397,0.03397293156082444,0.5468608084300268,0.060331115373623144,-0.35741555058335206
1,0.7,968.0,Grid2401,0.001,617.0,200.0,29.394065856933594,0.8179333209991455,0.042543757326771035,0.10430898348610984,0.047142172065189086,-0.0948611470673606,0.07886028981547555,-4.48491218366768
2,0.7,968.0,Sobol1,0.001,23.0,200.0,34.759056091308594,12.69921875,0.041731598500501836,0.8703392742549616,0.04025129708894054,0.8771760988927415,0.0420627036036331,0.8358514239577839
3,0.7,968.0,Sobol2,0.001,29.0,200.0,47.03236389160156,11.26259994506836,0.08844368093341212,-0.7487216875483189,0.09263313824895303,-0.9165239273277417,0.0733657521745669,-0.11324718667635891
