,ratio,rndint,dataset,learning_rate,batchsize,epochs,loss,time,mape,r2,mape_test,r2_test,mape_interpolation,r2_interpolation
0,0.2,854.0,Grid1296,0.001,223.0,200.0,77.84488677978516,0.3303220272064209,0.11632164103429544,-0.16850350023712002,0.1264386689692739,-0.25053876629395466,0.15015351901110363,-0.6905872626148031
1,0.2,854.0,Grid2401,0.001,8.0,200.0,32.64160919189453,9.32554292678833,0.040944510726415854,0.44407437464894484,0.041613024043026504,0.38411567704949967,0.07653478091305281,-3.2182528327986155
2,0.2,854.0,Sobol1,0.001,401.0,200.0,102.67190551757812,0.3706388473510742,0.15260854898793016,-1.2585621213713756,0.1377141658893193,-1.5394554059754912,0.12908995173958046,-0.807560395799644
3,0.2,854.0,Sobol2,0.001,5.0,200.0,21.227855682373047,14.339947938919067,0.06537983142911416,0.48495673543164963,0.07200777587544749,0.44464175842331277,0.06229709065171649,0.5013452632920282
