,ratio,rndint,dataset,learning_rate,batchsize,epochs,loss,time,mape,r2,mape_test,r2_test,mape_interpolation,r2_interpolation
0,0.95,725.0,Grid1296,0.001,5.0,200.0,15.905054092407227,43.9090416431427,0.02983706794288487,0.6371825920984853,0.023369573534335615,0.84910738316438,0.05985561354631296,0.10401063866174831
1,0.95,725.0,Grid2401,0.001,6.0,200.0,12.790120124816895,57.18412137031555,0.016757215574449175,0.8512397636565098,0.019430412597086735,0.7184593927257474,0.05185787779040913,-0.7182701198187569
2,0.95,725.0,Sobol1,0.001,7.0,200.0,6.481131553649902,56.55360412597656,0.011794878613627833,0.989103693614085,0.014897991029283521,0.9672625322334163,0.014702881282007854,0.9651650822745049
3,0.95,725.0,Sobol2,0.001,6.0,200.0,7.777353763580322,55.63316774368286,0.020243084479978656,0.972771363784497,0.018271020609453244,0.9825787116450164,0.015675926297867043,0.9650255187940885
