,ratio,rndint,dataset,learning_rate,batchsize,epochs,loss,time,mape,r2,mape_test,r2_test,mape_interpolation,r2_interpolation
0,0.75,634.0,Grid1296,0.001,9.0,200.0,19.38507843017578,18.78038215637207,0.041792956613194564,0.18161173803626918,0.04025351602426445,0.40410968299285777,0.06463350511149996,-0.7516040125874361
1,0.75,634.0,Grid2401,0.001,661.0,200.0,33.10800552368164,0.8389186859130859,0.04691519370538252,0.4955341799040841,0.05181424284620695,0.49130400179328193,0.08257614669386096,-2.0841422587861085
2,0.75,634.0,Sobol1,0.001,9.0,200.0,11.6571044921875,34.54114007949829,0.01741137020995562,0.9796255637155133,0.019289051525938364,0.979232433302214,0.019138833424709265,0.9600044009422105
3,0.75,634.0,Sobol2,0.001,5.0,200.0,3.5595459938049316,51.3727023601532,0.016666420747102333,0.9759752810261851,0.019748566276401067,0.9666221262913117,0.01622731940711606,0.9605721031037818
