,ratio,rndint,dataset,learning_rate,batchsize,epochs,loss,time,mape,r2,mape_test,r2_test,mape_interpolation,r2_interpolation
0,0.5,171.0,Grid1296,0.001,6.0,200.0,57.718318939208984,19.06354331970215,0.05069586513375006,-0.14938280573182805,0.05307626127764823,-0.35984610237490156,0.07564649445353856,-1.6088189725031858
1,0.5,171.0,Grid2401,0.001,881.0,200.0,77.1641616821289,0.47381067276000977,0.1152033992394345,0.1409471609670656,0.10822700946684263,0.17076864154429716,0.12918739847726116,-0.9229243158415805
2,0.5,171.0,Sobol1,0.001,6.0,200.0,10.651351928710938,34.574219703674316,0.014409019448565341,0.9831171780619695,0.015271227501272834,0.9844020171232707,0.018917541947895675,0.9576513031477228
3,0.5,171.0,Sobol2,0.001,5.0,200.0,19.2589111328125,34.946210861206055,0.043696213700775456,0.8880173963167277,0.04629647938004033,0.8737004013824303,0.0413295620542143,0.8410892213325005
