,ratio,rndint,dataset,learning_rate,batchsize,epochs,loss,time,mape,r2,mape_test,r2_test,mape_interpolation,r2_interpolation
0,0.9,731.0,Grid1296,0.001,251.0,200.0,36.92817687988281,1.3266148567199707,0.051680933003776346,-0.36854285961873634,0.05239966424815557,-1.1403017483429805,0.07494416428785199,-1.9614350436276728
1,0.9,731.0,Grid2401,0.001,13.0,200.0,16.773527145385742,25.080912590026855,0.02031554959905194,0.8102221565508817,0.023094883149403663,0.632406107863906,0.05975079221549723,-1.484166396029638
2,0.9,731.0,Sobol1,0.001,11.0,200.0,11.054337501525879,33.57125639915466,0.014318460222911016,0.983610744789125,0.016450796103055804,0.981031312180403,0.016294075233282142,0.9635536587418334
3,0.9,731.0,Sobol2,0.001,5.0,200.0,7.194799900054932,62.50565314292908,0.015989741341439746,0.9773590448852446,0.015479735109777423,0.9673157976969105,0.015343168867339916,0.9629003307812148
