,ratio,rndint,dataset,learning_rate,batchsize,epochs,loss,time,mape,r2,mape_test,r2_test,mape_interpolation,r2_interpolation
0,0.15,180.0,Grid1296,0.001,167.0,200.0,61.46514129638672,0.32297754287719727,0.0909042512875547,-0.38159522965277093,0.0886500640252825,-0.39829868063185936,0.11513190391753021,-1.2444604705754565
1,0.15,180.0,Grid2401,0.001,6.0,200.0,28.552724838256836,9.292021989822388,0.04279019039747855,0.5495107986077487,0.04253920346426355,0.5211604381568207,0.07821481129449857,-2.5148976116105284
2,0.15,180.0,Sobol1,0.001,5.0,200.0,29.447998046875,12.644172430038452,0.08880908318289045,-0.5065457552864292,0.08825007349258457,-0.28487283202810265,0.07933439513636086,-0.04263512892083465
3,0.15,180.0,Sobol2,0.001,5.0,200.0,32.9659309387207,10.753956079483032,0.08139405983142779,-0.18454042720408448,0.08711944936081469,-0.38104576148128433,0.0726148445832495,0.048952008786108836
