,ratio,rndint,dataset,learning_rate,batchsize,epochs,loss,time,mape,r2,mape_test,r2_test,mape_interpolation,r2_interpolation
0,0.75,395.0,Grid1296,0.001,9.0,200.0,15.438042640686035,18.863497972488403,0.05083096832403414,-0.0797872859267561,0.05175252611890854,-0.25313339083916286,0.07452479277056423,-1.3138010219413054
1,0.75,395.0,Grid2401,0.001,661.0,200.0,34.044769287109375,0.8293712139129639,0.04640884311841753,0.41418074944613203,0.04760442204978878,0.43599526220995954,0.08280127414578865,-2.700899792190138
2,0.75,395.0,Sobol1,0.001,9.0,200.0,10.904486656188965,34.01285123825073,0.019345203004225167,0.9677390239297421,0.018473585503529996,0.9736901527085339,0.02128731354889267,0.9449731753594646
3,0.75,395.0,Sobol2,0.001,5.0,200.0,11.822027206420898,52.5441575050354,0.01777669826321856,0.9749725994722523,0.02205116338318197,0.9697662642379857,0.0175714908350604,0.9611374058168219
