,ratio,rndint,dataset,learning_rate,batchsize,epochs,loss,time,mape,r2,mape_test,r2_test,mape_interpolation,r2_interpolation
0,0.05,731.0,Grid1296,0.001,5.0,200.0,41.54645919799805,1.9007785320281982,0.0537757037887532,-0.7419453551381934,0.05424902840107521,-0.6475864864831384,0.07844740640756455,-2.305918258794054
1,0.05,731.0,Grid2401,0.001,8.0,200.0,43.76191711425781,2.102808952331543,0.043456538904269155,0.6787010751395385,0.04911463321397917,0.5827869045041789,0.08317512219960406,-1.5059846618438066
2,0.05,731.0,Sobol1,0.001,5.0,200.0,41.40434646606445,4.231837749481201,0.07789624795550136,-0.20276646935923037,0.09047531298730184,-0.6658188430764214,0.0777856506529652,-0.17767785046467632
3,0.05,731.0,Sobol2,0.001,5.0,200.0,34.1832275390625,3.6085329055786133,0.08708789949756629,-0.7343013177312891,0.09351506425015949,-1.346105787806768,0.07692471845567606,-0.4777157231513609
