,ratio,rndint,dataset,learning_rate,batchsize,epochs,loss,time,mape,r2,mape_test,r2_test,mape_interpolation,r2_interpolation
0,0.4,634.0,Grid1296,0.001,223.0,200.0,46.218597412109375,0.6503739356994629,0.062473309846920025,-1.4284494224455342,0.05666492682743569,-0.3293487586828372,0.08464876341101972,-2.350016242133384
1,0.4,634.0,Grid2401,0.001,5.0,200.0,30.38995361328125,28.508124113082886,0.01908023399489674,0.8413826416109699,0.021273637393729974,0.7959405025096473,0.059969203913904874,-1.352663977118579
2,0.4,634.0,Sobol1,0.001,401.0,200.0,74.16966247558594,0.7312061786651611,0.105027366595273,-2.5512094434785997,0.10895528865601634,-2.85203929587574,0.09161883516975321,-1.4916573757842855
3,0.4,634.0,Sobol2,0.001,5.0,200.0,8.518310546875,27.496477603912354,0.018510371609850803,0.9718247078603127,0.022862150348513535,0.9617626959912722,0.018604438744605194,0.9553485748049275
