,ratio,rndint,dataset,learning_rate,batchsize,epochs,loss,time,mape,r2,mape_test,r2_test,mape_interpolation,r2_interpolation
0,0.4,249.0,Grid1296,0.001,223.0,200.0,37.770023345947266,0.6549334526062012,0.05715590088417757,-0.9610874074003235,0.05575959015721848,-0.966757767898337,0.08012103402648564,-2.8853983155845055
1,0.4,249.0,Grid2401,0.001,5.0,200.0,27.979320526123047,28.899349451065063,0.018928573661319125,0.7941597020922856,0.018024913805913242,0.8287413396289658,0.05820868268698457,-1.341612433365687
2,0.4,249.0,Sobol1,0.001,401.0,200.0,80.17088317871094,0.7357125282287598,0.1172869913313348,-2.667679651622908,0.12239437719631728,-2.8265938420828154,0.10600049536850814,-1.6033082732328592
3,0.4,249.0,Sobol2,0.001,5.0,200.0,55.3079833984375,27.858331203460693,0.08306633960793741,-0.5390156887140076,0.08523624802981948,-0.4908974180838199,0.06828622949446225,0.09320106762640779
