,ratio,rndint,dataset,learning_rate,batchsize,epochs,loss,time,mape,r2,mape_test,r2_test,mape_interpolation,r2_interpolation
0,0.75,794.0,Grid1296,0.001,9.0,200.0,36.58852005004883,18.836803913116455,0.030318254293327164,0.614627077738644,0.033394895111631136,0.46279252120916603,0.058192360060337386,-0.08138131489344924
1,0.75,794.0,Grid2401,0.001,661.0,200.0,30.996490478515625,0.826453685760498,0.04445592862206107,0.3514511783785811,0.0449710047608928,0.27492646975510304,0.0791891281825744,-3.0908124420375227
2,0.75,794.0,Sobol1,0.001,9.0,200.0,8.23578929901123,33.91116285324097,0.014349753878664774,0.9846698238120695,0.015339294584749552,0.9823107883844691,0.019238256672705432,0.9555436561137952
3,0.75,794.0,Sobol2,0.001,5.0,200.0,1.984155297279358,52.20350766181946,0.017176582598590274,0.9772008540061634,0.018425504564073436,0.9789328253323986,0.014491638992787484,0.9670283737872271
