,ratio,rndint,dataset,learning_rate,batchsize,epochs,loss,time,mape,r2,mape_test,r2_test,mape_interpolation,r2_interpolation
0,0.25,272.0,Grid1296,0.001,9.0,200.0,18.13068962097168,6.465214252471924,0.04916169430138979,-0.09817044685987009,0.05283891866829309,-0.29574763558317874,0.07341643383862004,-1.5332369535849515
1,0.25,272.0,Grid2401,0.001,5.0,200.0,13.629992485046387,18.294934511184692,0.024556394906416364,0.7584043524622892,0.022116911837693688,0.7943254070581929,0.06096272303541765,-1.4200646450842278
2,0.25,272.0,Sobol1,0.001,167.0,200.0,62.82490158081055,0.9399919509887695,0.09232431693825746,-3.2029185257283217,0.08846967629885275,-3.273827200945319,0.07312990268341212,-1.7700840713715236
3,0.25,272.0,Sobol2,0.001,5.0,200.0,75.25340270996094,17.70630645751953,0.08549022177857435,-0.7155161596575872,0.09382157153488373,-0.9157832884751591,0.0768686024919719,-0.26685686356007077
