,ratio,rndint,dataset,learning_rate,batchsize,epochs,loss,time,mape,r2,mape_test,r2_test,mape_interpolation,r2_interpolation
0,0.95,16.0,Grid1296,0.001,5.0,200.0,20.392200469970703,42.933918714523315,0.02656724387038642,0.785023378956965,0.01885916169602575,0.9338567471594393,0.054616639522822155,0.40071369730873996
1,0.95,16.0,Grid2401,0.001,6.0,200.0,8.342041015625,56.60716152191162,0.018001582574550295,0.8144832881464396,0.018899800859419353,0.7437890615781668,0.05889960520290738,-1.3683794021724816
2,0.95,16.0,Sobol1,0.001,7.0,200.0,25.51011848449707,56.06076979637146,0.01432974888277001,0.9814528466808634,0.014960489337434529,0.9852073294432491,0.017106974924372572,0.9598124782288776
3,0.95,16.0,Sobol2,0.001,6.0,200.0,6.009867191314697,54.4026255607605,0.02045293624248576,0.9733759135816203,0.019414538945878503,0.9521767947951125,0.02217171312456121,0.9484185642125117
