,ratio,rndint,dataset,learning_rate,batchsize,epochs,loss,time,mape,r2,mape_test,r2_test,mape_interpolation,r2_interpolation
0,0.6,249.0,Grid1296,0.001,223.0,200.0,34.7966194152832,0.9791851043701172,0.05239924498996265,-0.22059135806157482,0.054610235432338124,-0.4617457803001772,0.07808806809154052,-1.7789523154090139
1,0.6,249.0,Grid2401,0.001,7.0,200.0,20.809343338012695,31.46524453163147,0.019812799025554495,0.8075026083793264,0.01957384746641474,0.8307224195114602,0.056856933520007764,-1.0774349864910349
2,0.6,249.0,Sobol1,0.001,401.0,200.0,61.17049789428711,1.0994188785552979,0.0897222813119289,-2.792974130609629,0.08677144879808633,-2.8125017223381796,0.07297095301174941,-1.5070288416836815
3,0.6,249.0,Sobol2,0.001,5.0,200.0,9.00933837890625,41.669625997543335,0.018051683630608523,0.9742848078531416,0.018358462745683927,0.9725174589237865,0.01920205095110067,0.9534349049536338
