,ratio,rndint,dataset,learning_rate,batchsize,epochs,loss,time,mape,r2,mape_test,r2_test,mape_interpolation,r2_interpolation
0,0.1,237.0,Grid1296,0.001,37.0,200.0,38.71072769165039,0.8456087112426758,0.05057225319183247,-0.3190892973951307,0.061877258043064126,-0.9709240528084542,0.07926596140397353,-2.478912365916385
1,0.1,237.0,Grid2401,0.001,8.0,200.0,33.265098571777344,4.666774034500122,0.03932735134779715,0.36975801577802503,0.044097239393034324,0.34623422740358223,0.07582981903634854,-2.8801519792973145
2,0.1,237.0,Sobol1,0.001,5.0,200.0,22.99560546875,8.70042896270752,0.08639693152815876,-0.21134371287129672,0.092593128699322,-0.41265986576231817,0.08340145471238694,-0.13583240814938757
3,0.1,237.0,Sobol2,0.001,5.0,200.0,105.43257904052734,7.1506617069244385,0.09127456481965705,-0.5514399990855638,0.09341564248770788,-0.8389958367702806,0.07786820746551068,-0.19530656251656908
