,ratio,rndint,dataset,learning_rate,batchsize,epochs,loss,time,mape,r2,mape_test,r2_test,mape_interpolation,r2_interpolation
0,0.2,237.0,Grid1296,0.001,223.0,200.0,69.49528503417969,0.3223605155944824,0.0997500906393186,-0.05740743368050105,0.11057218893479326,-0.38809774584991974,0.1323087896238984,-0.853543812274419
1,0.2,237.0,Grid2401,0.001,8.0,200.0,23.3087158203125,9.037392377853394,0.03839288721673683,0.4174997640744147,0.041875760616464856,0.38094930906952795,0.07412392840421399,-2.903653517758753
2,0.2,237.0,Sobol1,0.001,401.0,200.0,100.8419418334961,0.3625802993774414,0.15152676508685503,-1.157179802282465,0.1533904634184525,-1.20680567489772,0.1444646272812354,-0.6830365881882532
3,0.2,237.0,Sobol2,0.001,5.0,200.0,99.23626708984375,14.034138917922974,0.08894341623516236,-0.3611126863823677,0.09167504606791194,-0.490158246390779,0.07697128300316902,0.009258138480749079
