,ratio,rndint,dataset,learning_rate,batchsize,epochs,loss,time,mape,r2,mape_test,r2_test,mape_interpolation,r2_interpolation
0,0.4,395.0,Grid1296,0.001,223.0,200.0,42.60969161987305,0.6406879425048828,0.05949151367651665,-0.5175571312896727,0.07081991004651401,-1.317532810728475,0.0904545899562675,-2.6453112639951546
1,0.4,395.0,Grid2401,0.001,5.0,200.0,32.849998474121094,28.54586434364319,0.023771524715716707,0.8264422207703829,0.024554863808667428,0.8082769323213378,0.06269825605036036,-1.0561760164062606
2,0.4,395.0,Sobol1,0.001,401.0,200.0,63.90153503417969,0.7202315330505371,0.09217526049089543,-8.396452576065924,0.09091403294414593,-7.540582837282674,0.07446832809062436,-4.7909159747472465
3,0.4,395.0,Sobol2,0.001,5.0,200.0,10.728515625,27.716670274734497,0.031183654534166848,0.9433700261569067,0.033128027755096975,0.9379834191576915,0.025390907971584598,0.9354023306653877
