,ratio,rndint,dataset,learning_rate,batchsize,epochs,loss,time,mape,r2,mape_test,r2_test,mape_interpolation,r2_interpolation
0,0.4,35.0,Grid1296,0.001,223.0,200.0,47.47822952270508,0.6485800743103027,0.06745061236177342,-0.5593754068924868,0.06923536537454027,-0.8210974039394965,0.09308468339424308,-2.1074502564518536
1,0.4,35.0,Grid2401,0.001,5.0,200.0,23.507678985595703,28.49039936065674,0.01655343416649429,0.837879352429842,0.017400132608862525,0.8207876758932673,0.05720731514171383,-1.1674498749857918
2,0.4,35.0,Sobol1,0.001,401.0,200.0,66.11819458007812,0.7333102226257324,0.09406268508562432,-5.686034366599872,0.09389027949601626,-5.39441071517442,0.07607429865454339,-3.1981967313180615
3,0.4,35.0,Sobol2,0.001,5.0,200.0,4.2647705078125,27.518081426620483,0.018716513201314646,0.9690433761353647,0.021637170055313754,0.9671548826833234,0.019405765612711002,0.9529688571576213
