,ratio,rndint,dataset,learning_rate,batchsize,epochs,loss,time,mape,r2,mape_test,r2_test,mape_interpolation,r2_interpolation
0,0.65,996.0,Grid1296,0.001,5.0,200.0,15.501940727233887,29.75695514678955,0.050225791784304114,0.11580942856272725,0.05135310573371575,0.12044521516951379,0.07543096076630283,-0.6177695984074916
1,0.65,996.0,Grid2401,0.001,5.0,200.0,13.521215438842773,47.02917003631592,0.021814632476685282,0.8214611350019948,0.021783188497528094,0.8322695459621087,0.06120170201193058,-1.0654207955435817
2,0.65,996.0,Sobol1,0.001,1303.0,200.0,87.07601165771484,0.5524966716766357,0.12794864159485336,-2.2499206304308528,0.13790882982628666,-2.9229598771942142,0.11857525723180341,-1.489237454795909
3,0.65,996.0,Sobol2,0.001,5.0,200.0,11.039403915405273,45.44675850868225,0.020721263580096676,0.9659594625650456,0.020819657967626522,0.9642275674004575,0.01863009781273273,0.9513027611950307
