,ratio,rndint,dataset,learning_rate,batchsize,epochs,loss,time,mape,r2,mape_test,r2_test,mape_interpolation,r2_interpolation
0,0.9,75.0,Grid1296,0.001,251.0,200.0,35.071964263916016,1.301203727722168,0.05198518393285128,-0.2971271248709366,0.052193078196728394,-0.3660060286129998,0.07553052247908118,-1.7350756861058798
1,0.9,75.0,Grid2401,0.001,13.0,200.0,17.76207160949707,24.940187215805054,0.023330732982423875,0.7924526910806352,0.02741563382895067,0.7051835035735862,0.06183840152890401,-1.5058770830931487
2,0.9,75.0,Sobol1,0.001,11.0,200.0,6.583950996398926,33.71573996543884,0.013139864678357285,0.9855844395107264,0.013188147046047849,0.9883884191252539,0.015307368711967929,0.9655698052099005
3,0.9,75.0,Sobol2,0.001,5.0,200.0,5.2218017578125,62.033270597457886,0.016551358852994053,0.9762796932145714,0.014452389903554453,0.9762165147505439,0.018421177013717642,0.9548248256406243
