,ratio,rndint,dataset,learning_rate,batchsize,epochs,loss,time,mape,r2,mape_test,r2_test,mape_interpolation,r2_interpolation
0,0.45,986.0,Grid1296,0.001,251.0,200.0,43.836551666259766,0.6520650386810303,0.06157636732392698,-0.9811531706125742,0.05949255308974947,-0.4877363435845725,0.08479606359513545,-2.266922463391244
1,0.45,986.0,Grid2401,0.001,13.0,200.0,7.373887062072754,12.486526727676392,0.019002696077114297,0.8415319481919223,0.020429985022300208,0.7937166753391156,0.05903022077386569,-1.1406692522688968
2,0.45,986.0,Sobol1,0.001,11.0,200.0,8.698816299438477,16.712953567504883,0.020500657235240895,0.9739215544286295,0.020662557546202723,0.9727036980339842,0.01957134959690932,0.958143144025503
3,0.45,986.0,Sobol2,0.001,191.0,200.0,62.56523132324219,1.2488861083984375,0.08846348924445327,-2.762874177220505,0.09626644659567017,-3.302621255101392,0.07352567700317637,-1.4020707269348613
