,ratio,rndint,dataset,learning_rate,batchsize,epochs,loss,time,mape,r2,mape_test,r2_test,mape_interpolation,r2_interpolation
0,0.5,791.0,Grid1296,0.001,6.0,200.0,9.72057056427002,18.791340351104736,0.031792215019838,0.5689289481742259,0.036180057576281385,0.38640056532130407,0.05842352723879444,-0.2445387398179959
1,0.5,791.0,Grid2401,0.001,881.0,200.0,70.00028991699219,0.4666738510131836,0.1034700249067726,0.1812535641771551,0.10148036098102951,0.21181376325513346,0.12234296114258296,-1.0076099629855406
2,0.5,791.0,Sobol1,0.001,6.0,200.0,14.353718757629395,33.89296007156372,0.01592098134175869,0.9783405578746033,0.01659606808188495,0.9754573126117815,0.01924738091034311,0.953944937789673
3,0.5,791.0,Sobol2,0.001,5.0,200.0,18.360071182250977,34.256367921829224,0.020428112720199346,0.9654353556295936,0.024610735144187552,0.9453527701433885,0.020899928402168255,0.9423114318855761
