,ratio,rndint,dataset,learning_rate,batchsize,epochs,loss,time,mape,r2,mape_test,r2_test,mape_interpolation,r2_interpolation
0,0.2,582.0,Grid1296,0.001,223.0,200.0,70.09660339355469,0.33673882484436035,0.10540565094857261,-0.6485926323422828,0.10712222176638043,-0.3538636738971477,0.13288247214191953,-1.0641975554467566
1,0.2,582.0,Grid2401,0.001,8.0,200.0,29.968246459960938,9.339691877365112,0.04097739909958589,0.3831199123429121,0.04339218160616349,0.3075243431190129,0.0748043099668153,-3.0347214476897832
2,0.2,582.0,Sobol1,0.001,401.0,200.0,101.24386596679688,0.37881040573120117,0.15108521239018355,-2.0201343465893156,0.14693932311654972,-1.5567451538138681,0.13785042314133888,-0.9926826381482334
3,0.2,582.0,Sobol2,0.001,5.0,200.0,31.079870223999023,14.529417276382446,0.08704861913013197,-1.2231787862608101,0.09348670956498545,-1.4837388507977085,0.07586992355997349,-0.5517914648796614
