,ratio,rndint,dataset,learning_rate,batchsize,epochs,loss,time,mape,r2,mape_test,r2_test,mape_interpolation,r2_interpolation
0,0.3,582.0,Grid1296,0.001,167.0,200.0,47.65217590332031,0.6319286823272705,0.06840289871117394,-1.233150698817937,0.06332557861465074,-0.774491142520551,0.09021081621090059,-2.5699966469074615
1,0.3,582.0,Grid2401,0.001,6.0,200.0,20.846994400024414,18.229605674743652,0.018606235945616972,0.8569989260780609,0.020725321783550476,0.7962605357563906,0.06019849869096618,-1.315654464543405
2,0.3,582.0,Sobol1,0.001,601.0,200.0,102.69406127929688,0.41193389892578125,0.15687557196090182,-1.1809590852791398,0.16018599929807814,-1.022082563584549,0.15214834940624547,-0.6189403875019415
3,0.3,582.0,Sobol2,0.001,5.0,200.0,41.666404724121094,20.942691326141357,0.0898631595179174,-1.1769533924558493,0.0920752828599763,-1.139459566443565,0.07495772991670034,-0.3708997176125368
