,ratio,rndint,dataset,learning_rate,batchsize,epochs,loss,time,mape,r2,mape_test,r2_test,mape_interpolation,r2_interpolation
0,0.85,171.0,Grid1296,0.001,6.0,200.0,56.948421478271484,32.33395743370056,0.050436064942277356,-0.14862604865264073,0.0552924384124309,-0.6876689248677061,0.07450526768184848,-1.5552953335136417
1,0.85,171.0,Grid2401,0.001,7.0,200.0,20.63461685180664,44.60919189453125,0.0194486978151861,0.8159362382512312,0.021542760347661193,0.7876089174265835,0.059590605343851966,-1.3874064834307158
2,0.85,171.0,Sobol1,0.001,6.0,200.0,6.67255163192749,58.03065824508667,0.013128184957531831,0.9870363872085842,0.015551117293459914,0.9835352464621617,0.015673423502569898,0.9662551495501903
3,0.85,171.0,Sobol2,0.001,19.0,200.0,44.90121078491211,15.778353929519653,0.08940427774420971,-0.8341019442860502,0.08970746949567518,-0.7092833491184365,0.073886246220496,-0.16766039106225783
