,ratio,rndint,dataset,learning_rate,batchsize,epochs,loss,time,mape,r2,mape_test,r2_test,mape_interpolation,r2_interpolation
0,0.75,791.0,Grid1296,0.001,9.0,200.0,38.13059616088867,18.83344531059265,0.05428213977629017,-0.19705075444470022,0.05068431344938188,-0.259880969066967,0.07181406934287327,-1.4250997839820232
1,0.75,791.0,Grid2401,0.001,661.0,200.0,31.695146560668945,0.83713698387146,0.04452232815071361,0.38515807554917536,0.04431080217291805,0.41004295535851476,0.07971241357269229,-2.8791609574462314
2,0.75,791.0,Sobol1,0.001,9.0,200.0,11.544158935546875,33.81172800064087,0.015559360747895176,0.9804088453689158,0.014662242484883615,0.9860950364100578,0.017925959692931717,0.9567869123514033
3,0.75,791.0,Sobol2,0.001,5.0,200.0,7.064886569976807,51.45204448699951,0.016741474362478317,0.9753614749213473,0.019180165379070198,0.9717736083373227,0.01836048616662401,0.9555584363494695
