,ratio,rndint,dataset,learning_rate,batchsize,epochs,loss,time,mape,r2,mape_test,r2_test,mape_interpolation,r2_interpolation
0,0.45,554.0,Grid1296,0.001,251.0,200.0,51.704036712646484,0.65317702293396,0.07405243474520477,-0.8687784822690954,0.06871561332136925,-0.47578669948803,0.09490515271545284,-1.9378620790216807
1,0.45,554.0,Grid2401,0.001,13.0,200.0,10.28531551361084,12.59389853477478,0.021469740221335524,0.7541869659255885,0.018875333265843196,0.857898831396014,0.059205661318069314,-1.3479758699895927
2,0.45,554.0,Sobol1,0.001,11.0,200.0,86.52360534667969,16.83805274963379,0.08715331983955615,-0.9320394965332532,0.08811957504166264,-0.7077853150621187,0.07750560237832266,-0.38858978799013766
3,0.45,554.0,Sobol2,0.001,191.0,200.0,60.7812385559082,1.2523088455200195,0.09473016994616101,-1.8927375920379164,0.09089583567228876,-1.986638726559688,0.07466328889988211,-0.7889635926755014
