,ratio,rndint,dataset,learning_rate,batchsize,epochs,loss,time,mape,r2,mape_test,r2_test,mape_interpolation,r2_interpolation
0,0.6,936.0,Grid1296,0.001,223.0,200.0,32.083152770996094,0.9593286514282227,0.050074614047520206,-0.3952193766447054,0.05598520048934911,-0.7384470479097069,0.07627926751812901,-2.1658884795429114
1,0.6,936.0,Grid2401,0.001,7.0,200.0,19.428361892700195,31.83108687400818,0.01690373773849066,0.8294854263523168,0.01759316501557929,0.8143368578748393,0.05815505204361451,-1.19194571714461
2,0.6,936.0,Sobol1,0.001,401.0,200.0,57.49760437011719,1.0822362899780273,0.08887460497400256,-3.2394526726221633,0.08756102682199543,-3.6640050239487545,0.07255443261650844,-1.8918352381258945
3,0.6,936.0,Sobol2,0.001,5.0,200.0,4.742871284484863,42.31902480125427,0.018903709869356376,0.9738894079291399,0.02043364419036497,0.9695773114858904,0.019172372407967823,0.9564154304194066
