,ratio,rndint,dataset,learning_rate,batchsize,epochs,loss,time,mape,r2,mape_test,r2_test,mape_interpolation,r2_interpolation
0,0.2,554.0,Grid1296,0.001,223.0,200.0,83.2596435546875,0.3298933506011963,0.12217566891255907,-0.17694707005174304,0.11681169118941148,-0.17687449758641982,0.14203956204457308,-0.5975161830744575
1,0.2,554.0,Grid2401,0.001,8.0,200.0,29.47840118408203,9.33080792427063,0.046090221523361195,0.1995380448772791,0.0414133422881778,0.35929922330658814,0.07345038463103477,-2.9715617412133604
2,0.2,554.0,Sobol1,0.001,401.0,200.0,93.95491027832031,0.37131404876708984,0.14336519741563608,-1.6075393207223638,0.1463637820574733,-1.7415735530286862,0.13585796803391437,-1.0471739379863392
3,0.2,554.0,Sobol2,0.001,5.0,200.0,74.5791015625,14.353392362594604,0.09040038099627185,-0.4611051767428629,0.09420544194768278,-0.7223963830128499,0.07918826314322841,-0.13921549836338287
