,ratio,rndint,dataset,learning_rate,batchsize,epochs,loss,time,mape,r2,mape_test,r2_test,mape_interpolation,r2_interpolation
0,0.4,829.0,Grid1296,0.001,223.0,200.0,53.090518951416016,0.6440503597259521,0.07249729782781195,-0.6618767164300496,0.06964208125023276,-0.40447446348895655,0.09532126370983354,-1.7120415159382372
1,0.4,829.0,Grid2401,0.001,5.0,200.0,48.515380859375,28.87784743309021,0.04078530263977007,0.4723061256724769,0.040576960956574044,0.48441466345142936,0.07197130152497827,-2.172644015926147
2,0.4,829.0,Sobol1,0.001,401.0,200.0,73.27365112304688,0.7254593372344971,0.1025617500099309,-3.2214747825696284,0.09651342985169352,-2.7317175472092243,0.08193693050957661,-1.56012117569067
3,0.4,829.0,Sobol2,0.001,5.0,200.0,17.442041397094727,27.894567489624023,0.030219680460783823,0.9277475754840236,0.03552432199985181,0.9004187719377161,0.03011815082634358,0.8907851221541673
