,ratio,rndint,dataset,learning_rate,batchsize,epochs,loss,time,mape,r2,mape_test,r2_test,mape_interpolation,r2_interpolation
0,0.05,180.0,Grid1296,0.001,5.0,200.0,43.64020919799805,2.3138821125030518,0.05705204043690159,-2.27784431223575,0.05440157331261007,-2.577497161901088,0.0768983039611344,-5.746053351101295
1,0.05,180.0,Grid2401,0.001,8.0,200.0,24.212936401367188,2.3467628955841064,0.04000694544627364,0.6869779479918382,0.0487513970155194,0.5663489104314758,0.082811813573026,-1.5447239368420624
2,0.05,180.0,Sobol1,0.001,5.0,200.0,35.627525329589844,4.230703353881836,0.09117477170998362,-1.166143692366283,0.08700400357377122,-0.6950256140084277,0.07739939486678217,-0.3330542005555581
3,0.05,180.0,Sobol2,0.001,5.0,200.0,37.82087326049805,3.595414400100708,0.09261374470327292,-0.3741786112616521,0.095648630752868,-0.5009248240485198,0.08354416139487623,-0.14615225622139638
