,ratio,rndint,dataset,learning_rate,batchsize,epochs,loss,time,mape,r2,mape_test,r2_test,mape_interpolation,r2_interpolation
0,0.8,111.0,Grid1296,0.001,223.0,200.0,33.92596435546875,1.2811853885650635,0.0516211119082317,-0.45230704980630687,0.05247750054918041,-0.2709812465225483,0.075431133538663,-1.92737102270317
1,0.8,111.0,Grid2401,0.001,5.0,200.0,5.958642482757568,58.31834816932678,0.017333867448975724,0.8033561703980864,0.017638232201274064,0.8558911831600481,0.05841025313753592,-1.458384916969211
2,0.8,111.0,Sobol1,0.001,401.0,200.0,57.44705581665039,1.4409334659576416,0.08713052822832307,-2.2882898502326983,0.08492016608163541,-2.220323780076566,0.07293832222294279,-1.2574532409895167
3,0.8,111.0,Sobol2,0.001,5.0,200.0,5.46435546875,56.24870800971985,0.014428295030325429,0.9765086185508873,0.016799114483997395,0.9774353054276238,0.01484660790983947,0.961533503386514
