,ratio,rndint,dataset,learning_rate,batchsize,epochs,loss,time,mape,r2,mape_test,r2_test,mape_interpolation,r2_interpolation
0,0.1,294.0,Grid1296,0.001,37.0,200.0,34.959754943847656,0.8482930660247803,0.06149674573796418,-0.24791343414603273,0.05627128725444582,-0.32354478438391787,0.0793644485800314,-1.6286903558212482
1,0.1,294.0,Grid2401,0.001,8.0,200.0,24.526123046875,4.681303977966309,0.04042539525394695,-0.020477530539177335,0.04814656533864966,-0.364556232154039,0.07898953620631924,-4.9060780628170955
2,0.1,294.0,Sobol1,0.001,5.0,200.0,58.478553771972656,8.438803672790527,0.08164885021485699,-0.8434704113809148,0.08566920208375224,-0.8879290148623913,0.07396762350060997,-0.38576028614110114
3,0.1,294.0,Sobol2,0.001,5.0,200.0,42.47454833984375,7.193938970565796,0.10073611499764037,-0.557400852199821,0.0934863361300794,-0.5039735406944936,0.07861871936508416,0.02648898993798343
