,ratio,rndint,dataset,learning_rate,batchsize,epochs,loss,time,mape,r2,mape_test,r2_test,mape_interpolation,r2_interpolation
0,0.55,16.0,Grid1296,0.001,613.0,200.0,79.90623474121094,0.4055759906768799,0.12131404213975529,-0.30917128625081025,0.11041645544059664,-0.09548933324919329,0.14197872472301593,-0.7206208876869638
1,0.55,16.0,Grid2401,0.001,17.0,200.0,7.803359031677246,11.719529151916504,0.01911117747097269,0.8002259699443122,0.018280344244542664,0.8283390373029391,0.0585586702874111,-1.3397726834908865
2,0.55,16.0,Sobol1,0.001,19.0,200.0,62.714317321777344,11.937249898910522,0.08889300865194301,-0.5313713959560769,0.08899821889128297,-0.5676452318532463,0.07919544368295528,-0.20456768603801745
3,0.55,16.0,Sobol2,0.001,5.0,200.0,11.036260604858398,37.921306848526,0.018533400384812927,0.9730029728649476,0.01884410899939104,0.9728782935263584,0.016744497358541204,0.9602303645778281
