,ratio,rndint,dataset,learning_rate,batchsize,epochs,loss,time,mape,r2,mape_test,r2_test,mape_interpolation,r2_interpolation
0,0.35,530.0,Grid1296,0.001,5.0,200.0,21.129077911376953,16.16901183128357,0.038916310920219355,0.4788443586981095,0.041703361650680726,0.26325436538879365,0.06620314876058775,-0.535137110429857
1,0.35,530.0,Grid2401,0.001,617.0,200.0,64.28348541259766,0.40906429290771484,0.09129342154694055,0.2253114144956414,0.09359569488759664,0.19812713171286345,0.11658667158408734,-1.147149731367188
2,0.35,530.0,Sobol1,0.001,701.0,200.0,104.58047485351562,0.42749762535095215,0.15717922511661342,-1.183066677940742,0.15434181117727547,-1.0612446222772065,0.1469579559675549,-0.6129497361269671
3,0.35,530.0,Sobol2,0.001,5.0,200.0,6.67254638671875,24.67583727836609,0.020720088874599123,0.9705084959883943,0.018427425628132862,0.9727647655891052,0.016935805032127053,0.9608403471108128
