,ratio,rndint,dataset,learning_rate,batchsize,epochs,loss,time,mape,r2,mape_test,r2_test,mape_interpolation,r2_interpolation
0,0.1,510.0,Grid1296,0.001,37.0,200.0,35.9483757019043,0.8639662265777588,0.04441591684478012,-0.1588734209956868,0.05518021051392705,-0.8998695019171332,0.07713854197053444,-2.6702040845405324
1,0.1,510.0,Grid2401,0.001,8.0,200.0,38.441925048828125,4.666134834289551,0.0405493406785145,0.4159671820605384,0.04272013263464746,0.3846657100720071,0.07387615420503497,-2.6815955502930167
2,0.1,510.0,Sobol1,0.001,5.0,200.0,32.07122802734375,8.44051718711853,0.08861837917717154,-1.0581000622061523,0.09357505284863984,-1.160526528486859,0.08199801010468886,-0.6044567073062745
3,0.1,510.0,Sobol2,0.001,5.0,200.0,53.942161560058594,7.177454471588135,0.09621283302813097,-1.6155348234760951,0.09145635135366059,-1.0613743044951969,0.07526052403601383,-0.31707263496051596
