,ratio,rndint,dataset,learning_rate,batchsize,epochs,loss,time,mape,r2,mape_test,r2_test,mape_interpolation,r2_interpolation
0,0.75,48.0,Grid1296,0.001,9.0,200.0,11.98866081237793,18.880171298980713,0.03498103289417769,0.49997520006008767,0.035716179680065394,0.5404762125317223,0.061989788323115004,-0.1758898478480253
1,0.75,48.0,Grid2401,0.001,661.0,200.0,33.39400100708008,0.8258466720581055,0.04574823956727696,0.4584041452125913,0.04689446724921489,0.3724752803114847,0.08091959757886204,-2.5548893993590807
2,0.75,48.0,Sobol1,0.001,9.0,200.0,7.575900554656982,33.952595233917236,0.012542570982626138,0.9874078128501773,0.013436371556098939,0.9823422435044398,0.017727188118633535,0.9591147647652978
3,0.75,48.0,Sobol2,0.001,5.0,200.0,19.654216766357422,51.81795358657837,0.01831944856300138,0.9732170931004944,0.02019125944799309,0.9741524320234007,0.01902873944764285,0.9554260869311972
