,ratio,rndint,dataset,learning_rate,batchsize,epochs,loss,time,mape,r2,mape_test,r2_test,mape_interpolation,r2_interpolation
0,0.55,561.0,Grid1296,0.001,613.0,200.0,70.91072082519531,0.40522289276123047,0.10597530460345037,-0.2703773189221659,0.10766364106703426,-0.3130277469446421,0.13276794934176647,-0.9033571355359116
1,0.55,561.0,Grid2401,0.001,17.0,200.0,23.89914894104004,11.705024242401123,0.038562787521602145,0.4507586642965318,0.04113085143603719,0.31651422587618483,0.07410549415800598,-3.3113289067004876
2,0.55,561.0,Sobol1,0.001,19.0,200.0,49.48606872558594,11.941555738449097,0.08946989882518577,-0.7368508380262166,0.08696253676567507,-0.53445619382845,0.0783296338901278,-0.26569111337088347
3,0.55,561.0,Sobol2,0.001,5.0,200.0,20.8906192779541,38.41148138046265,0.047898278792721044,0.8219739776561759,0.04600199611266305,0.8034870175253922,0.04416489322832189,0.7548266370178897
