,ratio,rndint,dataset,learning_rate,batchsize,epochs,loss,time,mape,r2,mape_test,r2_test,mape_interpolation,r2_interpolation
0,0.5,731.0,Grid1296,0.001,6.0,200.0,31.04636573791504,19.01052188873291,0.04319991435649394,0.18499601771528462,0.04204385649906292,0.09654331370354974,0.0675607256304456,-0.9103390983394477
1,0.5,731.0,Grid2401,0.001,881.0,200.0,72.52069091796875,0.47135472297668457,0.1041094392437128,0.2304804527082559,0.10516919882162899,0.16766169943361697,0.12554561414591708,-0.9502379757668853
2,0.5,731.0,Sobol1,0.001,6.0,200.0,6.211751461029053,34.2914764881134,0.028982770978990085,0.9083897184811678,0.03162592667916047,0.9061675999557977,0.031551175641476005,0.8815331442627324
3,0.5,731.0,Sobol2,0.001,5.0,200.0,7.55328369140625,34.75564098358154,0.025446403827011674,0.9497924777023432,0.023197080124083155,0.959583091308181,0.02269696791174988,0.940633923719204
