,ratio,rndint,dataset,learning_rate,batchsize,epochs,loss,time,mape,r2,mape_test,r2_test,mape_interpolation,r2_interpolation
0,0.25,633.0,Grid1296,0.001,9.0,200.0,18.39354705810547,6.586336612701416,0.05671281908345466,-0.9093459619918487,0.053208798608851186,-0.5100755825717196,0.07839275234889562,-1.976014521802485
1,0.25,633.0,Grid2401,0.001,5.0,200.0,21.751964569091797,18.62794852256775,0.02472861720154196,0.7786620347685139,0.022234562560003886,0.8097350829611323,0.062152806626267904,-1.3107831461620845
2,0.25,633.0,Sobol1,0.001,167.0,200.0,62.61328887939453,0.9560883045196533,0.09439024375996433,-4.715667567016479,0.0866937663314929,-4.087060415482527,0.07337789576942659,-2.512217401147729
3,0.25,633.0,Sobol2,0.001,5.0,200.0,15.093236923217773,17.714249849319458,0.03988160475398508,0.8893420744132493,0.045010263150046616,0.8727496800676513,0.04151622691240142,0.8342636987239398
