,ratio,rndint,dataset,learning_rate,batchsize,epochs,loss,time,mape,r2,mape_test,r2_test,mape_interpolation,r2_interpolation
0,0.9,854.0,Grid1296,0.001,251.0,200.0,36.18437194824219,1.3046224117279053,0.05148707178663905,-0.3528911239570762,0.0543287904857858,-0.6730760580429294,0.07505934557431267,-1.8884649940798326
1,0.9,854.0,Grid2401,0.001,13.0,200.0,10.031160354614258,25.167155504226685,0.01941703605602452,0.8138369096669564,0.019527757702635505,0.7559151682843673,0.05869274328460795,-1.292556931473317
2,0.9,854.0,Sobol1,0.001,11.0,200.0,30.749095916748047,33.5359902381897,0.07533202532524441,-0.22492234639945186,0.06628359929828018,0.06007748660059553,0.06319358434584561,0.17290292195638524
3,0.9,854.0,Sobol2,0.001,5.0,200.0,5.227502346038818,62.48817586898804,0.01977870843267077,0.9709832706187752,0.01839371683581351,0.9825485763474548,0.01634140467602939,0.9622797268861079
