,ratio,rndint,dataset,learning_rate,batchsize,epochs,loss,time,mape,r2,mape_test,r2_test,mape_interpolation,r2_interpolation
0,0.35,48.0,Grid1296,0.001,5.0,200.0,18.9715576171875,15.795396566390991,0.04955611549662177,-0.13821972815788164,0.05191830117582987,-0.19550473578399918,0.07716181402733038,-1.4000744592039363
1,0.35,48.0,Grid2401,0.001,617.0,200.0,73.72047424316406,0.40613770484924316,0.1091962394565772,0.25231854655603614,0.1068062136748811,0.23598388242000334,0.12751918261307696,-0.8419760034098156
2,0.35,48.0,Sobol1,0.001,701.0,200.0,99.15735626220703,0.4341425895690918,0.1477775395086837,-1.8694895185059992,0.13989335746267353,-1.6708045300704484,0.13156903104909348,-1.026586957680518
3,0.35,48.0,Sobol2,0.001,5.0,200.0,32.0806770324707,24.15761971473694,0.03313008845954183,0.9366067418759136,0.034824899552889636,0.9395936873588121,0.038100787207195126,0.8910421353446578
