,ratio,rndint,dataset,learning_rate,batchsize,epochs,loss,time,mape,r2,mape_test,r2_test,mape_interpolation,r2_interpolation
0,0.1,582.0,Grid1296,0.001,37.0,200.0,39.642208099365234,0.8794856071472168,0.052885223108844116,-0.8953610208410321,0.05414610076818297,-1.0127260577522672,0.07977292205413658,-2.986079271633762
1,0.1,582.0,Grid2401,0.001,8.0,200.0,15.42559814453125,4.688921689987183,0.032689562243596336,0.5436226133938653,0.033237828047522955,0.5934714342446876,0.06774850966979523,-2.6106805540122116
2,0.1,582.0,Sobol1,0.001,5.0,200.0,96.26402282714844,8.481972932815552,0.0885409048779731,-1.6143492537977715,0.0884902574679172,-1.2462016412168473,0.07813953753549899,-0.7539962432338239
3,0.1,582.0,Sobol2,0.001,5.0,200.0,33.766090393066406,7.213312387466431,0.09453164041784795,-0.5997741372086869,0.09306749796966529,-0.4763930765383435,0.07899067902337888,-0.015990066854843166
