,ratio,rndint,dataset,learning_rate,batchsize,epochs,loss,time,mape,r2,mape_test,r2_test,mape_interpolation,r2_interpolation
0,0.6,816.0,Grid1296,0.001,223.0,200.0,35.74626159667969,0.9686415195465088,0.052202497715205645,-0.5621749204076796,0.052808489044981644,-0.6785359643927127,0.07685481278192927,-2.310218831864335
1,0.6,816.0,Grid2401,0.001,7.0,200.0,9.472926139831543,31.39603567123413,0.018194433879970735,0.819274264659467,0.018407936955489798,0.8135845105417512,0.05805615094171311,-1.2676509558969413
2,0.6,816.0,Sobol1,0.001,401.0,200.0,62.311763763427734,1.0909795761108398,0.09010753262028795,-3.647570630017838,0.0850184277128574,-3.317248427739128,0.072748118863308,-2.012129512295488
3,0.6,816.0,Sobol2,0.001,5.0,200.0,8.528894424438477,41.70308971405029,0.022213887507065388,0.9665943632357211,0.02396474307710807,0.9552484025004574,0.01945124741226976,0.9523027651092095
