,ratio,rndint,dataset,learning_rate,batchsize,epochs,loss,time,mape,r2,mape_test,r2_test,mape_interpolation,r2_interpolation
0,0.3,794.0,Grid1296,0.001,167.0,200.0,49.419185638427734,0.6304969787597656,0.07551896847201763,-0.7479961625508609,0.07342026763377284,-0.6332752261356449,0.09899739939191389,-1.9406446297828288
1,0.3,794.0,Grid2401,0.001,6.0,200.0,13.940653800964355,18.387922286987305,0.01701918636160807,0.823039135076295,0.018119898677672237,0.8147336589034004,0.05783331033093722,-1.2402732884031202
2,0.3,794.0,Sobol1,0.001,601.0,200.0,88.39884185791016,0.41142725944519043,0.13104785813954098,-1.5443327415704644,0.14162242998509852,-1.6410368479062507,0.127686288069453,-0.929552347260503
3,0.3,794.0,Sobol2,0.001,5.0,200.0,29.561229705810547,21.308610916137695,0.08951782360529165,-0.43973946292317234,0.09499140961830731,-0.8506205188804412,0.07801343135673888,-0.12204020213499422
