,ratio,rndint,dataset,learning_rate,batchsize,epochs,loss,time,mape,r2,mape_test,r2_test,mape_interpolation,r2_interpolation
0,0.35,759.0,Grid1296,0.001,5.0,200.0,29.051294326782227,16.212537050247192,0.052377626742943724,-0.024388720110156248,0.05562667359582548,-0.028251229401429434,0.08027802442842437,-1.0632148107397774
1,0.35,759.0,Grid2401,0.001,617.0,200.0,69.71513366699219,0.41394615173339844,0.09910236050383493,0.21656904080385486,0.10111299480672709,0.19109107817624094,0.12407497118734763,-1.068868789602282
2,0.35,759.0,Sobol1,0.001,701.0,200.0,99.841552734375,0.43301987648010254,0.15280758806664424,-1.2151339822155713,0.15044235162020428,-1.2847127209892348,0.1431319161397172,-0.7403106455618786
3,0.35,759.0,Sobol2,0.001,5.0,200.0,42.48933792114258,24.686976671218872,0.0695207302058839,-0.2496491723422456,0.07693090021586636,-0.30851178030515247,0.05827416956530013,0.22638947604134152
