,ratio,rndint,dataset,learning_rate,batchsize,epochs,loss,time,mape,r2,mape_test,r2_test,mape_interpolation,r2_interpolation
0,0.85,985.0,Grid1296,0.001,6.0,200.0,58.31443786621094,32.322359561920166,0.034824432915206566,0.49610174514834005,0.03472830280798235,0.5680464399390242,0.060050047389020894,-0.16739529256678987
1,0.85,985.0,Grid2401,0.001,7.0,200.0,20.57327651977539,44.57727813720703,0.015577182869868493,0.836698289565413,0.015640265643196347,0.8430820552953318,0.056434922246966016,-1.0831056655368583
2,0.85,985.0,Sobol1,0.001,6.0,200.0,7.995046138763428,58.15344572067261,0.011546212228907763,0.9893262496476104,0.01559435403845487,0.9727416075399976,0.015481495369289288,0.9648444725130562
3,0.85,985.0,Sobol2,0.001,19.0,200.0,14.920185089111328,15.80699872970581,0.03071427487321239,0.9252697627825975,0.02938536362542936,0.9414237211798986,0.02843389099714789,0.9081434650818198
