,ratio,rndint,dataset,learning_rate,batchsize,epochs,loss,time,mape,r2,mape_test,r2_test,mape_interpolation,r2_interpolation
0,0.05,490.0,Grid1296,0.001,5.0,200.0,33.85857009887695,2.289762258529663,0.05641386825021584,0.09209715527506501,0.0539723554130725,0.2308417164340788,0.07748495557778275,-0.6550430245767795
1,0.05,490.0,Grid2401,0.001,8.0,200.0,21.850189208984375,2.3284549713134766,0.03595343635729203,0.04450017965609754,0.04566235508939144,-0.2581672578847447,0.07716135974983136,-5.051569847669436
2,0.05,490.0,Sobol1,0.001,5.0,200.0,74.61167907714844,4.190977334976196,0.09815712547907966,-1.0166916887234012,0.09721680521687384,-0.8815619094053107,0.08945272173207341,-0.5775633324553515
3,0.05,490.0,Sobol2,0.001,5.0,200.0,44.35821533203125,3.5718512535095215,0.0871979782176964,-0.6478379531057732,0.0930044700622087,-0.5872437842890517,0.07818133436713508,-0.0661874975918939
