,ratio,rndint,dataset,learning_rate,batchsize,epochs,loss,time,mape,r2,mape_test,r2_test,mape_interpolation,r2_interpolation
0,0.2,390.0,Grid1296,0.001,223.0,200.0,64.48077392578125,0.32558178901672363,0.09619878796870567,-0.10578791240553342,0.10098997703086461,-0.3377631045014313,0.1251808875511276,-0.9448705453088317
1,0.2,390.0,Grid2401,0.001,8.0,200.0,16.81926727294922,9.136327266693115,0.040944446604764255,0.27941048890703124,0.04111461632546762,0.20818969808004328,0.07463651412536992,-3.8278167881201
2,0.2,390.0,Sobol1,0.001,401.0,200.0,88.32655334472656,0.36759352684020996,0.1274652195476078,-1.2535269886037277,0.14086115609213148,-1.8722975355665357,0.1260885907711138,-0.9925028242686307
3,0.2,390.0,Sobol2,0.001,5.0,200.0,42.06024169921875,14.059652328491211,0.09066496480512727,-1.0400245709630336,0.09315100551085037,-1.0496091028992454,0.07719221868410847,-0.3434450189247804
