,ratio,rndint,dataset,learning_rate,batchsize,epochs,loss,time,mape,r2,mape_test,r2_test,mape_interpolation,r2_interpolation
0,0.8,510.0,Grid1296,0.001,223.0,200.0,30.760578155517578,1.3013098239898682,0.051098849120291424,-0.41598230005686165,0.05571786311343192,-0.8315664895926613,0.0758487262101437,-2.1117774504260067
1,0.8,510.0,Grid2401,0.001,5.0,200.0,6.930651664733887,57.42726492881775,0.016100862394817072,0.8223319746553528,0.016045682993869447,0.8506282453134824,0.05579321535995655,-1.2302310412224586
2,0.8,510.0,Sobol1,0.001,401.0,200.0,55.987178802490234,1.4607808589935303,0.08716223577571963,-2.5971008643393985,0.08634758556885479,-1.8792203193442587,0.07282667096212779,-1.3438887228633143
3,0.8,510.0,Sobol2,0.001,5.0,200.0,4.903161525726318,55.370157957077026,0.01700977719319957,0.9728381154453442,0.01746940973329536,0.9818761252218032,0.01638029320200941,0.9617943648928045
