,ratio,rndint,dataset,learning_rate,batchsize,epochs,loss,time,mape,r2,mape_test,r2_test,mape_interpolation,r2_interpolation
0,0.85,930.0,Grid1296,0.001,6.0,200.0,5.644693851470947,32.803093910217285,0.017239518048782782,0.8224520403360204,0.025117431502369014,0.6342300065746554,0.04561439022350251,0.4152497846043872
1,0.85,930.0,Grid2401,0.001,7.0,200.0,10.366411209106445,44.69877314567566,0.01962260349677893,0.8152454601833721,0.019691336575810434,0.8296024095129588,0.05948829639746684,-1.1635651834106375
2,0.85,930.0,Sobol1,0.001,6.0,200.0,8.916961669921875,58.231125593185425,0.012439950794553208,0.9861105686629583,0.01329888028933547,0.9799763028331845,0.014096286167267337,0.9652661107269951
3,0.85,930.0,Sobol2,0.001,19.0,200.0,39.40460205078125,16.067819595336914,0.06152969271436133,0.1586081209141258,0.06554808705334608,0.1326553212773578,0.04568706664336853,0.5109044391845692
