,ratio,rndint,dataset,learning_rate,batchsize,epochs,loss,time,mape,r2,mape_test,r2_test,mape_interpolation,r2_interpolation
0,0.25,759.0,Grid1296,0.001,9.0,200.0,23.84336280822754,6.46760368347168,0.04890574861189126,0.055951959696364795,0.05217415665564885,0.03178631900643758,0.07421090899762832,-0.9969088217433459
1,0.25,759.0,Grid2401,0.001,5.0,200.0,10.557568550109863,18.32671546936035,0.017199767073171716,0.8452212885490402,0.01788244949100669,0.8177753450033762,0.05917130000174741,-1.333811515030713
2,0.25,759.0,Sobol1,0.001,167.0,200.0,59.299400329589844,0.9396483898162842,0.09206274431201605,-3.4883829189087354,0.08741218904794489,-3.253103126232844,0.07311480924871137,-1.8703057517185373
3,0.25,759.0,Sobol2,0.001,5.0,200.0,63.82120895385742,17.66925811767578,0.10114072604240702,-0.9799652307904478,0.09194001037718735,-0.5275062085984863,0.08085877061388239,-0.1702776594741804
