,ratio,rndint,dataset,learning_rate,batchsize,epochs,loss,time,mape,r2,mape_test,r2_test,mape_interpolation,r2_interpolation
0,0.75,582.0,Grid1296,0.001,9.0,200.0,24.20634651184082,19.29520893096924,0.052309347242319955,-0.12932795123608076,0.053441881538195665,-0.3465648766367695,0.07785274941527001,-1.3943152249365265
1,0.75,582.0,Grid2401,0.001,661.0,200.0,36.011268615722656,0.8478431701660156,0.0514294638852261,0.3931780463345822,0.04935018581583778,0.3753070187252944,0.08571869530299396,-2.541393037608418
2,0.75,582.0,Sobol1,0.001,9.0,200.0,10.109418869018555,35.20494079589844,0.013024047417802716,0.9873733989549727,0.012278870496913839,0.9882418997442939,0.017486498079091355,0.9618537217897153
3,0.75,582.0,Sobol2,0.001,5.0,200.0,3.4223999977111816,52.77997660636902,0.02089083446362641,0.9770881743894371,0.021677148195737263,0.9662895406917109,0.018031154050494273,0.9637879953764763
