,ratio,rndint,dataset,learning_rate,batchsize,epochs,loss,time,mape,r2,mape_test,r2_test,mape_interpolation,r2_interpolation
0,0.3,510.0,Grid1296,0.001,167.0,200.0,38.942264556884766,0.6432812213897705,0.061624748114348336,-0.32448675738744637,0.06731875295707242,-0.9636039612894622,0.08872246805950543,-2.2515977224927393
1,0.3,510.0,Grid2401,0.001,6.0,200.0,13.388275146484375,18.53218126296997,0.017443018370640134,0.9067868932434304,0.021002799707431553,0.7766487992458377,0.05943573292049232,-1.2687639993560027
2,0.3,510.0,Sobol1,0.001,601.0,200.0,93.68936157226562,0.42090487480163574,0.13343438251357562,-1.5098273463878296,0.1429695613073911,-1.6960030993800395,0.12714288053666917,-0.9010910544099306
3,0.3,510.0,Sobol2,0.001,5.0,200.0,41.357398986816406,21.513642072677612,0.05909430523568785,0.6993837012300566,0.059176684328289646,0.6736299186294303,0.05388974707977745,0.6287668055488331
