,ratio,rndint,dataset,learning_rate,batchsize,epochs,loss,time,mape,r2,mape_test,r2_test,mape_interpolation,r2_interpolation
0,0.4,996.0,Grid1296,0.001,223.0,200.0,38.979366302490234,0.6442480087280273,0.05650647907019635,-0.6171646327559313,0.05839357582250191,-0.422829556378419,0.0822463823323206,-1.9933319231565045
1,0.4,996.0,Grid2401,0.001,5.0,200.0,13.051501274108887,28.87760090827942,0.01947309586981237,0.8218306743612954,0.019463469797104276,0.830719560979666,0.05973350667293007,-1.1356246106968002
2,0.4,996.0,Sobol1,0.001,401.0,200.0,58.736244201660156,0.7246232032775879,0.08825077412314009,-5.2794140404323775,0.09559623739575304,-6.724305817490371,0.07491768942521695,-3.5972328594846443
3,0.4,996.0,Sobol2,0.001,5.0,200.0,60.765907287597656,27.888070583343506,0.08694210924301793,-0.9961411273097991,0.08555526962649529,-0.915602668996834,0.06920206125584362,-0.15721349498028192
