,ratio,rndint,dataset,learning_rate,batchsize,epochs,loss,time,mape,r2,mape_test,r2_test,mape_interpolation,r2_interpolation
0,0.05,48.0,Grid1296,0.001,5.0,200.0,22.4583740234375,1.8644301891326904,0.04254363603441712,-0.6530619702099121,0.05633432493518113,-0.7963389039072724,0.08050911068343622,-2.3279189464228245
1,0.05,48.0,Grid2401,0.001,8.0,200.0,44.30278015136719,1.8962435722351074,0.04365384414059612,0.7319236665379809,0.04494868632746895,0.6431132602612524,0.07539695295844863,-0.9846489854803211
2,0.05,48.0,Sobol1,0.001,5.0,200.0,89.84077453613281,4.102723121643066,0.08765546611892017,-0.9853587235439463,0.08658505770666418,-1.0465166701544577,0.0747001455243469,-0.4715210511523964
3,0.05,48.0,Sobol2,0.001,5.0,200.0,91.77025604248047,3.5895280838012695,0.07512662933826125,-0.0987414472790562,0.09546653913807,-1.0016538475016237,0.07731761529086183,-0.21019937935738553
