,ratio,rndint,dataset,learning_rate,batchsize,epochs,loss,time,mape,r2,mape_test,r2_test,mape_interpolation,r2_interpolation
0,0.85,816.0,Grid1296,0.001,6.0,200.0,6.027516841888428,32.24045658111572,0.015359171247390538,0.9144124111839573,0.017381696552978405,0.9117214117122449,0.038621427553461686,0.7471250304990378
1,0.85,816.0,Grid2401,0.001,7.0,200.0,8.201765060424805,44.403703451156616,0.016604550925925884,0.8196542726861827,0.01610034043182602,0.8276358632510598,0.05769459547290977,-1.3388579939377903
2,0.85,816.0,Sobol1,0.001,6.0,200.0,7.359181880950928,57.91413354873657,0.012340422617457379,0.9900250974470727,0.011576287446585074,0.9920024503923913,0.019155334611419515,0.9563506515431676
3,0.85,816.0,Sobol2,0.001,19.0,200.0,48.564483642578125,15.737386465072632,0.09433425839103894,-0.6946251622370936,0.08668470828361008,-0.5362092883102636,0.0791169685684875,-0.1542361312411713
