,ratio,rndint,dataset,learning_rate,batchsize,epochs,loss,time,mape,r2,mape_test,r2_test,mape_interpolation,r2_interpolation
0,0.5,16.0,Grid1296,0.001,6.0,200.0,25.621337890625,18.869666814804077,0.051578100636048535,-0.354886379119445,0.046142121302098056,-0.04228981913494834,0.07120333645659781,-1.562805977295116
1,0.5,16.0,Grid2401,0.001,881.0,200.0,68.96416473388672,0.4645421504974365,0.10008136157517644,0.24170828263942534,0.10507275927930536,0.1862777356266614,0.12311443029786741,-0.9498222782693275
2,0.5,16.0,Sobol1,0.001,6.0,200.0,111.69506072998047,34.15599250793457,0.08071930341186355,-0.4217954912078403,0.08031063792639925,-0.43341282038622286,0.07006559521294914,-0.031037296776585066
3,0.5,16.0,Sobol2,0.001,5.0,200.0,4.824749946594238,34.41202187538147,0.01630622390385598,0.9773290591491921,0.016991026962878412,0.9784931358664373,0.018446772148305757,0.9567953604785975
