,ratio,rndint,dataset,learning_rate,batchsize,epochs,loss,time,mape,r2,mape_test,r2_test,mape_interpolation,r2_interpolation
0,0.25,996.0,Grid1296,0.001,9.0,200.0,26.48968505859375,6.606116771697998,0.05581682828682122,-0.1999081273773602,0.053936137824496994,0.024004944767715974,0.0735824818900848,-1.023224722713568
1,0.25,996.0,Grid2401,0.001,5.0,200.0,14.053955078125,18.694133758544922,0.018426914611525135,0.8619757919508036,0.020484108892456405,0.8079802190179004,0.05990296928320214,-1.1457194901406407
2,0.25,996.0,Sobol1,0.001,167.0,200.0,50.19823455810547,0.9541597366333008,0.08098807146133245,-2.7353684628997157,0.09188133871403521,-3.9472086011757854,0.07284677601865648,-2.008709423720157
3,0.25,996.0,Sobol2,0.001,5.0,200.0,22.078369140625,18.005807876586914,0.032307795202063824,0.9123546527215974,0.03588861901256639,0.8939619012541926,0.030555159998526645,0.8925148892972147
