,ratio,rndint,dataset,learning_rate,batchsize,epochs,loss,time,mape,r2,mape_test,r2_test,mape_interpolation,r2_interpolation
0,0.85,582.0,Grid1296,0.001,6.0,200.0,10.57427978515625,32.731836795806885,0.022242776605228075,0.8734477373567872,0.0238682550334599,0.7918184210271897,0.04765128992480047,0.6231870745491741
1,0.85,582.0,Grid2401,0.001,7.0,200.0,13.250208854675293,45.12180161476135,0.017629428110994026,0.8312899618964674,0.016997951710559064,0.8866885855929298,0.0565189879853813,-1.0590820446958724
2,0.85,582.0,Sobol1,0.001,6.0,200.0,13.576069831848145,58.76058530807495,0.017625590435004963,0.9787488011721175,0.01747208935797757,0.978888854053999,0.01812298695099003,0.961606332078452
3,0.85,582.0,Sobol2,0.001,19.0,200.0,23.579669952392578,15.970611095428467,0.044575532586824104,0.8581270351788735,0.043137085189059336,0.8712315155157766,0.04158367052313898,0.8081312637865228
