,ratio,rndint,dataset,learning_rate,batchsize,epochs,loss,time,mape,r2,mape_test,r2_test,mape_interpolation,r2_interpolation
0,0.75,854.0,Grid1296,0.001,9.0,200.0,14.7266845703125,19.049981117248535,0.03574624717687507,0.49708004394153293,0.03774287948693213,0.45999973076911194,0.06226025992453641,-0.2078048462642379
1,0.75,854.0,Grid2401,0.001,661.0,200.0,31.827152252197266,0.8292748928070068,0.044515687394960056,0.27141785058606804,0.04297068048915794,0.34126571577069365,0.07921568294775562,-3.386224571027304
2,0.75,854.0,Sobol1,0.001,9.0,200.0,7.70417594909668,34.170050382614136,0.015092847349101737,0.9839229925194225,0.015552847086157433,0.9816473850009414,0.019566561351402664,0.9555441501704619
3,0.75,854.0,Sobol2,0.001,5.0,200.0,9.155969619750977,52.17021679878235,0.020904312429862317,0.9611616932598621,0.024122743632915014,0.9590618110960759,0.018562760307710233,0.9522030388850072
