,ratio,rndint,dataset,learning_rate,batchsize,epochs,loss,time,mape,r2,mape_test,r2_test,mape_interpolation,r2_interpolation
0,0.95,816.0,Grid1296,0.001,5.0,200.0,4.946569919586182,43.26943802833557,0.015877900938505465,0.9082192237193647,0.024822269218779565,0.8676095728896196,0.03673852564001161,0.7251422474495668
1,0.95,816.0,Grid2401,0.001,6.0,200.0,7.058370113372803,56.81834816932678,0.013828503195171331,0.8642539210656015,0.013578469016260324,0.7649047277679689,0.05157814696180345,-0.7502747007828456
2,0.95,816.0,Sobol1,0.001,7.0,200.0,8.742919921875,56.62091255187988,0.01795099154842055,0.9769850612340312,0.01802229180858833,0.9756928825667235,0.017967703687791443,0.9578888298308997
3,0.95,816.0,Sobol2,0.001,6.0,200.0,3.856414794921875,54.9080445766449,0.014612923749921633,0.9779638801144066,0.018138517323359825,0.9745315510871508,0.01500715166764028,0.9634699984902096
