,ratio,rndint,dataset,learning_rate,batchsize,epochs,loss,time,mape,r2,mape_test,r2_test,mape_interpolation,r2_interpolation
0,0.75,968.0,Grid1296,0.001,9.0,200.0,37.97476577758789,19.002930402755737,0.052979536666632424,-0.2766016831112643,0.04700312713109013,-0.05397873077779969,0.07378296703110263,-1.497727160289211
1,0.75,968.0,Grid2401,0.001,661.0,200.0,32.363468170166016,0.8375158309936523,0.04781427117148252,0.32550279881659927,0.0526263355079066,0.22749403409226676,0.08441661902256263,-3.071997143375218
2,0.75,968.0,Sobol1,0.001,9.0,200.0,7.3375244140625,34.16478180885315,0.017046645247088925,0.9827420762146494,0.016273803564992858,0.9816011340816423,0.0232231920971205,0.9470495607900137
3,0.75,968.0,Sobol2,0.001,5.0,200.0,32.309104919433594,52.25447344779968,0.01990278029014746,0.971569091710701,0.021254279272558425,0.9740765444385157,0.02023553756642508,0.9551768494357882
