,ratio,rndint,dataset,learning_rate,batchsize,epochs,loss,time,mape,r2,mape_test,r2_test,mape_interpolation,r2_interpolation
0,0.15,711.0,Grid1296,0.001,167.0,200.0,65.95591735839844,0.3122565746307373,0.09801385924158076,0.07600280319438524,0.10619668818003768,-0.22982074221035376,0.1299343884229132,-0.7386156984606385
1,0.15,711.0,Grid2401,0.001,6.0,200.0,4.80194091796875,9.124756336212158,0.021622507938926325,0.7833495063451652,0.01961761875102086,0.8305735230074456,0.058750258506559454,-1.2215527755633913
2,0.15,711.0,Sobol1,0.001,5.0,200.0,35.88047409057617,12.397737741470337,0.08690412823095217,-0.7396290235830727,0.08914711675339444,-0.761173583937373,0.0795593143428632,-0.3922434675740467
3,0.15,711.0,Sobol2,0.001,5.0,200.0,31.627674102783203,10.530826330184937,0.10095071484056004,-1.117619992451138,0.10755740625345074,-1.553511217216995,0.09233930709225514,-0.8048967085521499
