,ratio,rndint,dataset,learning_rate,batchsize,epochs,loss,time,mape,r2,mape_test,r2_test,mape_interpolation,r2_interpolation
0,0.1,530.0,Grid1296,0.001,37.0,200.0,41.38312530517578,0.8601822853088379,0.04939284071201086,-0.8651521203874561,0.053884884309806015,-1.2436846361125258,0.07703433432641547,-3.397386244149131
1,0.1,530.0,Grid2401,0.001,8.0,200.0,37.61332702636719,4.7396767139434814,0.04009587290458239,0.29390954467813435,0.042799705248347815,0.14747427407181446,0.07560305695500383,-4.092517098523623
2,0.1,530.0,Sobol1,0.001,5.0,200.0,71.01094818115234,8.55277132987976,0.09853840944449285,0.1290223596491895,0.10017620207467456,0.160885778606926,0.0963293772541649,0.20226394567952544
3,0.1,530.0,Sobol2,0.001,5.0,200.0,60.4608039855957,7.5601806640625,0.08423908100145112,-0.5033147780856371,0.09610272438537305,-0.7677933482664199,0.07909394288675028,-0.13707108725204686
