,ratio,rndint,dataset,learning_rate,batchsize,epochs,loss,time,mape,r2,mape_test,r2_test,mape_interpolation,r2_interpolation
0,0.5,390.0,Grid1296,0.001,6.0,200.0,7.91607666015625,19.3592369556427,0.02170708581578095,0.775466633749245,0.024111097441000182,0.7100054088468514,0.04548053927047298,0.2852259776325199
1,0.5,390.0,Grid2401,0.001,881.0,200.0,73.14362335205078,0.4670991897583008,0.10388824926463833,0.154150200980832,0.10843289553488257,0.1769555771242045,0.12803918961770322,-1.0452965340120954
2,0.5,390.0,Sobol1,0.001,6.0,200.0,14.554545402526855,34.851375579833984,0.02004456173745752,0.9772706930233352,0.020298671196258198,0.9756240769153567,0.025012172116723148,0.9443491699912582
3,0.5,390.0,Sobol2,0.001,5.0,200.0,6.772973537445068,34.8798394203186,0.016998156572682863,0.9802981624129522,0.01867856976212481,0.9708681739119817,0.01760760020159752,0.9613236363555782
