,ratio,rndint,dataset,learning_rate,batchsize,epochs,loss,time,mape,r2,mape_test,r2_test,mape_interpolation,r2_interpolation
0,0.6,999.0,Grid1296,0.001,223.0,200.0,34.562862396240234,0.956113338470459,0.05194048496356049,-0.46877545017176314,0.05673000765612512,-0.8787197132333415,0.07853048939625348,-2.3235737040991102
1,0.6,999.0,Grid2401,0.001,7.0,200.0,10.432146072387695,31.31833815574646,0.017456044483379084,0.8458038621104674,0.017779878515014304,0.8176643429968848,0.05674628705707098,-1.0664037837315559
2,0.6,999.0,Sobol1,0.001,401.0,200.0,64.32743072509766,1.0767323970794678,0.09349074854375669,-3.257551554121222,0.07916725868027595,-2.310465082081515,0.07268573763218246,-1.589621437745409
3,0.6,999.0,Sobol2,0.001,5.0,200.0,5.937353610992432,41.234071254730225,0.018186088078272745,0.9692478529034358,0.01665551887569876,0.9835210321812515,0.018413030694018378,0.9547588059890357
