,ratio,rndint,dataset,learning_rate,batchsize,epochs,loss,time,mape,r2,mape_test,r2_test,mape_interpolation,r2_interpolation
0,0.7,999.0,Grid1296,0.001,11.0,200.0,18.553855895996094,14.403881549835205,0.04966197770530216,-0.04236957196973812,0.05728328850717706,-0.540062803935327,0.07232014199326538,-1.4183069651934064
1,0.7,999.0,Grid2401,0.001,617.0,200.0,31.0106258392334,0.8091733455657959,0.04599064407070332,0.43630153588183496,0.04509840400712183,0.4398819873193248,0.08160156036016775,-2.628627092469072
2,0.7,999.0,Sobol1,0.001,23.0,200.0,55.68836975097656,12.577050685882568,0.08292392789982687,-0.47962861766363685,0.07748129669580976,-0.3407926654966962,0.06990281134344653,-0.04558748970567561
3,0.7,999.0,Sobol2,0.001,29.0,200.0,58.062103271484375,11.14517593383789,0.08500574011378964,-0.9624644497035177,0.08827534230698694,-0.9850027002584822,0.06881921273847766,-0.15003517235525976
