,ratio,rndint,dataset,learning_rate,batchsize,epochs,loss,time,mape,r2,mape_test,r2_test,mape_interpolation,r2_interpolation
0,0.2,678.0,Grid1296,0.001,223.0,200.0,71.12610626220703,0.3220372200012207,0.10643143071539467,-0.08765279779997681,0.11066926694457785,-0.2140570001203772,0.13562655766480516,-0.7296605929125262
1,0.2,678.0,Grid2401,0.001,8.0,200.0,23.5687255859375,9.083696842193604,0.036480907956657545,0.5855994074898618,0.03716364639815349,0.5710367697913086,0.07256297722814557,-2.49632628042162
2,0.2,678.0,Sobol1,0.001,401.0,200.0,93.15863037109375,0.36518144607543945,0.13542945006157056,-1.1742928891512836,0.14025851713619025,-1.363374549382776,0.12817121256689232,-0.7098261028135273
3,0.2,678.0,Sobol2,0.001,5.0,200.0,42.87946701049805,13.950144529342651,0.1015063980390757,-1.2921013610346672,0.09286614809455207,-0.9333981881237945,0.08037618900840006,-0.3993897383939027
