,ratio,rndint,dataset,learning_rate,batchsize,epochs,loss,time,mape,r2,mape_test,r2_test,mape_interpolation,r2_interpolation
0,0.45,759.0,Grid1296,0.001,251.0,200.0,39.51161575317383,0.647064208984375,0.05858715650104756,-0.8001067921714415,0.05849002115912012,-0.7566652286340776,0.08179518290549305,-2.4568810989335916
1,0.45,759.0,Grid2401,0.001,13.0,200.0,23.421743392944336,12.389062881469727,0.04217949695938712,0.36943266425289323,0.04334970734248767,0.3501649627068779,0.07443039491419205,-2.8508564789253614
2,0.45,759.0,Sobol1,0.001,11.0,200.0,17.6645450592041,16.571264028549194,0.028897623100296796,0.9399956335335207,0.028859148351833713,0.9443368547112639,0.03043759709227281,0.9155074986890274
3,0.45,759.0,Sobol2,0.001,191.0,200.0,64.45245361328125,1.2406151294708252,0.0881891114573721,-4.038075202389695,0.09670339965907997,-3.903057654363823,0.07300984793130627,-1.9006402123026174
