,ratio,rndint,dataset,learning_rate,batchsize,epochs,loss,time,mape,r2,mape_test,r2_test,mape_interpolation,r2_interpolation
0,0.2,562.0,Grid1296,0.001,223.0,200.0,80.25102996826172,0.33292317390441895,0.12467584781029362,-0.22334045243818812,0.11890418331894484,-0.2683770226645914,0.14581147909919545,-0.7589619734677406
1,0.2,562.0,Grid2401,0.001,8.0,200.0,19.570358276367188,9.389857530593872,0.02684841259760048,0.7420236083345328,0.030030748816548394,0.667155703776402,0.06657151092670388,-2.2389987952858132
2,0.2,562.0,Sobol1,0.001,401.0,200.0,98.30754852294922,0.3731398582458496,0.15099064948756658,-1.0910498557914932,0.1531130930942077,-1.3659642067314821,0.14408101909316595,-0.7672866129083389
3,0.2,562.0,Sobol2,0.001,5.0,200.0,41.6293830871582,14.457179546356201,0.10027736779014464,-0.37250542553039345,0.09200635155772935,-0.22225903383497259,0.08083316355854751,0.10561160957917726
