,ratio,rndint,dataset,learning_rate,batchsize,epochs,loss,time,mape,r2,mape_test,r2_test,mape_interpolation,r2_interpolation
0,0.15,272.0,Grid1296,0.001,167.0,200.0,73.48841094970703,0.31413865089416504,0.11199641843281423,-0.10525445182253512,0.10814281968346315,-0.1767650384993411,0.13354951014462027,-0.6872697602510263
1,0.15,272.0,Grid2401,0.001,6.0,200.0,24.723257064819336,9.17818832397461,0.039433627949235495,0.4225691677179685,0.039476352133677874,0.41464883040036615,0.07146856867568828,-2.834054818934632
2,0.15,272.0,Sobol1,0.001,5.0,200.0,64.78767395019531,12.48177456855774,0.08389804744858763,-0.3452364796723404,0.08572108445608433,-0.31747115848630414,0.07610769855862894,-0.0192498525054845
3,0.15,272.0,Sobol2,0.001,5.0,200.0,75.2911605834961,10.600537061691284,0.08467951075671501,-1.1056523381129488,0.09168842547091023,-1.3199598492384843,0.07423296896182177,-0.4602306977916706
