,ratio,rndint,dataset,learning_rate,batchsize,epochs,loss,time,mape,r2,mape_test,r2_test,mape_interpolation,r2_interpolation
0,0.55,794.0,Grid1296,0.001,613.0,200.0,76.49451446533203,0.40392160415649414,0.11569010463242316,-0.1873834950669242,0.1136526324118962,-0.20375744229834658,0.14076756448078118,-0.7145565218150531
1,0.55,794.0,Grid2401,0.001,17.0,200.0,20.60997772216797,11.636807441711426,0.0418983150700164,0.3652653065022793,0.04374680594557417,0.2786342919297964,0.07458361768324742,-3.027834522897077
2,0.55,794.0,Sobol1,0.001,19.0,200.0,50.36284255981445,11.867726564407349,0.07692082336826365,-0.21739959565604194,0.08273102148425995,-0.4762587952182957,0.06856184147191376,0.01821457861808984
3,0.55,794.0,Sobol2,0.001,5.0,200.0,9.813085556030273,37.772469997406006,0.02182403772439644,0.9717411167779627,0.02088611199233973,0.9731572124707737,0.018610120969765647,0.9595459451568851
