,ratio,rndint,dataset,learning_rate,batchsize,epochs,loss,time,mape,r2,mape_test,r2_test,mape_interpolation,r2_interpolation
0,0.35,791.0,Grid1296,0.001,5.0,200.0,9.76165771484375,15.809460401535034,0.030649793533184113,0.5910188663257734,0.03724629934916342,0.2616015167225826,0.05899991110271518,-0.461187473236105
1,0.35,791.0,Grid2401,0.001,617.0,200.0,77.87174224853516,0.4114651679992676,0.11599128824789273,0.15354080824624805,0.11371822106456214,0.1767931755122495,0.13159206783766506,-0.8554606229732398
2,0.35,791.0,Sobol1,0.001,701.0,200.0,94.31039428710938,0.43025827407836914,0.14033766666774578,-1.7105596423122456,0.14230992408603668,-1.7453164567268558,0.13061492057861607,-1.0210948182765764
3,0.35,791.0,Sobol2,0.001,5.0,200.0,53.79111862182617,24.09911036491394,0.06842928809091484,0.2641308242800696,0.07050245463765345,0.0313239466085915,0.05614055037353131,0.45645870983759296
