,ratio,rndint,dataset,learning_rate,batchsize,epochs,loss,time,mape,r2,mape_test,r2_test,mape_interpolation,r2_interpolation
0,0.6,725.0,Grid1296,0.001,223.0,200.0,38.82144546508789,0.9839041233062744,0.053912812729205915,-0.4746995433508354,0.05125478492311347,-0.5394815392082857,0.07680861236688034,-2.109410303598447
1,0.6,725.0,Grid2401,0.001,7.0,200.0,9.504298210144043,31.617420196533203,0.01631331533758867,0.8322436761398031,0.01741105253102149,0.8126896276808269,0.05815439731991794,-1.3805618112436195
2,0.6,725.0,Sobol1,0.001,401.0,200.0,58.4852409362793,1.104886770248413,0.09174783060496872,-3.6965001510858144,0.0856251987535786,-3.566547007644446,0.07300570389644381,-2.029825546096689
3,0.6,725.0,Sobol2,0.001,5.0,200.0,14.293359756469727,41.920647859573364,0.03183697900026791,0.9167815304837988,0.03274761437617862,0.9203881496592727,0.031018971822022713,0.9014872473343971
