,ratio,rndint,dataset,learning_rate,batchsize,epochs,loss,time,mape,r2,mape_test,r2_test,mape_interpolation,r2_interpolation
0,0.3,111.0,Grid1296,0.001,167.0,200.0,39.209747314453125,0.6172564029693604,0.0568960015013865,-1.0575961523200896,0.058863342180576685,-1.3814715349938846,0.08328399985438928,-3.353179418506234
1,0.3,111.0,Grid2401,0.001,6.0,200.0,12.020538330078125,18.030606031417847,0.020625084096706638,0.819877223172376,0.021748555117323796,0.8037988160018319,0.06113441336374174,-1.3833538950510476
2,0.3,111.0,Sobol1,0.001,601.0,200.0,96.93621063232422,0.4035377502441406,0.14497081413687485,-1.3398413503852047,0.14972228691514158,-1.4927268777826184,0.13880847664400922,-0.8479455146348165
3,0.3,111.0,Sobol2,0.001,5.0,200.0,12.408899307250977,20.841658115386963,0.053233412652748544,0.7261285086416713,0.05787099256900799,0.6900222188910803,0.05073425214060072,0.6806302026419296
