,ratio,rndint,dataset,learning_rate,batchsize,epochs,loss,time,mape,r2,mape_test,r2_test,mape_interpolation,r2_interpolation
0,0.45,78.0,Grid1296,0.001,251.0,200.0,38.415504455566406,0.656733512878418,0.05397239584403396,-0.5914520625364541,0.059051731245976735,-0.8918230663034261,0.08160562963610193,-2.5027764191767505
1,0.45,78.0,Grid2401,0.001,13.0,200.0,19.510051727294922,12.698297262191772,0.03963167464252237,0.5440231261356601,0.04140798539145309,0.47298660036506923,0.07487518645403685,-2.4898415807631054
2,0.45,78.0,Sobol1,0.001,11.0,200.0,38.194210052490234,16.96207356452942,0.07107985145641604,0.32240627192986016,0.07018269121917131,0.3662947793965894,0.06481297725073533,0.38822263427098513
3,0.45,78.0,Sobol2,0.001,191.0,200.0,64.65679168701172,1.2613000869750977,0.09179082303651136,-2.428196614127402,0.09419222168967144,-2.1725656936533166,0.07381812086971418,-0.9195629449758678
