,ratio,rndint,dataset,learning_rate,batchsize,epochs,loss,time,mape,r2,mape_test,r2_test,mape_interpolation,r2_interpolation
0,0.95,721.0,Grid1296,0.001,5.0,200.0,51.15513229370117,43.61492371559143,0.036672961761887814,0.5877408073286878,0.051378293352439784,-0.7850814374516868,0.06799295970719976,-0.059170378210051444
1,0.95,721.0,Grid2401,0.001,6.0,200.0,9.57514476776123,57.5201678276062,0.019580132444922547,0.7991370167632843,0.017717892947064287,0.8782029904754802,0.059071109149162616,-1.463552430231891
2,0.95,721.0,Sobol1,0.001,7.0,200.0,11.72210693359375,56.9542133808136,0.012681790867524847,0.9884255890306497,0.01614693298922446,0.9850447859610156,0.016569988053745204,0.9657669003772128
3,0.95,721.0,Sobol2,0.001,6.0,200.0,15.046839714050293,55.91232442855835,0.021043284746741442,0.97309299394928,0.017369338614800493,0.9740470577943432,0.016466194891284588,0.9651262498432032
