,ratio,rndint,dataset,learning_rate,batchsize,epochs,loss,time,mape,r2,mape_test,r2_test,mape_interpolation,r2_interpolation
0,0.15,35.0,Grid1296,0.001,167.0,200.0,67.68726348876953,0.3210930824279785,0.0997783070912778,-0.43203965254012267,0.09964716221265475,-0.30667076485969225,0.12520508927678523,-1.0028465097355874
1,0.15,35.0,Grid2401,0.001,6.0,200.0,35.65504837036133,9.240448713302612,0.03702105449758373,0.5850384633194194,0.032523705998349216,0.7353969215359207,0.06953280507411934,-1.3697846740256274
2,0.15,35.0,Sobol1,0.001,5.0,200.0,45.3516731262207,12.587668418884277,0.08989260831594303,-1.8768368970669935,0.0904336549324476,-1.5439253532756485,0.07856684010309678,-0.941775190033487
3,0.15,35.0,Sobol2,0.001,5.0,200.0,34.104759216308594,10.71429991722107,0.07375672473241267,0.0731496861472698,0.0826633307283417,-0.08291734928807948,0.06741439845114021,0.2624693504322184
