,ratio,rndint,dataset,learning_rate,batchsize,epochs,loss,time,mape,r2,mape_test,r2_test,mape_interpolation,r2_interpolation
0,0.8,759.0,Grid1296,0.001,223.0,200.0,34.94872283935547,1.269489049911499,0.05123990345345628,-0.4194084665554263,0.05451222992864711,-0.6899851908939165,0.07518499114412615,-2.061788476875045
1,0.8,759.0,Grid2401,0.001,5.0,200.0,6.79156494140625,56.54897737503052,0.01518785623664801,0.8787613847354949,0.016765483267629097,0.7541991758142155,0.054297115830358775,-0.8387400495801207
2,0.8,759.0,Sobol1,0.001,401.0,200.0,62.03878402709961,1.4252123832702637,0.08537206552341686,-2.4824229679294554,0.09327428507334358,-2.962412320826006,0.07282941944372026,-1.4473423366657667
3,0.8,759.0,Sobol2,0.001,5.0,200.0,7.903161525726318,54.49250411987305,0.01524511971937467,0.9798543312553664,0.01803554052234758,0.965453580097646,0.01700256905196421,0.9602976448262184
