,ratio,rndint,dataset,learning_rate,batchsize,epochs,loss,time,mape,r2,mape_test,r2_test,mape_interpolation,r2_interpolation
0,0.65,985.0,Grid1296,0.001,5.0,200.0,16.430028915405273,29.826882362365723,0.035562033848518984,0.47905662839827723,0.03299335322069004,0.5375000898750781,0.05805189486754638,-0.1964065213021804
1,0.65,985.0,Grid2401,0.001,5.0,200.0,11.24383544921875,47.250295639038086,0.01979295793572671,0.7840148261177576,0.017772896875335047,0.8743304499672662,0.05837487580285811,-1.121842131490916
2,0.65,985.0,Sobol1,0.001,1303.0,200.0,90.48291778564453,0.556384801864624,0.13277964569511824,-1.7339426884905276,0.13295398181033444,-2.0439641188621906,0.12077465476059793,-1.0485029448233885
3,0.65,985.0,Sobol2,0.001,5.0,200.0,4.92535400390625,45.41910409927368,0.017422439916138115,0.9720962112481992,0.01611262465949588,0.9808927727507912,0.01733866498793169,0.9579224619415299
