,ratio,rndint,dataset,learning_rate,batchsize,epochs,loss,time,mape,r2,mape_test,r2_test,mape_interpolation,r2_interpolation
0,0.7,986.0,Grid1296,0.001,11.0,200.0,24.5573787689209,14.44406509399414,0.05102886590141678,-0.17789748395116867,0.05139180641066418,-0.014295925313391411,0.07515272979435712,-1.322008240372626
1,0.7,986.0,Grid2401,0.001,617.0,200.0,30.36260986328125,0.9127697944641113,0.04487691544046813,0.34268349103401086,0.0431293717487395,0.3477751461406242,0.07958842062995272,-3.1057456999096473
2,0.7,986.0,Sobol1,0.001,23.0,200.0,72.03504180908203,12.788238763809204,0.07720368159941919,-0.47005413324397227,0.07239882757055295,-0.34393742984899145,0.06318827364587891,0.03380380564286922
3,0.7,986.0,Sobol2,0.001,29.0,200.0,62.235435485839844,11.1750807762146,0.08915981044380605,-0.726713490788101,0.09712632924464862,-0.9869566495718216,0.07672934392800054,-0.21709340332472782
