,ratio,rndint,dataset,learning_rate,batchsize,epochs,loss,time,mape,r2,mape_test,r2_test,mape_interpolation,r2_interpolation
0,0.2,78.0,Grid1296,0.001,223.0,200.0,76.46675109863281,0.3327600955963135,0.11810038989377564,-0.26036693206853,0.11750896026128509,-0.2430850539756917,0.1436870809307471,-0.7630002782235563
1,0.2,78.0,Grid2401,0.001,8.0,200.0,16.570648193359375,9.384502649307251,0.04093718878066898,0.3251271529603811,0.04391422636700974,0.1172520427284558,0.0780991632150691,-4.3895468256976535
2,0.2,78.0,Sobol1,0.001,401.0,200.0,104.84066009521484,0.372469425201416,0.15265167421864034,-1.6347063198925782,0.14376103696175482,-1.0917534644434328,0.1352518247257767,-0.6365895282503979
3,0.2,78.0,Sobol2,0.001,5.0,200.0,35.3060188293457,14.485243320465088,0.09080384743867267,-1.1795802651060363,0.09571946766153439,-0.8605852208149933,0.07948419267194948,-0.2769712542871967
