,ratio,rndint,dataset,learning_rate,batchsize,epochs,loss,time,mape,r2,mape_test,r2_test,mape_interpolation,r2_interpolation
0,0.05,530.0,Grid1296,0.001,5.0,200.0,7.793713569641113,2.3722245693206787,0.05415128684928408,-0.8334944171752252,0.05549241949559005,-0.9582891723881786,0.0764507671952727,-2.7583579016196107
1,0.05,530.0,Grid2401,0.001,8.0,200.0,32.127662658691406,2.3809192180633545,0.04379491689428233,0.5544947555404094,0.04415996363428598,0.517926736552144,0.07586193517584545,-2.0136165255553893
2,0.05,530.0,Sobol1,0.001,5.0,200.0,47.0987663269043,4.302934169769287,0.08947067949516928,-0.3850388812292598,0.0885356756487122,-0.48442014635618236,0.07760964534382231,-0.08936004714182011
3,0.05,530.0,Sobol2,0.001,5.0,200.0,46.59770584106445,3.6644504070281982,0.08457987924184036,-4.132012388085239,0.09568715422869853,-3.9015902480929867,0.07729802748090839,-2.1351135612991743
