,ratio,rndint,dataset,learning_rate,batchsize,epochs,loss,time,mape,r2,mape_test,r2_test,mape_interpolation,r2_interpolation
0,0.25,171.0,Grid1296,0.001,9.0,200.0,51.769203186035156,6.391123056411743,0.04960002858411962,-0.5180458831765484,0.054067927535654814,-0.9231346242528107,0.0775111293286565,-2.572576971990628
1,0.25,171.0,Grid2401,0.001,5.0,200.0,18.227575302124023,18.07162380218506,0.01808589225512229,0.7878083884933003,0.018440532667823153,0.8236622416088711,0.05836052400857821,-1.39716270990133
2,0.25,171.0,Sobol1,0.001,167.0,200.0,61.75191879272461,0.9357771873474121,0.09003792961389664,-3.123024240966516,0.09258858592144166,-3.3045960458431276,0.07508735553179584,-1.7698822496968587
3,0.25,171.0,Sobol2,0.001,5.0,200.0,22.726598739624023,17.507131099700928,0.0461259489785172,0.8572380404235036,0.04863699247503196,0.8223522717271007,0.04382901770974496,0.777254770223235
