,ratio,rndint,dataset,learning_rate,batchsize,epochs,loss,time,mape,r2,mape_test,r2_test,mape_interpolation,r2_interpolation
0,0.05,759.0,Grid1296,0.001,5.0,200.0,27.951379776000977,2.311980962753296,0.053900174151662934,-0.41582748186403684,0.05381594649159772,0.03387748234973609,0.07805494745800837,-0.9878243250601606
1,0.05,759.0,Grid2401,0.001,8.0,200.0,18.224609375,2.3215370178222656,0.04038030550719622,0.391484960921637,0.04397567351427125,0.47670125371409644,0.07449002023033909,-2.1431730600675363
2,0.05,759.0,Sobol1,0.001,5.0,200.0,62.9340934753418,4.190129518508911,0.07308923468427687,0.06314449800817679,0.08770481809059365,-0.9962504024670022,0.07542110314270309,-0.40830447170490736
3,0.05,759.0,Sobol2,0.001,5.0,200.0,61.370819091796875,3.556849241256714,0.09154490296562458,-0.7503436268486905,0.09459816201563699,-0.8543181607657513,0.07983701496191106,-0.2569094054073804
