,ratio,rndint,dataset,learning_rate,batchsize,epochs,loss,time,mape,r2,mape_test,r2_test,mape_interpolation,r2_interpolation
0,0.55,791.0,Grid1296,0.001,613.0,200.0,61.07514953613281,0.40844106674194336,0.08942154208647984,-0.5383887626904857,0.08864029194353248,-0.5575326481202365,0.11499336652238039,-1.4690583579784673
1,0.55,791.0,Grid2401,0.001,17.0,200.0,31.27713966369629,11.648380756378174,0.04250100512379038,0.24769738483619808,0.04223157670582243,0.34389401124349006,0.07419758799151474,-3.126965634622241
2,0.55,791.0,Sobol1,0.001,19.0,200.0,62.685150146484375,11.867961645126343,0.08693278077794368,-0.6666916852861056,0.08755905471682494,-0.7403926040171558,0.07718045469358066,-0.30571954431321324
3,0.55,791.0,Sobol2,0.001,5.0,200.0,5.646697998046875,37.71950435638428,0.01721452672329144,0.9750462191823726,0.02024869729319183,0.9628007712279979,0.019634513021325305,0.9498499117016181
