,ratio,rndint,dataset,learning_rate,batchsize,epochs,loss,time,mape,r2,mape_test,r2_test,mape_interpolation,r2_interpolation
0,0.2,147.0,Grid1296,0.001,223.0,200.0,65.07464599609375,0.32284092903137207,0.09479977821600448,-0.21490702505192982,0.09301693258906392,-0.39069446107475403,0.11763358066719933,-1.0543437138619591
1,0.2,147.0,Grid2401,0.001,8.0,200.0,22.152793884277344,9.063911199569702,0.04463322426780807,-0.11093181617210734,0.046725987148555616,-0.1419053355950881,0.07663709392274862,-4.203876577570068
2,0.2,147.0,Sobol1,0.001,401.0,200.0,115.97783660888672,0.36327457427978516,0.17765499255315859,-1.400351245515786,0.1563030698027629,-0.982264123992318,0.15339022575672595,-0.6166435295633541
3,0.2,147.0,Sobol2,0.001,5.0,200.0,80.68286895751953,14.14196252822876,0.09683310906362262,-0.4424485825668236,0.09424376068881885,-0.4884629567475338,0.08097456498246049,-0.02373916000377374
