,ratio,rndint,dataset,learning_rate,batchsize,epochs,loss,time,mape,r2,mape_test,r2_test,mape_interpolation,r2_interpolation
0,0.1,222.0,Grid1296,0.001,37.0,200.0,37.46662521362305,0.8508555889129639,0.05548210488909225,-1.695387736962776,0.05388227656639645,-1.4108224620055183,0.07886160776105001,-3.7588337075706955
1,0.1,222.0,Grid2401,0.001,8.0,200.0,24.217727661132812,4.675135135650635,0.03903887652939548,0.5220491169542671,0.0425518418879304,0.5557710612157001,0.07451794150923627,-1.9090748356193088
2,0.1,222.0,Sobol1,0.001,5.0,200.0,84.56407165527344,8.439583778381348,0.08301561031488149,-0.5104406822953378,0.0852175067279588,-0.6043587849637837,0.07447411118722434,-0.20435118469161773
3,0.1,222.0,Sobol2,0.001,5.0,200.0,80.1980209350586,7.180747985839844,0.08969421294430205,0.3622693608003962,0.0851004136017858,0.22187280698939127,0.07669023775054286,0.3256916702804392
