,ratio,rndint,dataset,learning_rate,batchsize,epochs,loss,time,mape,r2,mape_test,r2_test,mape_interpolation,r2_interpolation
0,0.5,490.0,Grid1296,0.001,6.0,200.0,28.12424659729004,18.819791793823242,0.03919997194682535,0.3468945639487817,0.04195195719759498,0.19082427878015495,0.06596981014408436,-0.6739508357315269
1,0.5,490.0,Grid2401,0.001,881.0,200.0,66.53695678710938,0.4650261402130127,0.0932903166140803,0.17323469271928849,0.09692925428581867,0.1282989415181346,0.12079981209325537,-1.3422162801042608
2,0.5,490.0,Sobol1,0.001,6.0,200.0,9.590728759765625,34.278544902801514,0.01426292397212618,0.9870767327057337,0.012817915951607186,0.989519540895429,0.0180204939884586,0.9619981149915332
3,0.5,490.0,Sobol2,0.001,5.0,200.0,5.026391506195068,34.3682222366333,0.019332087170386418,0.9683601223089021,0.019386070197906034,0.9689453156116614,0.021609345946660915,0.9456435215077511
