,ratio,rndint,dataset,learning_rate,batchsize,epochs,loss,time,mape,r2,mape_test,r2_test,mape_interpolation,r2_interpolation
0,0.35,829.0,Grid1296,0.001,5.0,200.0,39.063232421875,16.124401092529297,0.053647130187283176,-0.3222136221396539,0.050971740204646315,-0.13775640935210576,0.0754399353153146,-1.4588890420287752
1,0.35,829.0,Grid2401,0.001,617.0,200.0,63.5941162109375,0.4108738899230957,0.0899061548971934,0.22020055846698305,0.08826127179770683,0.19023433501888343,0.11605492698271297,-1.4399913026675772
2,0.35,829.0,Sobol1,0.001,701.0,200.0,93.80435180664062,0.4306526184082031,0.13675225607819977,-1.8196191607151504,0.13448453807348873,-1.6077199889798335,0.12320122382670241,-0.9400630651211905
3,0.35,829.0,Sobol2,0.001,5.0,200.0,20.561437606811523,24.583456993103027,0.02174143626612437,0.9663629491977654,0.02578160279238998,0.9467313702686548,0.024860602362417463,0.9323538853546103
