,ratio,rndint,dataset,learning_rate,batchsize,epochs,loss,time,mape,r2,mape_test,r2_test,mape_interpolation,r2_interpolation
0,0.4,794.0,Grid1296,0.001,223.0,200.0,44.333621978759766,0.6427192687988281,0.05986805853702004,-0.8492190069413355,0.06106232038964296,-0.9387411723661709,0.08465202947629384,-2.6477561889621066
1,0.4,794.0,Grid2401,0.001,5.0,200.0,16.525171279907227,28.648137092590332,0.017252406840669914,0.8549745503677607,0.0190235604006673,0.8013394008351069,0.05899310375307554,-1.218332288784643
2,0.4,794.0,Sobol1,0.001,401.0,200.0,68.24347686767578,0.7194011211395264,0.09678982141638498,-5.055241413382033,0.09625284087689208,-4.76487868981027,0.0793350708801871,-2.8444114844169706
3,0.4,794.0,Sobol2,0.001,5.0,200.0,5.168347358703613,27.51082468032837,0.01967821438110234,0.9724224768889485,0.020055872985415238,0.9741924188194494,0.01819605158846412,0.9601202038280157
