,ratio,rndint,dataset,learning_rate,batchsize,epochs,loss,time,mape,r2,mape_test,r2_test,mape_interpolation,r2_interpolation
0,0.9,111.0,Grid1296,0.001,251.0,200.0,34.09567642211914,1.3047740459442139,0.050951587016189875,-0.38075070012678425,0.058516623617562026,-0.384355164566053,0.07512058105495702,-1.8704667749374098
1,0.9,111.0,Grid2401,0.001,13.0,200.0,8.819260597229004,25.488843202590942,0.018815283020652954,0.7992036066640311,0.017249782606157223,0.8901995911424273,0.058657246577625256,-1.3745926035700364
2,0.9,111.0,Sobol1,0.001,11.0,200.0,5.9207072257995605,34.06582021713257,0.01349068584938459,0.986459923622372,0.013005160984817585,0.9893988584515749,0.016230147413988472,0.9650672700168964
3,0.9,111.0,Sobol2,0.001,5.0,200.0,6.777795314788818,63.304412603378296,0.017392069610564498,0.9782382058619513,0.020479515122612646,0.9747667313839646,0.014638353534304456,0.9671922790707714
