,ratio,rndint,dataset,learning_rate,batchsize,epochs,loss,time,mape,r2,mape_test,r2_test,mape_interpolation,r2_interpolation
0,0.1,561.0,Grid1296,0.001,37.0,200.0,33.76015853881836,0.8445250988006592,0.050529417865152665,-0.9216238226165019,0.054578881976859436,-0.4561881969584267,0.08007953578575325,-2.0665323521657166
1,0.1,561.0,Grid2401,0.001,8.0,200.0,14.976119995117188,4.657837629318237,0.031563781483170586,0.4614461102901979,0.03288938099101265,0.4250729635319276,0.0684458918150309,-3.257953453381422
2,0.1,561.0,Sobol1,0.001,5.0,200.0,45.415374755859375,8.415318727493286,0.08567667137068344,-1.2545269135529953,0.08789931913202942,-1.4332927623860767,0.07704462438097937,-0.8513362406950846
3,0.1,561.0,Sobol2,0.001,5.0,200.0,65.68309020996094,7.152082681655884,0.08950600759827344,-1.9884787438423936,0.09282023799976782,-1.932087926167339,0.07586858606333716,-0.8799430572795104
