,ratio,rndint,dataset,learning_rate,batchsize,epochs,loss,time,mape,r2,mape_test,r2_test,mape_interpolation,r2_interpolation
0,0.6,968.0,Grid1296,0.001,223.0,200.0,36.418880462646484,0.9679689407348633,0.05526536697067784,-0.9411139501796337,0.04819343868649778,-0.46086301532524354,0.07626147761531206,-2.5903550386638043
1,0.6,968.0,Grid2401,0.001,7.0,200.0,8.545087814331055,31.349550485610962,0.015021885272950234,0.8402408494558853,0.016375890246006462,0.8306027990027146,0.0566277481490654,-1.2030253223257552
2,0.6,968.0,Sobol1,0.001,401.0,200.0,60.36681365966797,1.0897793769836426,0.08939169099233078,-3.975162448477061,0.08797198614612668,-3.5207765420532713,0.07295348333485105,-2.1539331642602133
3,0.6,968.0,Sobol2,0.001,5.0,200.0,32.8074836730957,41.616142988204956,0.025042653203528123,0.9659840491143897,0.025975726622448427,0.959808114402464,0.02415822439719055,0.9456002772786736
