,ratio,rndint,dataset,learning_rate,batchsize,epochs,loss,time,mape,r2,mape_test,r2_test,mape_interpolation,r2_interpolation
0,0.95,111.0,Grid1296,0.001,5.0,200.0,10.771471977233887,43.251176595687866,0.01454854620754096,0.9024511366122547,0.023624398750459213,0.7875803344806758,0.038451511793360635,0.6966085364126866
1,0.95,111.0,Grid2401,0.001,6.0,200.0,5.925302982330322,57.12069320678711,0.012532715358981865,0.8460785902762757,0.016739516177377838,0.8643343411442335,0.05481576978706686,-1.0595705743416328
2,0.95,111.0,Sobol1,0.001,7.0,200.0,2.426609516143799,57.3090558052063,0.011710265790246862,0.9871316672745926,0.00989435342077008,0.9930818491871338,0.016661836790869366,0.9599932454403184
3,0.95,111.0,Sobol2,0.001,6.0,200.0,9.53559398651123,46.285500288009644,0.018893999616781385,0.9675216291422746,0.02813798367000508,0.9514082800984319,0.018506916304677483,0.9492277063272758
