,ratio,rndint,dataset,learning_rate,batchsize,epochs,loss,time,mape,r2,mape_test,r2_test,mape_interpolation,r2_interpolation
0,0.55,759.0,Grid1296,0.001,613.0,200.0,64.90254974365234,0.4036593437194824,0.09358335057627651,-0.3438579716944399,0.09684000041439535,-0.4302590622440656,0.12017213167220114,-1.1099080096927607
1,0.55,759.0,Grid2401,0.001,17.0,200.0,9.880995750427246,11.589080095291138,0.017294442678163123,0.8430149410395948,0.01888656558759177,0.7984369968234637,0.058321292156102975,-1.3316583571343141
2,0.55,759.0,Sobol1,0.001,19.0,200.0,51.27468490600586,11.821906566619873,0.08333750138162388,-0.4998796985036382,0.09048953084869876,-0.7398275882277576,0.07658776459364103,-0.23557104379747962
3,0.55,759.0,Sobol2,0.001,5.0,200.0,9.21734619140625,37.434555768966675,0.0225806460092682,0.9669428954950532,0.026060225326866398,0.9544909475053347,0.020227062298528768,0.9490816647011135
