,ratio,rndint,dataset,learning_rate,batchsize,epochs,loss,time,mape,r2,mape_test,r2_test,mape_interpolation,r2_interpolation
0,0.3,854.0,Grid1296,0.001,167.0,200.0,41.20926284790039,0.6333882808685303,0.06003099652769692,-0.31683362222353684,0.06079762444371081,-0.6633459618497648,0.08419131069438841,-2.0139768953733976
1,0.3,854.0,Grid2401,0.001,6.0,200.0,12.493489265441895,18.557884693145752,0.02060205859957236,0.7583558840662622,0.019353517561431915,0.8233725025375216,0.05948168721584034,-1.4073891308989848
2,0.3,854.0,Sobol1,0.001,601.0,200.0,101.90416717529297,0.4133305549621582,0.15671198304544046,-1.2765803436980612,0.14638982626799804,-1.5179705093059437,0.14008451897215296,-0.8451421612206
3,0.3,854.0,Sobol2,0.001,5.0,200.0,16.59893798828125,21.578648328781128,0.048628076871917884,0.7502587081443801,0.05598676297228604,0.7027123102744891,0.04804505329275214,0.694969004748423
