,ratio,rndint,dataset,learning_rate,batchsize,epochs,loss,time,mape,r2,mape_test,r2_test,mape_interpolation,r2_interpolation
0,0.25,237.0,Grid1296,0.001,9.0,200.0,29.70813751220703,6.323648452758789,0.05772663811801347,-0.09390689285009768,0.06326203314086977,-0.4951063472845827,0.07628035265260069,-1.4752077184953123
1,0.25,237.0,Grid2401,0.001,5.0,200.0,2.725878953933716,17.908955812454224,0.017703318564876173,0.833655324091399,0.019447473729479605,0.7951560899063168,0.059132549940787295,-1.4423992088425428
2,0.25,237.0,Sobol1,0.001,167.0,200.0,60.041072845458984,0.9198691844940186,0.08506612954588319,-3.5842692351293692,0.08953875117995651,-3.7731344975624896,0.07277898543042831,-2.1168639335008375
3,0.25,237.0,Sobol2,0.001,5.0,200.0,112.57991027832031,17.307748079299927,0.09417471561756416,-0.4289147487040186,0.0939354836011717,-0.5811862370397247,0.08055221712781548,-0.09497227906084071
