,ratio,rndint,dataset,learning_rate,batchsize,epochs,loss,time,mape,r2,mape_test,r2_test,mape_interpolation,r2_interpolation
0,0.65,147.0,Grid1296,0.001,5.0,200.0,29.861583709716797,30.360727548599243,0.04648706324483853,0.20324804510096017,0.05117462316725671,-0.0909470950002369,0.06763158203612428,-0.8953686664256753
1,0.65,147.0,Grid2401,0.001,5.0,200.0,9.442431449890137,47.460399866104126,0.014546655496472992,0.8365022204084362,0.013785218747857599,0.8950864268922737,0.052486088869058076,-0.8034681577392515
2,0.65,147.0,Sobol1,0.001,1303.0,200.0,99.75768280029297,0.5563414096832275,0.14908578398360517,-1.4896277220402396,0.1455504800475818,-1.1289911803496038,0.1385681081914611,-0.7832286648095026
3,0.65,147.0,Sobol2,0.001,5.0,200.0,20.420562744140625,46.453306674957275,0.03177923219847054,0.9424498556622345,0.03367539277480833,0.9355096763435338,0.031552641151730086,0.9096257675690866
