,ratio,rndint,dataset,learning_rate,batchsize,epochs,loss,time,mape,r2,mape_test,r2_test,mape_interpolation,r2_interpolation
0,0.95,530.0,Grid1296,0.001,5.0,200.0,20.875255584716797,43.93105483055115,0.05100289832941441,-0.0782917005532453,0.05674250727073545,-0.5703634145627687,0.07489634143884863,-1.2538920166548015
1,0.95,530.0,Grid2401,0.001,6.0,200.0,1.1899923086166382,57.66480255126953,0.009623724365527773,0.8882437451990103,0.013569588191819528,0.7389140956129852,0.046086216439738245,-0.31026937482122796
2,0.95,530.0,Sobol1,0.001,7.0,200.0,8.471932411193848,56.132978439331055,0.015311916246159546,0.9819608384580959,0.013358766962469681,0.9834629893961837,0.01932197806085058,0.9540663390794781
3,0.95,530.0,Sobol2,0.001,6.0,200.0,3.1364643573760986,48.77856659889221,0.01801746676585591,0.975530311116981,0.021952813941016686,0.9593794495894608,0.01604049926565989,0.9623033937606557
