,ratio,rndint,dataset,learning_rate,batchsize,epochs,loss,time,mape,r2,mape_test,r2_test,mape_interpolation,r2_interpolation
0,0.1,171.0,Grid1296,0.001,37.0,200.0,38.42158508300781,0.8550422191619873,0.05224212000461367,-0.48330561585141374,0.053813221173771346,-0.9810451686185921,0.07717500704703702,-2.881040872756173
1,0.1,171.0,Grid2401,0.001,8.0,200.0,37.54588317871094,4.696366548538208,0.03751498979468544,-0.03897053698545805,0.04530138715254837,-0.4629577656026398,0.07732572246439995,-5.844566027322372
2,0.1,171.0,Sobol1,0.001,5.0,200.0,97.38101959228516,8.4862060546875,0.08472998251960111,-3.5375298843923506,0.08750781298638782,-3.0664905872920896,0.0746359262365236,-1.942320164832085
3,0.1,171.0,Sobol2,0.001,5.0,200.0,39.555809020996094,7.2253758907318115,0.09340867043485006,-1.3252671747354046,0.09784981067596887,-1.698111424175015,0.08265791330411018,-0.8679925864966147
