,ratio,rndint,dataset,learning_rate,batchsize,epochs,loss,time,mape,r2,mape_test,r2_test,mape_interpolation,r2_interpolation
0,0.15,999.0,Grid1296,0.001,167.0,200.0,62.68457794189453,0.3163275718688965,0.09203720556878292,-0.23637725296899248,0.09408374184281078,-0.3219046649442101,0.11909237777743192,-1.0311565177064241
1,0.15,999.0,Grid2401,0.001,6.0,200.0,27.06062889099121,9.214055061340332,0.0407414641090459,0.381960369112731,0.04274660232859837,0.20375384396051055,0.07626268937367127,-3.779574908488301
2,0.15,999.0,Sobol1,0.001,5.0,200.0,73.74771881103516,12.578516721725464,0.10099575891378108,-0.3589904023802475,0.09491005028796197,-0.29738979484958117,0.08874996362825249,-0.1234942545586113
3,0.15,999.0,Sobol2,0.001,5.0,200.0,29.941064834594727,10.68221640586853,0.09341456688223085,-0.5459199512016333,0.09335738932297881,-0.741827040602997,0.07806578566665458,-0.11534382037415725
