,ratio,rndint,dataset,learning_rate,batchsize,epochs,loss,time,mape,r2,mape_test,r2_test,mape_interpolation,r2_interpolation
0,0.7,877.0,Grid1296,0.001,11.0,200.0,25.062360763549805,14.425914764404297,0.05359295754456063,-0.0635867302945965,0.04868076513053881,0.10746283575527404,0.07335343359733719,-1.0827858405347173
1,0.7,877.0,Grid2401,0.001,617.0,200.0,29.31105613708496,0.818528413772583,0.0435765032569215,0.25965788352519203,0.04419245111967286,0.23270997727681197,0.07903022314318331,-3.6256709412022206
2,0.7,877.0,Sobol1,0.001,23.0,200.0,35.09589385986328,12.564935684204102,0.05522036614635426,0.7311639144605263,0.05634615721876225,0.7180239391436374,0.04965982796904088,0.7396345615477933
3,0.7,877.0,Sobol2,0.001,29.0,200.0,77.57390594482422,11.160462856292725,0.08867595606505549,-0.5676460012829083,0.08282624852414834,-0.5073498567793988,0.07040606000017889,0.06472751492460949
