,ratio,rndint,dataset,learning_rate,batchsize,epochs,loss,time,mape,r2,mape_test,r2_test,mape_interpolation,r2_interpolation
0,0.3,725.0,Grid1296,0.001,167.0,200.0,41.178680419921875,0.6313869953155518,0.06069527236105156,-0.5576339714216723,0.05699697647887323,-0.4929297347794097,0.08115338904210756,-2.0025428640243925
1,0.3,725.0,Grid2401,0.001,6.0,200.0,49.5855598449707,18.073309183120728,0.04195454122074211,0.2620708368113335,0.04293897541296065,0.1777340520823204,0.07517256571614767,-3.812459899475554
2,0.3,725.0,Sobol1,0.001,601.0,200.0,103.33515167236328,0.41326332092285156,0.1566661033400784,-1.2290997327407522,0.16049004413507933,-1.0537175866325854,0.1518338733986211,-0.6379502946219986
3,0.3,725.0,Sobol2,0.001,5.0,200.0,25.439014434814453,21.09212064743042,0.08131392428472181,-0.159036363604812,0.08955064420788415,-0.5990160647355145,0.06919019582109087,0.1597314332763461
