,ratio,rndint,dataset,learning_rate,batchsize,epochs,loss,time,mape,r2,mape_test,r2_test,mape_interpolation,r2_interpolation
0,0.2,928.0,Grid1296,0.001,223.0,200.0,77.4761962890625,0.33416748046875,0.11640000799854185,-0.14045733160098384,0.1262269966508149,-0.12031880829298447,0.150181501632832,-0.5642633287653205
1,0.2,928.0,Grid2401,0.001,8.0,200.0,14.318168640136719,9.410158634185791,0.018682016469258385,0.8385059493925276,0.019832937804772896,0.8146032751668303,0.05894944728459318,-1.0693501227306914
2,0.2,928.0,Sobol1,0.001,401.0,200.0,92.11629486083984,0.3761405944824219,0.1396032526685996,-0.9566122830283228,0.15404007237860784,-1.4450044229567403,0.14284237086246124,-0.8028779766232534
3,0.2,928.0,Sobol2,0.001,5.0,200.0,59.099464416503906,14.447262048721313,0.09046100727877276,-1.103453741117569,0.09094989661869655,-1.0709772554399644,0.07465763336263108,-0.3133117579111404
