,ratio,rndint,dataset,learning_rate,batchsize,epochs,loss,time,mape,r2,mape_test,r2_test,mape_interpolation,r2_interpolation
0,0.65,711.0,Grid1296,0.001,5.0,200.0,10.967577934265137,30.15271544456482,0.02132467977785341,0.7902189855881934,0.024026567417489958,0.70995829754983,0.046414649853127876,0.3367476222889628
1,0.65,711.0,Grid2401,0.001,5.0,200.0,8.33660888671875,47.16594648361206,0.014739428968206982,0.8193469049034106,0.014252082782045298,0.8873323133177463,0.05354643419627187,-1.042585890799156
2,0.65,711.0,Sobol1,0.001,1303.0,200.0,96.86663055419922,0.557548999786377,0.14217936825887348,-1.491116054495527,0.14568941735096175,-1.3867831008013738,0.13249012673862373,-0.814437599690093
3,0.65,711.0,Sobol2,0.001,5.0,200.0,10.277490615844727,45.87959051132202,0.018017870520358595,0.9701934571561702,0.01933906410732984,0.9747144462001098,0.019801806300273894,0.9484328611555519
