,ratio,rndint,dataset,learning_rate,batchsize,epochs,loss,time,mape,r2,mape_test,r2_test,mape_interpolation,r2_interpolation
0,0.8,554.0,Grid1296,0.001,223.0,200.0,37.58826446533203,1.2824840545654297,0.05307593836577361,-0.399019416102391,0.0472731290593554,0.05850209947620488,0.07558061016206943,-1.7182523004287917
1,0.8,554.0,Grid2401,0.001,5.0,200.0,5.175988674163818,57.42071056365967,0.015363732690498781,0.8230585687776453,0.013783180855418596,0.9055244126130544,0.05403639251893774,-1.0890486491944866
2,0.8,554.0,Sobol1,0.001,401.0,200.0,57.15384292602539,1.4416816234588623,0.08555528069764698,-2.6129959883278455,0.0935456153126795,-2.4916791073857802,0.07272528363014497,-1.428607253714461
3,0.8,554.0,Sobol2,0.001,5.0,200.0,8.860827445983887,55.49052906036377,0.026299995177433352,0.958205437415766,0.02552967702297108,0.9519330450916673,0.022425909267305318,0.9466032103000468
