,ratio,rndint,dataset,learning_rate,batchsize,epochs,loss,time,mape,r2,mape_test,r2_test,mape_interpolation,r2_interpolation
0,0.35,951.0,Grid1296,0.001,5.0,200.0,68.10810852050781,16.112481117248535,0.05254749527940611,-0.7558291083752511,0.0530872413081433,-0.9271430950780075,0.07749636360357454,-2.652902464312716
1,0.35,951.0,Grid2401,0.001,617.0,200.0,72.45384979248047,0.40822553634643555,0.10759641753879456,0.12602978011026522,0.10888191950755483,0.1740152204006793,0.12655405766772718,-0.97953183378295
2,0.35,951.0,Sobol1,0.001,701.0,200.0,97.43379211425781,0.42754387855529785,0.14681402642123437,-1.187618989997738,0.1559766767772924,-1.2957805937013789,0.14441137110645902,-0.7323958057759923
3,0.35,951.0,Sobol2,0.001,5.0,200.0,12.403783798217773,24.56654691696167,0.022144705900932316,0.9695667542670182,0.02183498110664295,0.96141189837197,0.020411455749971445,0.950779221767492
