,ratio,rndint,dataset,learning_rate,batchsize,epochs,loss,time,mape,r2,mape_test,r2_test,mape_interpolation,r2_interpolation
0,0.85,297.0,Grid1296,0.001,6.0,200.0,28.752233505249023,31.93604278564453,0.019800778339005627,0.8785310780001044,0.019463146527942003,0.8828030578199401,0.0435182714769963,0.6507852849609448
1,0.85,297.0,Grid2401,0.001,7.0,200.0,9.567574501037598,44.02049708366394,0.016227926935408733,0.8289740098978295,0.015943746158004833,0.8336251510676164,0.056556971091185286,-1.2844642513777296
2,0.85,297.0,Sobol1,0.001,6.0,200.0,12.16096019744873,57.71904158592224,0.018676455483771646,0.9782102483785856,0.01767955262781917,0.9814086208319883,0.024477215869183225,0.9455807304045101
3,0.85,297.0,Sobol2,0.001,19.0,200.0,75.07171630859375,15.5701425075531,0.09388187739826956,-1.217980117600134,0.08330292447785384,-0.6744545875407879,0.07665500616263128,-0.39241466328158525
