,ratio,rndint,dataset,learning_rate,batchsize,epochs,loss,time,mape,r2,mape_test,r2_test,mape_interpolation,r2_interpolation
0,0.35,562.0,Grid1296,0.001,5.0,200.0,30.350536346435547,16.081085205078125,0.0532763963322059,-0.7435594616191683,0.05172222875894744,-0.5389671199245261,0.07291887359165103,-2.159234881336495
1,0.35,562.0,Grid2401,0.001,617.0,200.0,62.1943244934082,0.41046619415283203,0.09214592031042108,0.23327510026435416,0.09351896570189404,0.21160690475767074,0.11494747802461101,-1.184866355134444
2,0.35,562.0,Sobol1,0.001,701.0,200.0,100.67366027832031,0.42856740951538086,0.15362482107621456,-1.1129352712178266,0.15481712335668976,-1.4566412697218638,0.1454610137088484,-0.776304525615134
3,0.35,562.0,Sobol2,0.001,5.0,200.0,26.880603790283203,24.494117498397827,0.09650736600002296,-0.5341035346046779,0.09180740939737185,-0.6640017185860356,0.07949948012223834,-0.13368062893595734
