,ratio,rndint,dataset,learning_rate,batchsize,epochs,loss,time,mape,r2,mape_test,r2_test,mape_interpolation,r2_interpolation
0,0.3,669.0,Grid1296,0.001,167.0,200.0,41.48286819458008,0.6401216983795166,0.06038852017482752,-0.8867432356253515,0.06319913930801199,-0.7783488018948435,0.08714550068896895,-2.4222185045971463
1,0.3,669.0,Grid2401,0.001,6.0,200.0,25.32023048400879,19.08816647529602,0.02530861884506988,0.7868943406944119,0.026162712382014442,0.7626797913475106,0.0631167396541995,-1.5921225863431268
2,0.3,669.0,Sobol1,0.001,601.0,200.0,96.74076843261719,0.4167144298553467,0.14099522313500468,-1.8251174334819429,0.13944943147576425,-1.6570152211534608,0.12808595219737284,-0.9755467895627328
3,0.3,669.0,Sobol2,0.001,5.0,200.0,73.69784545898438,21.808192253112793,0.07672213446546441,-1.009361519575187,0.08435519758318735,-0.886068163831593,0.06167091035464959,0.016849530940714952
