,ratio,rndint,dataset,learning_rate,batchsize,epochs,loss,time,mape,r2,mape_test,r2_test,mape_interpolation,r2_interpolation
0,0.1,633.0,Grid1296,0.001,37.0,200.0,53.272987365722656,0.8611948490142822,0.05928389122507858,-0.9824785295628813,0.05580364145898132,-0.9206421106804541,0.08245322815190305,-2.78270824731986
1,0.1,633.0,Grid2401,0.001,8.0,200.0,28.71929168701172,4.715934753417969,0.04483952293425291,0.33785799800206173,0.04319035971299133,0.37565965113415445,0.0754811180686025,-2.823695824832219
2,0.1,633.0,Sobol1,0.001,5.0,200.0,87.81109619140625,8.529706001281738,0.09147834660833815,-0.03306927044577401,0.09293923442107678,-0.1140442689794563,0.085649582668006,0.05851847216512729
3,0.1,633.0,Sobol2,0.001,5.0,200.0,31.201587677001953,7.245386123657227,0.08487457895158158,-0.9324687080164409,0.09384769011620388,-1.2703757362818053,0.07769044483791814,-0.48879321119114616
