,ratio,rndint,dataset,learning_rate,batchsize,epochs,loss,time,mape,r2,mape_test,r2_test,mape_interpolation,r2_interpolation
0,0.7,985.0,Grid1296,0.001,11.0,200.0,55.6677131652832,14.66450548171997,0.036778215783290845,0.44651792631799614,0.03593068600557984,0.4156081934385487,0.06151882747315668,-0.34106599251188996
1,0.7,985.0,Grid2401,0.001,617.0,200.0,32.87721633911133,0.8204147815704346,0.04542417089537021,0.2377997768160236,0.042278999998145404,0.4198744192712883,0.08005952607901208,-3.3598077118341507
2,0.7,985.0,Sobol1,0.001,23.0,200.0,34.85309982299805,12.805704355239868,0.04664877245852197,0.6774121763393022,0.04802816408263892,0.6299846174410564,0.041214560062387696,0.7103245008149046
3,0.7,985.0,Sobol2,0.001,29.0,200.0,8.09199047088623,11.275753021240234,0.02109618089242656,0.9655214665796232,0.02030784438213584,0.9729205577564175,0.018047074940427222,0.9570183838332912
