,ratio,rndint,dataset,learning_rate,batchsize,epochs,loss,time,mape,r2,mape_test,r2_test,mape_interpolation,r2_interpolation
0,0.3,562.0,Grid1296,0.001,167.0,200.0,45.74128341674805,0.6375887393951416,0.06567441992820333,-0.8002199757072965,0.06185782724478126,-0.6383917348163446,0.08674094504017613,-2.217219529937444
1,0.3,562.0,Grid2401,0.001,6.0,200.0,34.04813766479492,18.649430751800537,0.03955169749980026,0.5105065873478024,0.04277058656963355,0.4001157830592461,0.07832235054142297,-3.1359162870745996
2,0.3,562.0,Sobol1,0.001,601.0,200.0,94.53853607177734,0.41472768783569336,0.14215321102166606,-1.1433536802297048,0.143627829689483,-1.38314967708427,0.13310035488313846,-0.7243560830114146
3,0.3,562.0,Sobol2,0.001,5.0,200.0,24.965404510498047,21.50866460800171,0.0944489404107597,-0.7651353592057633,0.09295499063554681,-0.9417312857818223,0.07833663210519129,-0.28639463482634464
