,ratio,rndint,dataset,learning_rate,batchsize,epochs,loss,time,mape,r2,mape_test,r2_test,mape_interpolation,r2_interpolation
0,0.3,633.0,Grid1296,0.001,167.0,200.0,42.678794860839844,0.624215841293335,0.06399218542667025,-1.2980809746186281,0.060870360356126516,-0.8927664059861269,0.08473894516782307,-2.7851151180831906
1,0.3,633.0,Grid2401,0.001,6.0,200.0,31.145751953125,18.148711442947388,0.03299424353345107,0.5892424835321775,0.032380962808685125,0.6308541127119267,0.06827353963085404,-2.3684589216329126
2,0.3,633.0,Sobol1,0.001,601.0,200.0,98.56542205810547,0.409498929977417,0.14554821633863638,-1.5861047191769408,0.1403087595940706,-1.4903256475942386,0.13131367500847493,-0.8718149534795299
3,0.3,633.0,Sobol2,0.001,5.0,200.0,27.01434326171875,21.017094612121582,0.08814305433137601,-0.35812111958660187,0.09654894584639634,-0.6423285729755022,0.08007783852556889,-0.07920906483952517
