,ratio,rndint,dataset,learning_rate,batchsize,epochs,loss,time,mape,r2,mape_test,r2_test,mape_interpolation,r2_interpolation
0,0.3,634.0,Grid1296,0.001,167.0,200.0,43.59000778198242,0.6430127620697021,0.057348963161255366,-1.4117999150829021,0.05495121230627482,-0.5606929364235671,0.081869771665392,-2.576950326114301
1,0.3,634.0,Grid2401,0.001,6.0,200.0,31.904449462890625,18.391748428344727,0.03754703876617668,0.5312550937005229,0.03890164707954989,0.49382348047612523,0.07090365428015497,-2.4217047200746533
2,0.3,634.0,Sobol1,0.001,601.0,200.0,91.81056213378906,0.4222438335418701,0.13606957159102978,-1.394948219063541,0.14325618300996235,-1.81509063423356,0.13019015469123815,-0.9846410618161154
3,0.3,634.0,Sobol2,0.001,5.0,200.0,61.767539978027344,21.39646005630493,0.08483441969446172,-0.656086394538357,0.09455344855191963,-0.9125076186476584,0.07649334311237929,-0.21775937286953573
