,ratio,rndint,dataset,learning_rate,batchsize,epochs,loss,time,mape,r2,mape_test,r2_test,mape_interpolation,r2_interpolation
0,0.15,171.0,Grid1296,0.001,167.0,200.0,61.993141174316406,0.32065844535827637,0.09128501503146619,0.048851680249881624,0.10159962760230701,-0.308798628365337,0.125076225460963,-0.8826277792861874
1,0.15,171.0,Grid2401,0.001,6.0,200.0,18.09078025817871,9.327827215194702,0.021902096436273655,0.7731097820057565,0.02274492712873554,0.7610202906165253,0.06155851892603698,-1.938764466232064
2,0.15,171.0,Sobol1,0.001,5.0,200.0,90.85044860839844,12.72135591506958,0.08595595948428514,-1.1078951546011493,0.08619330176702987,-0.9444963252362131,0.0762512119546967,-0.5402937324065717
3,0.15,171.0,Sobol2,0.001,5.0,200.0,44.8282356262207,10.79977798461914,0.09606205893137536,-0.8115513008693023,0.09694499032227444,-0.9024354151354634,0.08253822612709658,-0.3199305744455454
