,ratio,rndint,dataset,learning_rate,batchsize,epochs,loss,time,mape,r2,mape_test,r2_test,mape_interpolation,r2_interpolation
0,0.95,582.0,Grid1296,0.001,5.0,200.0,4.180139064788818,43.50946307182312,0.016493194789555386,0.895900330695102,0.02206278112641522,0.8117728009382141,0.04239314707011948,0.6633192714679683
1,0.95,582.0,Grid2401,0.001,6.0,200.0,9.153045654296875,57.423649311065674,0.016313316425502246,0.8507896424053946,0.014925734202851242,0.9265356943292947,0.05187414738470743,-0.6686740122030206
2,0.95,582.0,Sobol1,0.001,7.0,200.0,15.611062049865723,57.208032846450806,0.01201385571907271,0.9866984173561314,0.016628376735391852,0.9696313171245999,0.015279544802144265,0.963735183314247
3,0.95,582.0,Sobol2,0.001,6.0,200.0,4.966339111328125,47.24296450614929,0.017049463665195018,0.9783864362930897,0.018858537392744876,0.9726655049317172,0.02013371728280108,0.9550435322272415
