,ratio,rndint,dataset,learning_rate,batchsize,epochs,loss,time,mape,r2,mape_test,r2_test,mape_interpolation,r2_interpolation
0,0.25,968.0,Grid1296,0.001,9.0,200.0,32.95451354980469,6.369543075561523,0.0520941006076083,-0.21073696270640974,0.04637021076734135,0.10761668429702509,0.070435206080782,-1.078303636757881
1,0.25,968.0,Grid2401,0.001,5.0,200.0,7.81671142578125,18.064562797546387,0.01915901154704295,0.8935571781306508,0.022321627326598887,0.7882987027753551,0.061569967755485955,-1.2747671302760542
2,0.25,968.0,Sobol1,0.001,167.0,200.0,59.46819305419922,0.9323675632476807,0.08537591115876146,-3.622598183043756,0.09095495772331046,-3.9684126317481905,0.07314668058639656,-2.187492944060664
3,0.25,968.0,Sobol2,0.001,5.0,200.0,37.34825897216797,17.414579153060913,0.024186848562703273,0.9654907619910857,0.02381558142013452,0.9630616686529266,0.020352668607808926,0.953896358058542
