,ratio,rndint,dataset,learning_rate,batchsize,epochs,loss,time,mape,r2,mape_test,r2_test,mape_interpolation,r2_interpolation
0,0.15,588.0,Grid1296,0.001,167.0,200.0,66.83880615234375,0.3191831111907959,0.09904479819682181,-0.33012756028843193,0.09925316884973996,-0.2529034888284858,0.12475824956952139,-0.92159303313391
1,0.15,588.0,Grid2401,0.001,6.0,200.0,37.14042282104492,9.637166738510132,0.02773084616433043,0.7357541467292991,0.03127088784040065,0.6696789836408564,0.0664382806213144,-1.9996556555945033
2,0.15,588.0,Sobol1,0.001,5.0,200.0,33.080528259277344,12.828272819519043,0.08925658100486927,-0.6994188720384342,0.0912631505500636,-0.7096626485977229,0.08159449397272937,-0.3633427977277768
3,0.15,588.0,Sobol2,0.001,5.0,200.0,36.078208923339844,10.886902570724487,0.09377533738988043,-1.4305569264442601,0.09216142460643241,-1.1680633849937943,0.0759283460904003,-0.39396467159217563
