,ratio,rndint,dataset,learning_rate,batchsize,epochs,loss,time,mape,r2,mape_test,r2_test,mape_interpolation,r2_interpolation
0,0.7,930.0,Grid1296,0.001,11.0,200.0,22.607820510864258,14.658629417419434,0.05076487503071375,-0.2750259197261067,0.05360824150146231,-0.3537829546307669,0.07356287423069792,-1.639180708365966
1,0.7,930.0,Grid2401,0.001,617.0,200.0,30.13609504699707,0.8176801204681396,0.042873659607876584,0.35220344672790604,0.04465876628886449,0.19974318855231088,0.0779475817734405,-3.3448031284313577
2,0.7,930.0,Sobol1,0.001,23.0,200.0,32.881797790527344,12.782915353775024,0.04106218413975665,0.8563195169215089,0.04227738349303436,0.8056897360755184,0.04210550148836565,0.8036243997051922
3,0.7,930.0,Sobol2,0.001,29.0,200.0,50.531005859375,11.260571956634521,0.06072186613191319,0.6180237575690205,0.06159593823692862,0.6092260344441239,0.05418644710294427,0.6079049721331523
