,ratio,rndint,dataset,learning_rate,batchsize,epochs,loss,time,mape,r2,mape_test,r2_test,mape_interpolation,r2_interpolation
0,0.6,678.0,Grid1296,0.001,223.0,200.0,35.0953369140625,0.9656293392181396,0.05374760133374603,-0.9155814767096,0.05263320095798475,-0.5317099622006318,0.07821125904396414,-2.5795273576710835
1,0.6,678.0,Grid2401,0.001,7.0,200.0,7.423148155212402,31.676215648651123,0.018242271847695658,0.8145168491916771,0.01883294606495065,0.8240490294697178,0.05907755971302467,-1.2716450041313387
2,0.6,678.0,Sobol1,0.001,401.0,200.0,59.08662033081055,1.085319995880127,0.09054390164287354,-3.1743573195012926,0.08584371037733596,-3.490051208155652,0.07277455114108036,-1.8044473859538348
3,0.6,678.0,Sobol2,0.001,5.0,200.0,13.465246200561523,41.825841665267944,0.02236042375623601,0.9622857955373845,0.02245434932056399,0.9652282672404411,0.020275378770054732,0.9508062246129025
