,ratio,rndint,dataset,learning_rate,batchsize,epochs,loss,time,mape,r2,mape_test,r2_test,mape_interpolation,r2_interpolation
0,0.4,985.0,Grid1296,0.001,223.0,200.0,44.85011291503906,0.6472392082214355,0.062291751313353586,-1.5720263633576148,0.0554585498717763,-1.1366267976949134,0.08242891226042053,-3.4349181714993877
1,0.4,985.0,Grid2401,0.001,5.0,200.0,9.050573348999023,29.03637194633484,0.020133520484512557,0.8102651443466072,0.01891364257450272,0.836035890770774,0.05929944922917233,-1.1125072678697445
2,0.4,985.0,Sobol1,0.001,401.0,200.0,71.42527770996094,0.7287857532501221,0.09956094614381104,-2.98014093407232,0.10002558647074421,-3.262863828603141,0.08300915890725605,-1.7134877487311435
3,0.4,985.0,Sobol2,0.001,5.0,200.0,18.342748641967773,28.234686374664307,0.03237801528531318,0.9363980096345346,0.03163259973467635,0.9338701458328807,0.030868658826812445,0.9087607815326627
