,ratio,rndint,dataset,learning_rate,batchsize,epochs,loss,time,mape,r2,mape_test,r2_test,mape_interpolation,r2_interpolation
0,0.55,510.0,Grid1296,0.001,613.0,200.0,75.7999496459961,0.4114851951599121,0.1124119904220646,-0.029162231895088597,0.11471225896826766,-0.2724598487390646,0.1381482113550525,-0.6054082430415009
1,0.55,510.0,Grid2401,0.001,17.0,200.0,11.067049026489258,11.764123439788818,0.0190487736218835,0.8208493147460826,0.019607664524307955,0.823010431131786,0.05933094109641447,-1.16419966736315
2,0.55,510.0,Sobol1,0.001,19.0,200.0,52.67927169799805,12.023864269256592,0.08376056722026803,-0.8085887323589984,0.08997811519643066,-0.934295183487867,0.0752134367539165,-0.3782306193076408
3,0.55,510.0,Sobol2,0.001,5.0,200.0,4.67926025390625,38.077770709991455,0.01976275166923275,0.9703901056020288,0.019061641574995614,0.9725396279106779,0.01830605875414616,0.9570891795076266
