,ratio,rndint,dataset,learning_rate,batchsize,epochs,loss,time,mape,r2,mape_test,r2_test,mape_interpolation,r2_interpolation
0,0.75,669.0,Grid1296,0.001,9.0,200.0,16.902099609375,19.242684364318848,0.03686426762848646,0.4416828983154403,0.035480457684465054,0.47153578261159024,0.06405442964497159,-0.3332565600070885
1,0.75,669.0,Grid2401,0.001,661.0,200.0,32.05036926269531,0.8334004878997803,0.04573907319206315,0.3398068866142858,0.04739428775440961,0.3634401292578613,0.08082747851686954,-2.966204902386667
2,0.75,669.0,Sobol1,0.001,9.0,200.0,10.99820327758789,34.656721353530884,0.01595564466360368,0.9803163380680043,0.015102849524190864,0.9815680130608472,0.018945308719806316,0.9556457261391034
3,0.75,669.0,Sobol2,0.001,5.0,200.0,4.304955959320068,52.71622347831726,0.01584175132862418,0.9760509444063924,0.016560290609248934,0.976967206097727,0.01682483677556012,0.9589472800165629
