,ratio,rndint,dataset,learning_rate,batchsize,epochs,loss,time,mape,r2,mape_test,r2_test,mape_interpolation,r2_interpolation
0,0.1,678.0,Grid1296,0.001,37.0,200.0,30.517257690429688,0.8503520488739014,0.052599062241272664,-0.7905579126075912,0.054745247202430285,-0.903005887444061,0.07772285697972697,-2.784881375536709
1,0.1,678.0,Grid2401,0.001,8.0,200.0,30.00555419921875,4.67224383354187,0.04121375307655847,0.518783443268694,0.04183923109138087,0.4761135726688688,0.0749358984058725,-2.3843306349419566
2,0.1,678.0,Sobol1,0.001,5.0,200.0,49.4428596496582,8.390385627746582,0.0849282667972151,-0.17608980323894152,0.09190081429179611,-0.368671763142401,0.08176597313252637,-0.054390927095747665
3,0.1,678.0,Sobol2,0.001,5.0,200.0,45.904685974121094,7.105983734130859,0.0979991732095485,-1.1139208312557591,0.09670287225928098,-0.8322777377354293,0.08422540669864925,-0.38857579393297015
