,ratio,rndint,dataset,learning_rate,batchsize,epochs,loss,time,mape,r2,mape_test,r2_test,mape_interpolation,r2_interpolation
0,0.8,711.0,Grid1296,0.001,223.0,200.0,32.5476188659668,1.3001461029052734,0.052319475900709206,-0.33259751930712533,0.04948998303287737,-0.1419287884599385,0.07507233630933251,-1.698846113665656
1,0.8,711.0,Grid2401,0.001,5.0,200.0,5.326977729797363,58.21839451789856,0.01658303715883844,0.8337161091566967,0.01502405545074669,0.8763578139796324,0.055143940333366746,-1.0547040110404025
2,0.8,711.0,Sobol1,0.001,401.0,200.0,59.70655059814453,1.4593780040740967,0.0852703714619267,-2.3411061115042693,0.09356659764166088,-2.8317559495810833,0.07266973912416612,-1.3361370932517755
3,0.8,711.0,Sobol2,0.001,5.0,200.0,10.537939071655273,56.21115064620972,0.01700075722340705,0.974467242104179,0.019300806195198302,0.9815264348782281,0.017713093853355417,0.9591050457722983
