,ratio,rndint,dataset,learning_rate,batchsize,epochs,loss,time,mape,r2,mape_test,r2_test,mape_interpolation,r2_interpolation
0,0.3,222.0,Grid1296,0.001,167.0,200.0,49.64750289916992,0.6335785388946533,0.07052690784604482,-1.1456746748687645,0.06686153823560208,-1.0889017426622916,0.09181473507367163,-2.8094776841342375
1,0.3,222.0,Grid2401,0.001,6.0,200.0,11.543437004089355,18.48050594329834,0.019632528410650555,0.7790591263535138,0.01841701147363353,0.8259770096210624,0.0585749973537315,-1.3212257298542815
2,0.3,222.0,Sobol1,0.001,601.0,200.0,100.8192367553711,0.41475462913513184,0.15009311859055774,-1.6067736960185846,0.145992910163805,-1.3120953587898354,0.1373743973351951,-0.8027929994302181
3,0.3,222.0,Sobol2,0.001,5.0,200.0,14.505267143249512,21.43955373764038,0.02412040513989316,0.9616155872248315,0.022594016911088543,0.9616886360377117,0.02345351462241691,0.9406696758543514
