,ratio,rndint,dataset,learning_rate,batchsize,epochs,loss,time,mape,r2,mape_test,r2_test,mape_interpolation,r2_interpolation
0,0.1,877.0,Grid1296,0.001,37.0,200.0,46.37299346923828,0.8440508842468262,0.0534920648479275,-0.5995653257326308,0.053343586146437846,-0.29496344425853804,0.07851308366471177,-1.7816333642999016
1,0.1,877.0,Grid2401,0.001,8.0,200.0,42.305259704589844,4.640904188156128,0.04360000004770282,0.4961454551268478,0.04403512228911548,0.4258095951584492,0.07888832806481473,-2.7411138638884744
2,0.1,877.0,Sobol1,0.001,5.0,200.0,89.99761199951172,8.389883756637573,0.08352744386970151,0.022430795365724454,0.08978533837835347,-0.3755685199593226,0.07997868481488075,-0.0494223254904993
3,0.1,877.0,Sobol2,0.001,5.0,200.0,108.12040710449219,7.147067546844482,0.10089144327367211,-1.5924319029333924,0.09092665147715208,-1.2212819542025106,0.07504164275219286,-0.4110118053729366
