,ratio,rndint,dataset,learning_rate,batchsize,epochs,loss,time,mape,r2,mape_test,r2_test,mape_interpolation,r2_interpolation
0,0.7,562.0,Grid1296,0.001,11.0,200.0,26.433561325073242,14.662942886352539,0.04100128034001309,0.18283771464866816,0.03997206691256353,0.4121394224324043,0.06000609726480448,-0.6779923871181359
1,0.7,562.0,Grid2401,0.001,617.0,200.0,30.136598587036133,0.8156599998474121,0.04315647093903311,0.32969571678702825,0.045814022240249226,0.2136864094736387,0.07913512553994671,-3.389747867945979
2,0.7,562.0,Sobol1,0.001,23.0,200.0,61.08335876464844,12.953279256820679,0.07353267228126954,-0.6527396494679065,0.07778691929086108,-0.5509196801845853,0.06154394104196666,-0.06050539523600418
3,0.7,562.0,Sobol2,0.001,29.0,200.0,19.2817440032959,11.282371997833252,0.03119543776232457,0.9320840262607224,0.02731479213937967,0.9370936274788062,0.028706574847671598,0.9125903226640321
