,ratio,rndint,dataset,learning_rate,batchsize,epochs,loss,time,mape,r2,mape_test,r2_test,mape_interpolation,r2_interpolation
0,0.6,111.0,Grid1296,0.001,223.0,200.0,34.569419860839844,0.9607007503509521,0.05203988762936843,-0.6740217945907023,0.0541817943888358,-0.8163734846412276,0.07745287997706282,-2.53725642199542
1,0.6,111.0,Grid2401,0.001,7.0,200.0,8.051469802856445,31.854117393493652,0.01688260893475684,0.8302837894560133,0.018011598793940146,0.8197639517879824,0.05876105741813255,-1.2890392676457871
2,0.6,111.0,Sobol1,0.001,401.0,200.0,60.23187255859375,1.086623191833496,0.08637881499443804,-3.278892712041592,0.09220448793594604,-4.0376697177408545,0.07279387827031457,-2.0013188008379394
3,0.6,111.0,Sobol2,0.001,5.0,200.0,6.089758396148682,42.21381187438965,0.018134557016029805,0.9753198199592628,0.020993795478212014,0.9698101894758722,0.016779092479746474,0.9607237770920235
