,ratio,rndint,dataset,learning_rate,batchsize,epochs,loss,time,mape,r2,mape_test,r2_test,mape_interpolation,r2_interpolation
0,0.9,711.0,Grid1296,0.001,251.0,200.0,32.962623596191406,1.3166499137878418,0.05154177166772648,-0.37008898021403214,0.05717215172711836,-0.7280791277069965,0.07579125677649516,-1.936955095378373
1,0.9,711.0,Grid2401,0.001,13.0,200.0,6.146498680114746,25.374901056289673,0.018328798951032645,0.8255136628422185,0.018745195771102802,0.79366590048595,0.05856958013890371,-1.2331198694105412
2,0.9,711.0,Sobol1,0.001,11.0,200.0,10.179737091064453,33.969395875930786,0.016512095727282027,0.9793470235683219,0.015042493373290495,0.9867017016171481,0.018012201972537147,0.9601019535283767
3,0.9,711.0,Sobol2,0.001,5.0,200.0,12.503003120422363,63.48482537269592,0.01911063203654015,0.9740432946182936,0.020434757951515985,0.9750454911897595,0.021529065101040808,0.9485691668093684
