,ratio,rndint,dataset,learning_rate,batchsize,epochs,loss,time,mape,r2,mape_test,r2_test,mape_interpolation,r2_interpolation
0,0.15,794.0,Grid1296,0.001,167.0,200.0,75.83987426757812,0.3165924549102783,0.11496583828740996,-0.22007467855765794,0.1167266029552776,-0.22596620156801772,0.14222840745937518,-0.7402606138698242
1,0.15,794.0,Grid2401,0.001,6.0,200.0,15.0283203125,9.205045461654663,0.040667115399193376,0.14113815274990715,0.04334810659046141,0.16399231465836162,0.0744768197939478,-3.73638878384342
2,0.15,794.0,Sobol1,0.001,5.0,200.0,80.52311706542969,12.551719188690186,0.08553799667205168,0.2396164101398448,0.09326438924356595,0.045465906236006215,0.08626965902752332,0.18147333600787552
3,0.15,794.0,Sobol2,0.001,5.0,200.0,32.778831481933594,10.65177845954895,0.08833884886211969,-0.3715146685946564,0.0942008626487465,-0.9028657889033562,0.0777652969513705,-0.18188032386488318
