,ratio,rndint,dataset,learning_rate,batchsize,epochs,loss,time,mape,r2,mape_test,r2_test,mape_interpolation,r2_interpolation
0,0.6,794.0,Grid1296,0.001,223.0,200.0,38.232521057128906,0.9562108516693115,0.05149541454219056,-0.5049694131232465,0.055245093508442145,-0.7533476510125203,0.07718455931342345,-2.309616673621729
1,0.6,794.0,Grid2401,0.001,7.0,200.0,21.98330307006836,31.281694650650024,0.016902549826232193,0.8483337350027007,0.01785251588270171,0.7947689617970273,0.057356921358989184,-1.2447557286856763
2,0.6,794.0,Sobol1,0.001,401.0,200.0,67.71782684326172,1.0798285007476807,0.09257689531683073,-2.8452531928535705,0.09826602531404705,-3.3839847378102963,0.0775430521456788,-1.6286861218102247
3,0.6,794.0,Sobol2,0.001,5.0,200.0,10.481542587280273,41.13901090621948,0.02373020785888702,0.9657413212558194,0.024289285919511017,0.9657857110838369,0.02117385734639323,0.9511397937173793
