,ratio,rndint,dataset,learning_rate,batchsize,epochs,loss,time,mape,r2,mape_test,r2_test,mape_interpolation,r2_interpolation
0,0.85,791.0,Grid1296,0.001,6.0,200.0,13.96284008026123,31.950500965118408,0.03796763844771817,0.44548457738764624,0.03963046041707533,0.257719205739515,0.057985428601473155,-0.3449535620416453
1,0.85,791.0,Grid2401,0.001,7.0,200.0,3.0595614910125732,43.97440481185913,0.016866056963899846,0.8144678152515332,0.015837871660248214,0.8456087566164203,0.05709338575482438,-1.2517309871623583
2,0.85,791.0,Sobol1,0.001,6.0,200.0,8.646992683410645,57.26996445655823,0.012520968642907193,0.9847912267600869,0.012561083029045766,0.9903775198236014,0.018087778859821258,0.9584475117658847
3,0.85,791.0,Sobol2,0.001,19.0,200.0,30.806005477905273,15.589627027511597,0.04838575795526952,0.8273823181464609,0.04559771721194808,0.7798227338195787,0.04534467827997008,0.7740007205161463
