,ratio,rndint,dataset,learning_rate,batchsize,epochs,loss,time,mape,r2,mape_test,r2_test,mape_interpolation,r2_interpolation
0,0.8,791.0,Grid1296,0.001,223.0,200.0,35.711421966552734,1.2954859733581543,0.052109328994096836,-0.3774704117403147,0.05076767219971068,-0.49683443099667235,0.07529316063960374,-1.923309357946919
1,0.8,791.0,Grid2401,0.001,5.0,200.0,8.689477920532227,56.869640588760376,0.013693703359892567,0.8443175724339909,0.01190714394231928,0.9015375429890716,0.05208220529659609,-0.8671286617282365
2,0.8,791.0,Sobol1,0.001,401.0,200.0,61.959720611572266,1.45719313621521,0.08722863478723089,-2.665850341123579,0.0870405553103493,-2.988181014695659,0.07267268225883394,-1.5186457789778802
3,0.8,791.0,Sobol2,0.001,5.0,200.0,17.968494415283203,55.01195406913757,0.02261158361719715,0.9628296106308365,0.024003785821354446,0.9510124014233006,0.02106174251632583,0.9426812391799264
