,ratio,rndint,dataset,learning_rate,batchsize,epochs,loss,time,mape,r2,mape_test,r2_test,mape_interpolation,r2_interpolation
0,0.55,249.0,Grid1296,0.001,613.0,200.0,74.67874145507812,0.4117553234100342,0.11056705509083918,-0.18655569053202337,0.10929050626558962,-0.19127773920626812,0.13475770304550636,-0.7065773966123949
1,0.55,249.0,Grid2401,0.001,17.0,200.0,12.559207916259766,11.778049230575562,0.017102153658150505,0.8113809130166199,0.01677478457426933,0.8371594533733626,0.057763198200251366,-1.2931794465526107
2,0.55,249.0,Sobol1,0.001,19.0,200.0,77.54015350341797,11.984722375869751,0.07599127891289575,-0.47252729764015644,0.07632338364829563,-0.5381562632147217,0.06415126891092293,-0.008297538112987501
3,0.55,249.0,Sobol2,0.001,5.0,200.0,17.151844024658203,38.2993266582489,0.02378845105363267,0.9600005189143286,0.023663215233786943,0.9610639718280185,0.02254116522678137,0.9438179354909978
