,ratio,rndint,dataset,learning_rate,batchsize,epochs,loss,time,mape,r2,mape_test,r2_test,mape_interpolation,r2_interpolation
0,0.75,180.0,Grid1296,0.001,9.0,200.0,48.67768478393555,18.985727310180664,0.05764241920886864,-0.6493673982975068,0.06106256958108619,-0.7233968123508745,0.08566391824382501,-2.078054614079454
1,0.75,180.0,Grid2401,0.001,661.0,200.0,32.7000846862793,0.8388538360595703,0.044768285933530556,0.2920412226778417,0.043622487700962755,0.33517544731600957,0.0798548199688043,-3.3205768348475537
2,0.75,180.0,Sobol1,0.001,9.0,200.0,12.519046783447266,34.10928249359131,0.021564358611472847,0.9742771465872236,0.01985290772729168,0.9772355507909601,0.020547851824773842,0.9569696991567227
3,0.75,180.0,Sobol2,0.001,5.0,200.0,8.440869331359863,51.93164801597595,0.021783794286631398,0.9637595047538626,0.022667725219145736,0.9689104288941257,0.017458314622400026,0.9574166913235301
