,ratio,rndint,dataset,learning_rate,batchsize,epochs,loss,time,mape,r2,mape_test,r2_test,mape_interpolation,r2_interpolation
0,0.1,928.0,Grid1296,0.001,37.0,200.0,38.80939865112305,0.8583323955535889,0.05313929512051278,-0.4110761939637009,0.05691823727085621,-0.5474084366633529,0.08053379729509479,-2.1087670855541347
1,0.1,928.0,Grid2401,0.001,8.0,200.0,17.063873291015625,4.7128565311431885,0.03498560630453513,0.5253694348945479,0.038398160656928,0.48500234382370244,0.07179154282403853,-2.7295065742815905
2,0.1,928.0,Sobol1,0.001,5.0,200.0,75.88526916503906,8.531387567520142,0.07560664891075874,-1.2467412570131358,0.08831661229025335,-1.7413759087169387,0.0753816878324323,-0.9700349886590254
3,0.1,928.0,Sobol2,0.001,5.0,200.0,63.593116760253906,7.242708683013916,0.07938089904501265,-2.840958576906561,0.09514739291213359,-3.5195310774101856,0.07490383185121531,-1.6782320494282903
