,ratio,rndint,dataset,learning_rate,batchsize,epochs,loss,time,mape,r2,mape_test,r2_test,mape_interpolation,r2_interpolation
0,0.55,588.0,Grid1296,0.001,613.0,200.0,74.1908187866211,0.40693187713623047,0.10975689112864435,-0.3401890074100764,0.10285215900838875,-0.18179619628190102,0.1320774683937132,-0.8645055485176179
1,0.55,588.0,Grid2401,0.001,17.0,200.0,18.136266708374023,11.892826318740845,0.018623271611871245,0.7928426844110961,0.018116033653037242,0.8458316602919848,0.058378255832628345,-1.2823272649458035
2,0.55,588.0,Sobol1,0.001,19.0,200.0,44.05021667480469,12.344345808029175,0.05697685593290481,0.5973957922166824,0.05614876963616618,0.5528295964024144,0.0499386952697649,0.6311663602137462
3,0.55,588.0,Sobol2,0.001,5.0,200.0,9.409070014953613,38.777406454086304,0.021246791626390444,0.9752422655478976,0.020311811266137805,0.9730256473428348,0.018591937817992052,0.962069372770706
