,ratio,rndint,dataset,learning_rate,batchsize,epochs,loss,time,mape,r2,mape_test,r2_test,mape_interpolation,r2_interpolation
0,0.95,936.0,Grid1296,0.001,5.0,200.0,16.574512481689453,43.831547498703,0.04606297089907061,0.10241854506280756,0.04183344005199442,0.2885971925727223,0.07033866367666429,-0.96065792174697
1,0.95,936.0,Grid2401,0.001,6.0,200.0,15.168975830078125,57.55416131019592,0.014647444778630952,0.8457608565798049,0.015121296755353765,0.9029249608742814,0.05361170920862738,-0.9879993607481088
2,0.95,936.0,Sobol1,0.001,7.0,200.0,5.765834331512451,57.27674150466919,0.01120186272539078,0.9876924944410979,0.010938397129469882,0.9864517668310814,0.015085059103931911,0.9633218724580128
3,0.95,936.0,Sobol2,0.001,6.0,200.0,1.7950540781021118,55.71218204498291,0.013935286006744742,0.9832459314134818,0.01903851140288866,0.9734912582930886,0.015021875635749148,0.9663146584531894
