,ratio,rndint,dataset,learning_rate,batchsize,epochs,loss,time,mape,r2,mape_test,r2_test,mape_interpolation,r2_interpolation
0,0.9,721.0,Grid1296,0.001,251.0,200.0,37.93674850463867,1.3170859813690186,0.05119481230711513,-0.20919290913220423,0.05588879259885798,-0.4774779998101588,0.07482488814126453,-1.5870848959542112
1,0.9,721.0,Grid2401,0.001,13.0,200.0,23.473482131958008,25.668951988220215,0.03857299160874942,0.4791525061768046,0.037540428835235146,0.5151690263405481,0.07299035757150749,-2.8957550526670315
2,0.9,721.0,Sobol1,0.001,11.0,200.0,10.643243789672852,33.96659708023071,0.013068091777812827,0.9868875511722438,0.014267629688783317,0.985041805180471,0.01752195237539219,0.9627148368327112
3,0.9,721.0,Sobol2,0.001,5.0,200.0,4.963714599609375,63.08481168746948,0.015598664738627019,0.9814235678452755,0.014256037871828532,0.9880031074915014,0.018742608741533148,0.9589261721720519
