,ratio,rndint,dataset,learning_rate,batchsize,epochs,loss,time,mape,r2,mape_test,r2_test,mape_interpolation,r2_interpolation
0,0.3,996.0,Grid1296,0.001,167.0,200.0,45.13965606689453,0.6372790336608887,0.06333732346959513,-0.9475918838822419,0.0642812987916056,-0.5865656630206029,0.08940544110255434,-2.1876219980590683
1,0.3,996.0,Grid2401,0.001,6.0,200.0,19.255502700805664,18.595104217529297,0.03211577477152046,0.6077127752789724,0.03183700018848432,0.636098266822265,0.06683219070620623,-2.1889911001852584
2,0.3,996.0,Sobol1,0.001,601.0,200.0,98.68758392333984,0.41355419158935547,0.1475797780707302,-1.2453161073732857,0.14738103640710873,-1.6091281073684143,0.136885235881151,-0.8578769625342324
3,0.3,996.0,Sobol2,0.001,5.0,200.0,11.312128067016602,21.316030502319336,0.032271718303153646,0.9340028309291386,0.03755341105505402,0.9074582757156242,0.03443707163472959,0.8839404847154602
