,ratio,rndint,dataset,learning_rate,batchsize,epochs,loss,time,mape,r2,mape_test,r2_test,mape_interpolation,r2_interpolation
0,0.45,490.0,Grid1296,0.001,251.0,200.0,43.31950378417969,0.6537618637084961,0.06284346841917728,-1.0426967161646048,0.060270285131599606,-0.9925990520122603,0.08452516463740622,-2.823289003867224
1,0.45,490.0,Grid2401,0.001,13.0,200.0,11.29550838470459,12.475805044174194,0.02003329071388619,0.7857463599506938,0.01910391150479219,0.822294363862822,0.05895612826069499,-1.2691852245895232
2,0.45,490.0,Sobol1,0.001,11.0,200.0,9.109075546264648,16.93286633491516,0.0169649480751722,0.9762424919885748,0.01581954562271349,0.9807029642639244,0.020538071271335386,0.9501086192212292
3,0.45,490.0,Sobol2,0.001,191.0,200.0,65.9486083984375,1.250307321548462,0.0955622048466448,-3.3464681369156892,0.09114572147205251,-3.533326702108626,0.0735367410884986,-1.6233959037145218
