,ratio,rndint,dataset,learning_rate,batchsize,epochs,loss,time,mape,r2,mape_test,r2_test,mape_interpolation,r2_interpolation
0,0.05,725.0,Grid1296,0.001,5.0,200.0,13.357824325561523,1.9048967361450195,0.03656221068050313,0.12304416421776476,0.05395638464173443,-1.0322838774615621,0.07634891889960582,-2.9146300154148754
1,0.05,725.0,Grid2401,0.001,8.0,200.0,44.303916931152344,2.110326051712036,0.03905180972848999,0.11259611549284909,0.04343069199371634,-0.13764036949612768,0.07581260193916446,-5.173404391323551
2,0.05,725.0,Sobol1,0.001,5.0,200.0,43.04610061645508,4.228856801986694,0.0819478427317854,-0.11465859848624738,0.09040609078854198,-0.8033889417880677,0.08003398091479536,-0.37067682164318017
3,0.05,725.0,Sobol2,0.001,5.0,200.0,35.96771240234375,3.6115074157714844,0.08819447111933156,0.10061418233468966,0.10006917243353135,-0.6111056636336902,0.08311225997104237,-4.88949944144057e-05
