,ratio,rndint,dataset,learning_rate,batchsize,epochs,loss,time,mape,r2,mape_test,r2_test,mape_interpolation,r2_interpolation
0,0.4,490.0,Grid1296,0.001,223.0,200.0,45.85575866699219,0.640425443649292,0.06561845369540001,-0.6024422593740553,0.06344388924577535,-0.7071478885596059,0.08849202128188494,-2.133558445988319
1,0.4,490.0,Grid2401,0.001,5.0,200.0,4.981579780578613,28.917970895767212,0.018017239349369184,0.8031134663459022,0.01765204620569622,0.8313299428676763,0.05836202909708972,-1.2451870664727291
2,0.4,490.0,Sobol1,0.001,401.0,200.0,73.3604965209961,0.7230517864227295,0.10231315462393192,-4.660826973230384,0.09689674138902606,-4.108823203039135,0.08242397150480048,-2.503099029646044
3,0.4,490.0,Sobol2,0.001,5.0,200.0,10.144567489624023,27.811025619506836,0.020636204098253605,0.9635726089956005,0.02150067064817667,0.9653658766707275,0.02197467726447748,0.9446335189906387
