,ratio,rndint,dataset,learning_rate,batchsize,epochs,loss,time,mape,r2,mape_test,r2_test,mape_interpolation,r2_interpolation
0,0.8,985.0,Grid1296,0.001,223.0,200.0,39.39181900024414,1.2911207675933838,0.051815805448648077,-0.4377579373052749,0.05082694210323857,-0.43360299584087025,0.0745501507415489,-1.9699856216116287
1,0.8,985.0,Grid2401,0.001,5.0,200.0,10.582690238952637,57.77659368515015,0.014239680485633632,0.8462019195478384,0.012899388568676671,0.882125208962817,0.05060312074754163,-0.7403083753467763
2,0.8,985.0,Sobol1,0.001,401.0,200.0,59.85530471801758,1.4631671905517578,0.08667027830189125,-2.241579963120542,0.08623866987096845,-2.1457736587567555,0.07286924171277039,-1.2204651921749177
3,0.8,985.0,Sobol2,0.001,5.0,200.0,5.54229736328125,55.80520486831665,0.017257545013670796,0.969899968482867,0.016253614637694026,0.9828625856916037,0.018222490909994712,0.9525661072621778
