,ratio,rndint,dataset,learning_rate,batchsize,epochs,loss,time,mape,r2,mape_test,r2_test,mape_interpolation,r2_interpolation
0,0.65,633.0,Grid1296,0.001,5.0,200.0,8.559106826782227,29.85652208328247,0.020847848133430723,0.8058049554475764,0.01830873977076761,0.8505142826861221,0.039972129999497556,0.5051025745554808
1,0.65,633.0,Grid2401,0.001,5.0,200.0,15.903454780578613,47.14316964149475,0.019967798505928915,0.828284810710499,0.019225473475403675,0.8378945071138275,0.05614432499062057,-0.9445823816177814
2,0.65,633.0,Sobol1,0.001,1303.0,200.0,99.71310424804688,0.5592994689941406,0.14561534181768673,-1.786667312468893,0.13900261997656269,-1.50356642083536,0.1316041716132869,-0.9720949258160787
3,0.65,633.0,Sobol2,0.001,5.0,200.0,5.232507228851318,45.513347148895264,0.013903672381940693,0.9796052426891713,0.018113828584416604,0.9758219142026395,0.014168537032813039,0.9649812925148629
