,ratio,rndint,dataset,learning_rate,batchsize,epochs,loss,time,mape,r2,mape_test,r2_test,mape_interpolation,r2_interpolation
0,0.55,147.0,Grid1296,0.001,613.0,200.0,72.00112915039062,0.40796637535095215,0.10449890241106256,-0.3264906918221695,0.10141760015038445,-0.29697672403876374,0.12894895098847767,-0.958584508490443
1,0.55,147.0,Grid2401,0.001,17.0,200.0,11.754408836364746,11.95923924446106,0.01917997035042123,0.7652973817305462,0.01671804608983231,0.8807208261765005,0.05822647045296188,-1.3086325560048597
2,0.55,147.0,Sobol1,0.001,19.0,200.0,75.85710144042969,12.242661476135254,0.08840890536048804,-0.8735476549735595,0.08559482161628112,-0.7439713517466913,0.07682915783150501,-0.3823243034511752
3,0.55,147.0,Sobol2,0.001,5.0,200.0,5.506201267242432,38.616371631622314,0.020967245029430048,0.9759965459329571,0.022894643956038557,0.9724489499151372,0.017381254692389738,0.9652268466832054
