,ratio,rndint,dataset,learning_rate,batchsize,epochs,loss,time,mape,r2,mape_test,r2_test,mape_interpolation,r2_interpolation
0,0.75,530.0,Grid1296,0.001,9.0,200.0,24.05243682861328,19.248831272125244,0.01911366667594122,0.8010125931410816,0.02415366443159901,0.6733759904684795,0.04591310876458144,0.3527943939341992
1,0.75,530.0,Grid2401,0.001,661.0,200.0,30.463895797729492,0.8349566459655762,0.04280715983021633,0.20956223613263736,0.04735362197472014,0.00674958350255539,0.07884731519737542,-3.974859451332409
2,0.75,530.0,Sobol1,0.001,9.0,200.0,8.29318618774414,35.24643278121948,0.027132369150037163,0.9397916317014008,0.024074245444321803,0.9463149131132516,0.02836980876748563,0.9122211103378067
3,0.75,530.0,Sobol2,0.001,5.0,200.0,6.601599216461182,52.76290726661682,0.01681235266122321,0.9760082854548284,0.015926890536047015,0.9812896536702159,0.014730280548790886,0.9652351350679265
