,ratio,rndint,dataset,learning_rate,batchsize,epochs,loss,time,mape,r2,mape_test,r2_test,mape_interpolation,r2_interpolation
0,0.5,582.0,Grid1296,0.001,6.0,200.0,30.71816062927246,19.299844980239868,0.05020129632089068,-0.1241749353491044,0.05200509982509173,-0.407835684493538,0.07455212378731056,-1.6088915842804954
1,0.5,582.0,Grid2401,0.001,881.0,200.0,66.54935455322266,0.47393369674682617,0.09470773964599996,0.23120111617708827,0.09311375787085217,0.2361297062961204,0.11798319143615363,-1.1110148196087528
2,0.5,582.0,Sobol1,0.001,6.0,200.0,14.011958122253418,34.61508893966675,0.022392348017673615,0.9726024624529237,0.01968109875274124,0.9773162451246598,0.01991368769024996,0.9582617769395276
3,0.5,582.0,Sobol2,0.001,5.0,200.0,7.7056884765625,35.30617308616638,0.023339535848098003,0.9701385444633669,0.02234389051349255,0.9717493729777882,0.022680818053754163,0.9526413654745862
