,ratio,rndint,dataset,learning_rate,batchsize,epochs,loss,time,mape,r2,mape_test,r2_test,mape_interpolation,r2_interpolation
0,0.35,272.0,Grid1296,0.001,5.0,200.0,14.499438285827637,16.22954559326172,0.05210437337268646,-0.06777860711418171,0.05378165103770367,-0.2474903781290274,0.07829118842180348,-1.3960308106803563
1,0.35,272.0,Grid2401,0.001,617.0,200.0,72.986328125,0.41756534576416016,0.10525777158522306,0.25964643004302423,0.1029262454730629,0.24927776395911694,0.12433442212157007,-0.824320881038342
2,0.35,272.0,Sobol1,0.001,701.0,200.0,90.45974731445312,0.43532848358154297,0.13384597095664624,-1.3120178118750707,0.136167944585308,-1.6636093320847891,0.12347775085324181,-0.8392216957553056
3,0.35,272.0,Sobol2,0.001,5.0,200.0,60.26025390625,24.701860904693604,0.07887117410915552,-0.28429205688130765,0.07879088917665832,-0.21389271755762174,0.06368821737874471,0.22737536643438283
