,ratio,rndint,dataset,learning_rate,batchsize,epochs,loss,time,mape,r2,mape_test,r2_test,mape_interpolation,r2_interpolation
0,0.7,395.0,Grid1296,0.001,11.0,200.0,14.958035469055176,14.485963106155396,0.04732088720212577,0.060899475034716155,0.04885149418099736,-0.08110861760650301,0.07156780467703018,-1.0949651139633318
1,0.7,395.0,Grid2401,0.001,617.0,200.0,33.525917053222656,0.8108963966369629,0.04582557100098685,0.36921673995622806,0.04616694733124629,0.41662852955735585,0.08170212845375253,-2.918232201070622
2,0.7,395.0,Sobol1,0.001,23.0,200.0,59.14826583862305,12.664794683456421,0.08732271512507946,-1.1046457236664646,0.0864593277719304,-0.8870331063658752,0.07647586742316885,-0.5442214881783054
3,0.7,395.0,Sobol2,0.001,29.0,200.0,37.275245666503906,11.233654499053955,0.08143601048389669,-0.1440803730438649,0.0891877577565027,-0.43710902446361066,0.07052366598440565,0.10906699186213153
