,ratio,rndint,dataset,learning_rate,batchsize,epochs,loss,time,mape,r2,mape_test,r2_test,mape_interpolation,r2_interpolation
0,0.8,816.0,Grid1296,0.001,223.0,200.0,35.14577865600586,1.2891013622283936,0.05109008699297212,-0.4705227537856025,0.05491181599192748,-0.3765240641159229,0.07557993690343834,-2.000619996409144
1,0.8,816.0,Grid2401,0.001,5.0,200.0,8.282275199890137,57.60782051086426,0.013795261857896894,0.8466679816410678,0.01241791842437746,0.8923895957588119,0.05243420381264377,-0.8414928768956047
2,0.8,816.0,Sobol1,0.001,401.0,200.0,60.23945999145508,1.4542062282562256,0.0883409101157955,-2.251854138022088,0.08157980817029867,-1.8660353522488733,0.07317000503551788,-1.1823864730593812
3,0.8,816.0,Sobol2,0.001,5.0,200.0,3.9078736305236816,55.548545598983765,0.01609527255841821,0.9782396146344126,0.01729909957026944,0.9670898876021257,0.015348552148024063,0.9641936265869274
