,ratio,rndint,dataset,learning_rate,batchsize,epochs,loss,time,mape,r2,mape_test,r2_test,mape_interpolation,r2_interpolation
0,0.9,562.0,Grid1296,0.001,251.0,200.0,38.59600067138672,1.315279483795166,0.05148284314267862,-0.47605539294093946,0.05963090497707584,-0.4882822947273531,0.0765691184394152,-2.066697614383655
1,0.9,562.0,Grid2401,0.001,13.0,200.0,6.25852632522583,25.313923597335815,0.016728988729981957,0.8245676821757335,0.01749941622502924,0.8067566658400429,0.05730030181735494,-1.2784187959604973
2,0.9,562.0,Sobol1,0.001,11.0,200.0,8.212841033935547,33.872732162475586,0.01924779041268568,0.97401952280704,0.01928239152464196,0.9795913345700435,0.019325151374859063,0.95792676737327
3,0.9,562.0,Sobol2,0.001,5.0,200.0,2.732311964035034,62.84332752227783,0.015636233383431643,0.9753503923897864,0.01466954077488399,0.9768460627878592,0.018345767157188955,0.9529528908814069
