,ratio,rndint,dataset,learning_rate,batchsize,epochs,loss,time,mape,r2,mape_test,r2_test,mape_interpolation,r2_interpolation
0,0.25,390.0,Grid1296,0.001,9.0,200.0,26.11528205871582,6.486782550811768,0.05373549546986212,-0.3940573427757774,0.05873726246009014,-0.5944570992232705,0.08384243819946294,-1.857794418249763
1,0.25,390.0,Grid2401,0.001,5.0,200.0,8.281591415405273,18.333224534988403,0.02011225582759717,0.7913905539750656,0.02042665544931976,0.7961331093048518,0.059263854930701486,-1.3589444979042637
2,0.25,390.0,Sobol1,0.001,167.0,200.0,63.75128173828125,0.9300742149353027,0.08398773471513454,-3.8219032913184723,0.09234091540472403,-6.076502226905213,0.07340562803866321,-3.1919434465611776
3,0.25,390.0,Sobol2,0.001,5.0,200.0,39.21320724487305,17.66251850128174,0.08657203730659799,-0.8189586607224364,0.09328042809032104,-1.081767966793295,0.07551930405609884,-0.28828331408477514
