,ratio,rndint,dataset,learning_rate,batchsize,epochs,loss,time,mape,r2,mape_test,r2_test,mape_interpolation,r2_interpolation
0,0.3,554.0,Grid1296,0.001,167.0,200.0,45.58427810668945,0.6328990459442139,0.060988356284363734,-1.463575971361966,0.05840599697967513,-0.8998756180197784,0.0823262204941312,-2.9235462918229502
1,0.3,554.0,Grid2401,0.001,6.0,200.0,7.900563716888428,18.591049909591675,0.02357386663552983,0.705180308416002,0.020359760031217526,0.831379753784657,0.059919537199854885,-1.4318666482223077
2,0.3,554.0,Sobol1,0.001,601.0,200.0,97.06076049804688,0.4135012626647949,0.1481163319518851,-1.6816026276368876,0.14846493941822317,-1.5627194201238015,0.13891778255746054,-0.9710150100258215
3,0.3,554.0,Sobol2,0.001,5.0,200.0,68.93116760253906,21.50336790084839,0.09106687587484266,-0.5476379813834209,0.09121674889430542,-0.6638475746348778,0.07668998116187356,-0.09402134829609454
