,ratio,rndint,dataset,learning_rate,batchsize,epochs,loss,time,mape,r2,mape_test,r2_test,mape_interpolation,r2_interpolation
0,0.55,711.0,Grid1296,0.001,613.0,200.0,60.55279541015625,0.40984606742858887,0.08905741068717747,-0.27826364027235817,0.09550589128537147,-0.3296382574499215,0.11803818912659488,-1.063885716155045
1,0.55,711.0,Grid2401,0.001,17.0,200.0,33.25127029418945,12.006971597671509,0.04269031746062408,0.22243940968959153,0.042696444970695815,0.29244801022025235,0.07674585323053351,-3.8049818101462547
2,0.55,711.0,Sobol1,0.001,19.0,200.0,56.729427337646484,12.143158674240112,0.08719397889769058,-0.6855490926420835,0.08887689453207451,-0.6412673233168902,0.07772414399043859,-0.2736895797225376
3,0.55,711.0,Sobol2,0.001,5.0,200.0,17.9832763671875,38.60776448249817,0.029354798158234684,0.9187399513240962,0.0321285252876661,0.9282215663226016,0.02819274914573676,0.8965150041665306
