,ratio,rndint,dataset,learning_rate,batchsize,epochs,loss,time,mape,r2,mape_test,r2_test,mape_interpolation,r2_interpolation
0,0.55,78.0,Grid1296,0.001,613.0,200.0,74.9920883178711,0.40791821479797363,0.11308374359786667,-0.12596247500795776,0.11113288317124806,-0.2647443594211649,0.1367304064153507,-0.6816547539739299
1,0.55,78.0,Grid2401,0.001,17.0,200.0,9.775107383728027,11.87351131439209,0.018437971637739897,0.8417477229536872,0.021949150364470437,0.7791018223170987,0.059265961982504826,-1.2985469910070355
2,0.55,78.0,Sobol1,0.001,19.0,200.0,59.0825309753418,12.093305349349976,0.09055178374244521,-1.0436384755845376,0.0896540120066647,-0.7521276803936976,0.07955155886556114,-0.46167935795718273
3,0.55,78.0,Sobol2,0.001,5.0,200.0,7.358508110046387,38.407026052474976,0.021283343837530302,0.973965267467763,0.023482398165355724,0.9604382312039491,0.019159125703660594,0.9576765505329898
