,ratio,rndint,dataset,learning_rate,batchsize,epochs,loss,time,mape,r2,mape_test,r2_test,mape_interpolation,r2_interpolation
0,0.3,759.0,Grid1296,0.001,167.0,200.0,37.54420852661133,0.6260478496551514,0.05539242171370637,-1.2361565886739747,0.05506026903100018,-1.069966671405906,0.07928638743957638,-3.1888144842308517
1,0.3,759.0,Grid2401,0.001,6.0,200.0,10.75664234161377,18.34707283973694,0.01908023653838248,0.8610726815163663,0.01983865356012732,0.8109134023988728,0.05946332222671694,-1.245955372511418
2,0.3,759.0,Sobol1,0.001,601.0,200.0,97.5204086303711,0.41220998764038086,0.14488095079259072,-1.4298207435989925,0.1425736688566216,-1.3646748265232773,0.13270303748766193,-0.7702299002167698
3,0.3,759.0,Sobol2,0.001,5.0,200.0,7.222643852233887,21.246971130371094,0.021358387330814063,0.9706407841591048,0.02470580559896563,0.9595045508198705,0.02028556045741573,0.9537873267986734
