,ratio,rndint,dataset,learning_rate,batchsize,epochs,loss,time,mape,r2,mape_test,r2_test,mape_interpolation,r2_interpolation
0,0.65,986.0,Grid1296,0.001,5.0,200.0,4.159020900726318,29.46419644355774,0.02548383081659123,0.7037070727279773,0.026393176195866553,0.7393786774741976,0.05277128949766241,0.21621721320916631
1,0.65,986.0,Grid2401,0.001,5.0,200.0,7.45367431640625,46.54383039474487,0.01625676232023911,0.834305883066714,0.015881751121149788,0.83147131096336,0.05570632129451717,-1.116025357556421
2,0.65,986.0,Sobol1,0.001,1303.0,200.0,96.75536346435547,0.5493383407592773,0.14427306754716238,-1.6247857724800205,0.13688741435274385,-1.497444640578272,0.13094095518181575,-0.9113110284832853
3,0.65,986.0,Sobol2,0.001,5.0,200.0,32.06583786010742,44.817397117614746,0.019813764298658814,0.9698806762115433,0.022096505573072387,0.9770215969061841,0.021259243481422094,0.9515725120227665
