,ratio,rndint,dataset,learning_rate,batchsize,epochs,loss,time,mape,r2,mape_test,r2_test,mape_interpolation,r2_interpolation
0,0.7,111.0,Grid1296,0.001,11.0,200.0,33.07571792602539,15.0564284324646,0.04241912241586798,0.15218827581186423,0.04553265210128765,0.04259150921860211,0.06569133242016764,-0.9299101462843977
1,0.7,111.0,Grid2401,0.001,617.0,200.0,29.885465621948242,0.810359001159668,0.043487516252001084,0.34926789055842555,0.0445237732212084,0.2821175125144254,0.07851176738480771,-3.1877907840225275
2,0.7,111.0,Sobol1,0.001,23.0,200.0,51.64582061767578,12.7700834274292,0.0802726947168708,-0.30228545128393414,0.08822377557325313,-0.6953378112220303,0.07091538176401731,-0.020150753559082357
3,0.7,111.0,Sobol2,0.001,29.0,200.0,28.37375831604004,11.187021493911743,0.048343829770255635,0.7906403704454279,0.05400112432583249,0.7929256221662259,0.04732218504766566,0.7324810995355747
