,ratio,rndint,dataset,learning_rate,batchsize,epochs,loss,time,mape,r2,mape_test,r2_test,mape_interpolation,r2_interpolation
0,0.6,272.0,Grid1296,0.001,223.0,200.0,36.468589782714844,0.9520199298858643,0.05377666366837226,-0.45562015928680166,0.05544323638880811,-0.5440727780810983,0.07891387503020197,-2.0705350133575426
1,0.6,272.0,Grid2401,0.001,7.0,200.0,13.140031814575195,30.84770655632019,0.016512139377587224,0.8424767953151733,0.014494783122378346,0.8630512139114099,0.05127801662557604,-0.7394910593854924
2,0.6,272.0,Sobol1,0.001,401.0,200.0,61.246620178222656,1.0728402137756348,0.08925455408180957,-2.8955460042734664,0.08500430503152401,-2.8968567584660585,0.07245018448952474,-1.5997404171205125
3,0.6,272.0,Sobol2,0.001,5.0,200.0,9.463788032531738,40.93294978141785,0.018682798667192083,0.9737729246151864,0.02295427245586468,0.9678515925295477,0.01890023808493651,0.955286600411353
