,ratio,rndint,dataset,learning_rate,batchsize,epochs,loss,time,mape,r2,mape_test,r2_test,mape_interpolation,r2_interpolation
0,0.35,999.0,Grid1296,0.001,5.0,200.0,17.262317657470703,16.2719988822937,0.04561701524042982,0.18811744814546294,0.052384583691352654,-0.21780192908599383,0.06941309955203677,-1.230716496348343
1,0.35,999.0,Grid2401,0.001,617.0,200.0,83.16887664794922,0.41865110397338867,0.12302549863058466,0.1622323130425688,0.12201230319519597,0.16271737462361824,0.1380021290460098,-0.7262181353960755
2,0.35,999.0,Sobol1,0.001,701.0,200.0,101.5934829711914,0.43625521659851074,0.15218445670991312,-1.6217951926524221,0.15161861190509443,-1.325486913892766,0.14290704204159818,-0.848354672038951
3,0.35,999.0,Sobol2,0.001,5.0,200.0,24.535839080810547,25.14159917831421,0.08859924377155416,-0.257061421189662,0.08581198340316376,-0.22504220448718448,0.07395596197169757,0.09927413765686444
