,ratio,rndint,dataset,learning_rate,batchsize,epochs,loss,time,mape,r2,mape_test,r2_test,mape_interpolation,r2_interpolation
0,0.5,147.0,Grid1296,0.001,6.0,200.0,27.23042869567871,19.297600507736206,0.05065113019144183,-0.07781018322446953,0.05365501465908379,-0.1925250638960203,0.07232516776754762,-1.3434799154492278
1,0.5,147.0,Grid2401,0.001,881.0,200.0,70.00102233886719,0.4672839641571045,0.09824194468525337,0.17672754128819435,0.09992670802888103,0.17588712282369734,0.12343720634470377,-1.1704730259756588
2,0.5,147.0,Sobol1,0.001,6.0,200.0,16.183313369750977,35.22323250770569,0.021949648701183096,0.9772065419990011,0.02388076518904128,0.9742139606072233,0.021689220573709464,0.9558695095852022
3,0.5,147.0,Sobol2,0.001,5.0,200.0,17.55986976623535,35.257732629776,0.02500566897398142,0.9632571449823806,0.025420216928988555,0.9595330038027137,0.026049604794353566,0.9362313724794716
