,ratio,rndint,dataset,learning_rate,batchsize,epochs,loss,time,mape,r2,mape_test,r2_test,mape_interpolation,r2_interpolation
0,0.05,986.0,Grid1296,0.001,5.0,200.0,38.547401428222656,2.32633638381958,0.04419953907832563,-0.08108720432474392,0.052917066991846354,-1.0232965788493034,0.07624166889675962,-2.9032795949866315
1,0.05,986.0,Grid2401,0.001,8.0,200.0,22.85772705078125,2.3453609943389893,0.03622812346943479,0.3242017922168926,0.04307619519748765,0.12499270267794493,0.0753966670378059,-4.038894657022184
2,0.05,986.0,Sobol1,0.001,5.0,200.0,65.23475646972656,4.225634813308716,0.08993670084855186,-2.566315006247577,0.089326070180014,-2.3688477080697408,0.07681527852282698,-1.4608925773216548
3,0.05,986.0,Sobol2,0.001,5.0,200.0,86.18492126464844,3.58789324760437,0.09548677668400501,-0.14402798119281135,0.09727276463208652,-0.4962330439268521,0.08328329417945186,-0.025582347818875695
