,ratio,rndint,dataset,learning_rate,batchsize,epochs,loss,time,mape,r2,mape_test,r2_test,mape_interpolation,r2_interpolation
0,0.55,731.0,Grid1296,0.001,613.0,200.0,68.97745513916016,0.41170287132263184,0.10139409046472128,-0.21828899824294679,0.100958387735195,-0.4012857163279897,0.12710129940286688,-0.9553581815715253
1,0.55,731.0,Grid2401,0.001,17.0,200.0,16.472444534301758,11.748921394348145,0.01964866164353303,0.806881350510195,0.01907766166482586,0.7960138943727935,0.05889340178258099,-1.3551232628484051
2,0.55,731.0,Sobol1,0.001,19.0,200.0,65.66646575927734,11.999272346496582,0.0820941491348264,-0.6791074471350438,0.09209065292929532,-0.812332104470366,0.07596830680200914,-0.3142080723853624
3,0.55,731.0,Sobol2,0.001,5.0,200.0,26.841541290283203,38.270456075668335,0.04522470527342135,0.8824944524869806,0.04400919936471808,0.8829951279600825,0.04296203394824257,0.8297132684274577
