,ratio,rndint,dataset,learning_rate,batchsize,epochs,loss,time,mape,r2,mape_test,r2_test,mape_interpolation,r2_interpolation
0,0.25,721.0,Grid1296,0.001,9.0,200.0,52.51914978027344,6.3880720138549805,0.05448758349629954,-0.40906592530987695,0.051789290178300786,-0.16006383262889368,0.07198049020898065,-1.465458851559172
1,0.25,721.0,Grid2401,0.001,5.0,200.0,6.867516994476318,18.478593349456787,0.02862554540931191,0.7514830858086154,0.026826946776409122,0.7553977421168694,0.0651254915689552,-1.594380144877328
2,0.25,721.0,Sobol1,0.001,167.0,200.0,56.39568328857422,0.9317314624786377,0.08401668236995571,-3.087197081307818,0.09174243411722209,-3.5449808817845287,0.07323269369902252,-1.8656508341157685
3,0.25,721.0,Sobol2,0.001,5.0,200.0,102.05879211425781,17.51262617111206,0.10911123544742517,-0.7265821276869104,0.10658851733241434,-0.7512056338010442,0.09608909929300248,-0.4332667362358069
