,ratio,rndint,dataset,learning_rate,batchsize,epochs,loss,time,mape,r2,mape_test,r2_test,mape_interpolation,r2_interpolation
0,0.6,180.0,Grid1296,0.001,223.0,200.0,39.883975982666016,0.976499080657959,0.05362359508831317,-1.1049469291235323,0.052988036613537126,-0.7707898588209992,0.07817948595231132,-2.959031635536061
1,0.6,180.0,Grid2401,0.001,7.0,200.0,11.175345420837402,31.29468536376953,0.01945531146775235,0.8123000584019242,0.019536724797803398,0.8096320696512205,0.05897423881670892,-1.2863524901578747
2,0.6,180.0,Sobol1,0.001,401.0,200.0,58.019649505615234,1.097139835357666,0.0898227989275245,-3.268513658808594,0.08425874019443864,-2.6854436750905744,0.07292355328947016,-1.734574499145325
3,0.6,180.0,Sobol2,0.001,5.0,200.0,67.28948974609375,41.5662887096405,0.07708294168642874,-0.6858825748823418,0.0846807341637926,-1.0913164308701897,0.060107501611878264,0.03766632583593932
