,ratio,rndint,dataset,learning_rate,batchsize,epochs,loss,time,mape,r2,mape_test,r2_test,mape_interpolation,r2_interpolation
0,0.8,35.0,Grid1296,0.001,223.0,200.0,35.21677780151367,1.2970967292785645,0.05177461127165981,-0.3456602544667524,0.05108021496156433,-0.22219933190146035,0.07507289151836342,-1.759854691816226
1,0.8,35.0,Grid2401,0.001,5.0,200.0,27.646387100219727,57.046471118927,0.014572761888979232,0.8251873927454634,0.012309163786372295,0.8744670847899012,0.05701605676692951,-1.1477634646275714
2,0.8,35.0,Sobol1,0.001,401.0,200.0,59.38505935668945,1.4551384449005127,0.08585265350355833,-2.7310285956253915,0.09316034108116676,-2.9555418690483872,0.07267366815015805,-1.5466414293467903
3,0.8,35.0,Sobol2,0.001,5.0,200.0,6.324170112609863,54.99429535865784,0.016036379628502975,0.9779211124022263,0.014437197060590887,0.9834729954616697,0.014117937210664162,0.9664369372932703
