,ratio,rndint,dataset,learning_rate,batchsize,epochs,loss,time,mape,r2,mape_test,r2_test,mape_interpolation,r2_interpolation
0,0.75,951.0,Grid1296,0.001,9.0,200.0,37.2699089050293,19.175849199295044,0.035255890702993814,0.48946110102832086,0.037107567211252405,0.38392982584381086,0.06047708813573147,-0.2802226156293739
1,0.75,951.0,Grid2401,0.001,661.0,200.0,31.055801391601562,0.8305273056030273,0.04359191343770392,0.2741732879513631,0.05002672636238169,0.17523593980030638,0.08086358117216373,-3.5569948671599017
2,0.75,951.0,Sobol1,0.001,9.0,200.0,7.367024898529053,34.69429111480713,0.015367810022964423,0.9811591147877922,0.01903461231474414,0.9757936668227348,0.019616325368000367,0.9554738244807595
3,0.75,951.0,Sobol2,0.001,5.0,200.0,11.050061225891113,53.17351770401001,0.020174110261065373,0.9700698502712077,0.020553414634369587,0.9722158509826558,0.01669470084610095,0.9617103827461223
