,ratio,rndint,dataset,learning_rate,batchsize,epochs,loss,time,mape,r2,mape_test,r2_test,mape_interpolation,r2_interpolation
0,0.4,951.0,Grid1296,0.001,223.0,200.0,43.319374084472656,0.6456887722015381,0.0629327872406918,-0.592602630279325,0.060834640179135854,-0.5726955949340116,0.08562982116521678,-2.0645237986986755
1,0.4,951.0,Grid2401,0.001,5.0,200.0,15.349267959594727,29.053807020187378,0.020470486254120773,0.8463034225420272,0.022273734757683815,0.7967073152863468,0.06084086103510513,-1.2738797208316202
2,0.4,951.0,Sobol1,0.001,401.0,200.0,71.60406494140625,0.724050760269165,0.10145892086344181,-3.8327584371507015,0.10960708173302292,-4.108592009455893,0.09008524471301423,-2.325493024222629
3,0.4,951.0,Sobol2,0.001,5.0,200.0,23.077991485595703,28.29582166671753,0.07941106429022197,-0.5285553961923131,0.0809819748210163,-0.594465286973958,0.06285897252081697,0.1497097970307406
