,ratio,rndint,dataset,learning_rate,batchsize,epochs,loss,time,mape,r2,mape_test,r2_test,mape_interpolation,r2_interpolation
0,0.7,634.0,Grid1296,0.001,11.0,200.0,32.768348693847656,14.410766363143921,0.046696555014704884,-0.05203064398747581,0.04363134459283895,0.21477709600027994,0.0703415039891944,-1.1146214532327545
1,0.7,634.0,Grid2401,0.001,617.0,200.0,33.923789978027344,0.8274047374725342,0.04689750077051097,0.38920271567915066,0.05063248538372151,0.4137007248322567,0.0835702153006574,-2.6477215976035526
2,0.7,634.0,Sobol1,0.001,23.0,200.0,54.438419342041016,12.552573442459106,0.0722021034288382,-0.4742809469840936,0.08234337276795929,-0.9286098800087357,0.06235491719789787,-0.053946324752529584
3,0.7,634.0,Sobol2,0.001,29.0,200.0,55.85832214355469,11.369401931762695,0.08795949449314801,-0.7915671720535982,0.09422709203806737,-0.9485547742300053,0.07404056786900101,-0.16988566322842424
