,ratio,rndint,dataset,learning_rate,batchsize,epochs,loss,time,mape,r2,mape_test,r2_test,mape_interpolation,r2_interpolation
0,0.2,996.0,Grid1296,0.001,223.0,200.0,69.08555603027344,0.3318016529083252,0.10159905528617476,-0.4229540278808881,0.10377188535367676,-0.25042294793070896,0.1284986983030759,-0.8955103259977866
1,0.2,996.0,Grid2401,0.001,8.0,200.0,25.82512664794922,9.346560716629028,0.03124967245172261,0.6567777258553985,0.032563401181746915,0.6303191998807972,0.06922881823768232,-2.402917867736042
2,0.2,996.0,Sobol1,0.001,401.0,200.0,92.87613677978516,0.37424707412719727,0.13385886094385643,-1.300474434468533,0.1410406396827895,-1.8710047152558444,0.1267824214326051,-0.9773750002639405
3,0.2,996.0,Sobol2,0.001,5.0,200.0,59.82292556762695,14.426950693130493,0.08795712126733297,-0.8501923000781837,0.09255377803139202,-1.1664303987240219,0.07676325431785082,-0.4287333594080389
