,ratio,rndint,dataset,learning_rate,batchsize,epochs,loss,time,mape,r2,mape_test,r2_test,mape_interpolation,r2_interpolation
0,0.95,562.0,Grid1296,0.001,5.0,200.0,11.314099311828613,43.56916403770447,0.020055354795318937,0.8225581876671799,0.01784055146309593,0.9484969659100435,0.04617538110090045,0.49902255448953803
1,0.95,562.0,Grid2401,0.001,6.0,200.0,4.307952880859375,57.48062801361084,0.012516976530578351,0.864408706183424,0.01855113505073945,0.6533621051025735,0.0527833704701117,-0.8725392776962515
2,0.95,562.0,Sobol1,0.001,7.0,200.0,4.4501953125,56.78631091117859,0.013262551812092516,0.9869188489865007,0.01565715605949242,0.9842573889076149,0.019151658674406703,0.9571794107975597
3,0.95,562.0,Sobol2,0.001,6.0,200.0,10.28485107421875,55.23377013206482,0.02012547888769129,0.9743112841189864,0.018360710978696734,0.984864544906793,0.022100167910283124,0.9519700561040328
