,ratio,rndint,dataset,learning_rate,batchsize,epochs,loss,time,mape,r2,mape_test,r2_test,mape_interpolation,r2_interpolation
0,0.1,721.0,Grid1296,0.001,37.0,200.0,50.174156188964844,0.8506581783294678,0.0624003765591344,-0.5449756059936515,0.052793723110396616,-0.21604386298261335,0.07619480996917632,-1.6186887051865102
1,0.1,721.0,Grid2401,0.001,8.0,200.0,30.196022033691406,4.688720464706421,0.04390875385809927,0.41172283991472236,0.04418331207650728,0.37189983221896106,0.07367099670823153,-2.3457913389034397
2,0.1,721.0,Sobol1,0.001,5.0,200.0,97.50884246826172,8.463775873184204,0.08067665334043252,-1.1636619504659413,0.08701424930156659,-1.3375569945501922,0.07434159853587585,-0.6731964509672805
3,0.1,721.0,Sobol2,0.001,5.0,200.0,81.7928237915039,7.160753965377808,0.10207138436569997,-0.0645708779384393,0.10626628624382634,-0.1354169609916016,0.09292263761789112,0.18030009754808385
