,ratio,rndint,dataset,learning_rate,batchsize,epochs,loss,time,mape,r2,mape_test,r2_test,mape_interpolation,r2_interpolation
0,0.75,999.0,Grid1296,0.001,9.0,200.0,19.28828239440918,18.940564155578613,0.05355453420782336,-0.16636584172847657,0.05680137822431242,-0.44647481302470937,0.0723377457348034,-1.4538969104411872
1,0.75,999.0,Grid2401,0.001,661.0,200.0,30.479633331298828,0.826988935470581,0.044769919430871795,0.3102525035172593,0.044016238159637226,0.31510061105654685,0.07906183785488885,-3.2438199765300233
2,0.75,999.0,Sobol1,0.001,9.0,200.0,13.41715145111084,33.806753396987915,0.019727278213335604,0.9761577483453441,0.01962601021751708,0.9712493857986926,0.02053557550433404,0.954701064719217
3,0.75,999.0,Sobol2,0.001,5.0,200.0,2.339160203933716,51.53215050697327,0.015609604805829085,0.9744022757144201,0.014841802012807439,0.9840746039518028,0.017868343603102223,0.9543948978021248
