,ratio,rndint,dataset,learning_rate,batchsize,epochs,loss,time,mape,r2,mape_test,r2_test,mape_interpolation,r2_interpolation
0,0.4,928.0,Grid1296,0.001,223.0,200.0,48.310150146484375,0.6496319770812988,0.07452822504358678,-0.5512560580502475,0.07887556119115711,-0.679301213731899,0.10274991100009719,-1.841475397703511
1,0.4,928.0,Grid2401,0.001,5.0,200.0,13.964879989624023,29.04976725578308,0.020337656569560058,0.846967807645793,0.021870682489953955,0.8022307865189794,0.06009068605989489,-0.9734396050301681
2,0.4,928.0,Sobol1,0.001,401.0,200.0,63.92744827270508,0.72947096824646,0.101030874198011,-4.279496387476967,0.10072410862418485,-4.266883858423517,0.08357159406337018,-2.4419476921019903
3,0.4,928.0,Sobol2,0.001,5.0,200.0,10.805761337280273,27.9857337474823,0.028281235236558712,0.9302270941104264,0.030194699075499404,0.921497330608154,0.02560120953142813,0.9214147928120078
