,ratio,rndint,dataset,learning_rate,batchsize,epochs,loss,time,mape,r2,mape_test,r2_test,mape_interpolation,r2_interpolation
0,0.45,996.0,Grid1296,0.001,251.0,200.0,39.9942512512207,0.6562211513519287,0.05861173591715872,-0.8339341952008359,0.05973105425644606,-0.7360836242399287,0.08369400843091479,-2.4925056964095833
1,0.45,996.0,Grid2401,0.001,13.0,200.0,24.045869827270508,12.625078439712524,0.019098415925967824,0.8020070739013374,0.01852694655337774,0.8231172689267684,0.058371546440111555,-1.2577346114029568
2,0.45,996.0,Sobol1,0.001,11.0,200.0,20.5389404296875,16.869993209838867,0.05585047370122151,0.29669511163947715,0.05998144741101836,0.25800419536961305,0.0457508488553067,0.491597940519653
3,0.45,996.0,Sobol2,0.001,191.0,200.0,58.96623611450195,1.258305549621582,0.09667202771759892,-3.140072848877529,0.08980363941775554,-3.0318111571527275,0.07384970369556289,-1.4315093721268912
