,ratio,rndint,dataset,learning_rate,batchsize,epochs,loss,time,mape,r2,mape_test,r2_test,mape_interpolation,r2_interpolation
0,0.35,16.0,Grid1296,0.001,5.0,200.0,24.825037002563477,15.822844505310059,0.05536214648224452,-0.5668755610770531,0.04983135141468809,-0.4605148262595582,0.0743563732195233,-2.061322167622722
1,0.35,16.0,Grid2401,0.001,617.0,200.0,62.111881256103516,0.40647435188293457,0.08854076206919337,0.2517213873162125,0.08993842264498252,0.2247609816515691,0.11397833902889169,-1.2122605767273327
2,0.35,16.0,Sobol1,0.001,701.0,200.0,98.5527114868164,0.42529773712158203,0.14873953503883533,-1.326643869335009,0.1457589881402604,-1.1611909078542677,0.13763835174218836,-0.6804902830503399
3,0.35,16.0,Sobol2,0.001,5.0,200.0,14.095575332641602,24.184401988983154,0.02483966408321605,0.9574033942605206,0.024019977564454675,0.9646954854641736,0.02054995612345719,0.9502763236055825
