,ratio,rndint,dataset,learning_rate,batchsize,epochs,loss,time,mape,r2,mape_test,r2_test,mape_interpolation,r2_interpolation
0,0.6,593.0,Grid1296,0.001,223.0,200.0,35.15399932861328,0.9725608825683594,0.05049855672131771,-0.33089932030004543,0.05553549555481635,-0.593908313146607,0.07689345384226023,-1.982845601523744
1,0.6,593.0,Grid2401,0.001,7.0,200.0,26.40008544921875,31.023647785186768,0.040859391616650254,0.3549255333537997,0.04189495891114154,0.2795840783021244,0.07388531694656846,-3.1506284132250277
2,0.6,593.0,Sobol1,0.001,401.0,200.0,55.365169525146484,1.0951573848724365,0.08737584866555952,-3.7681674288706146,0.09081161370100739,-3.851881869656948,0.07287930486073245,-2.163500740318897
3,0.6,593.0,Sobol2,0.001,5.0,200.0,11.322637557983398,41.16094732284546,0.021342763412327024,0.9717632434813732,0.022011955004096966,0.970814581395194,0.02270729920702465,0.9483722043400061
