,ratio,rndint,dataset,learning_rate,batchsize,epochs,loss,time,mape,r2,mape_test,r2_test,mape_interpolation,r2_interpolation
0,0.85,669.0,Grid1296,0.001,6.0,200.0,22.41591453552246,32.64475655555725,0.04313322256887574,0.44829985779187675,0.041725551393744245,0.3350428542175957,0.07315602583374849,-0.2377085982588132
1,0.85,669.0,Grid2401,0.001,7.0,200.0,15.501874923706055,45.02138924598694,0.018462187797995036,0.8350497637332672,0.019418407893154712,0.8014231596061383,0.05980215254911334,-1.2075931146421084
2,0.85,669.0,Sobol1,0.001,6.0,200.0,2.5507709980010986,58.583205699920654,0.010155665062509615,0.9908989042991686,0.009714157773988938,0.9934810782511125,0.015435829797586741,0.9649476840849467
3,0.85,669.0,Sobol2,0.001,19.0,200.0,37.24355697631836,15.920939207077026,0.04540716608581581,0.8639299706297151,0.043780066677574815,0.8352671242624848,0.0421028497834592,0.8096838131620251
