,ratio,rndint,dataset,learning_rate,batchsize,epochs,loss,time,mape,r2,mape_test,r2_test,mape_interpolation,r2_interpolation
0,0.4,222.0,Grid1296,0.001,223.0,200.0,43.413352966308594,0.6608831882476807,0.06193055389925807,-1.240882077805368,0.058540031797985406,-0.9372762567712762,0.08484501862508767,-2.9514176893633324
1,0.4,222.0,Grid2401,0.001,5.0,200.0,16.374378204345703,29.677212238311768,0.025448045585484365,0.7234141577257567,0.024263669563962358,0.7983836693995734,0.0631542296685085,-1.546389781486622
2,0.4,222.0,Sobol1,0.001,401.0,200.0,71.48661804199219,0.740471601486206,0.10368660618074631,-4.272906613086354,0.10005148734541974,-3.7248476254441165,0.08398202910781861,-2.221793353111653
3,0.4,222.0,Sobol2,0.001,5.0,200.0,16.278057098388672,28.57693910598755,0.0484988803379885,0.8475893069153446,0.04485985292534154,0.8499624982235212,0.0432109074825421,0.8000915287605966
