,ratio,rndint,dataset,learning_rate,batchsize,epochs,loss,time,mape,r2,mape_test,r2_test,mape_interpolation,r2_interpolation
0,0.6,669.0,Grid1296,0.001,223.0,200.0,34.86817932128906,0.9713749885559082,0.051586376008427644,-1.0748677710099823,0.05458162608264274,-0.9130732022855779,0.07691472930291654,-3.028061101367543
1,0.6,669.0,Grid2401,0.001,7.0,200.0,19.111894607543945,31.715041875839233,0.019181614828329693,0.8160898142561306,0.018722320552356814,0.8329836578870762,0.05881310513004254,-1.290445155226804
2,0.6,669.0,Sobol1,0.001,401.0,200.0,62.614173889160156,1.0914909839630127,0.0887513253931297,-3.771044584189198,0.08675567080303348,-3.716603337503763,0.07241867386083056,-2.14469842251467
3,0.6,669.0,Sobol2,0.001,5.0,200.0,10.972955703735352,42.27969837188721,0.022403634566573884,0.9641210457493199,0.024038311847528342,0.9604968892559274,0.023792606979951125,0.9390624792338327
