,ratio,rndint,dataset,learning_rate,batchsize,epochs,loss,time,mape,r2,mape_test,r2_test,mape_interpolation,r2_interpolation
0,0.4,968.0,Grid1296,0.001,223.0,200.0,42.487342834472656,0.6478490829467773,0.0663746565046966,-0.678167255547105,0.057967385132591885,-0.3554963761639711,0.0854737978983752,-1.9036486186454336
1,0.4,968.0,Grid2401,0.001,5.0,200.0,8.410901069641113,28.85616445541382,0.017762970746229033,0.8745728588869812,0.02029573503752909,0.7932718893599597,0.059346791944321166,-1.174764865813207
2,0.4,968.0,Sobol1,0.001,401.0,200.0,75.66365051269531,0.7282443046569824,0.10934974898673365,-2.6848922273987093,0.11345685377217865,-2.6977409929153966,0.09700657814077354,-1.508906395109833
3,0.4,968.0,Sobol2,0.001,5.0,200.0,20.263744354248047,27.79588031768799,0.03805541730875595,0.8410355161966747,0.042628045790324816,0.8145946360674914,0.032980204922804394,0.8536063873343087
