,ratio,rndint,dataset,learning_rate,batchsize,epochs,loss,time,mape,r2,mape_test,r2_test,mape_interpolation,r2_interpolation
0,0.5,237.0,Grid1296,0.001,6.0,200.0,15.406341552734375,18.89062237739563,0.048108590653685016,0.120492543717589,0.050754576365595085,-0.12412532148574851,0.06648356847732281,-1.0651289578751317
1,0.5,237.0,Grid2401,0.001,881.0,200.0,70.4485855102539,0.4635429382324219,0.10399215679551324,0.15258108858399166,0.10425531106871934,0.17580587528563463,0.12451640895635861,-1.096192030936137
2,0.5,237.0,Sobol1,0.001,6.0,200.0,3.6844379901885986,34.22079277038574,0.011551489638887788,0.9895736335909769,0.014311610937314156,0.9838907331413206,0.01547665373260753,0.9632023830384218
3,0.5,237.0,Sobol2,0.001,5.0,200.0,2.8590760231018066,34.8840913772583,0.02352417849071226,0.9579553806473238,0.023739916665328348,0.9656188494269095,0.024675996993397363,0.9381506603863308
