,ratio,rndint,dataset,learning_rate,batchsize,epochs,loss,time,mape,r2,mape_test,r2_test,mape_interpolation,r2_interpolation
0,0.65,237.0,Grid1296,0.001,5.0,200.0,4.219079494476318,29.730398178100586,0.016209724499442923,0.8994820776609408,0.019910275148452544,0.8489753930498964,0.040175968598080224,0.6519929291653147
1,0.65,237.0,Grid2401,0.001,5.0,200.0,2.760119676589966,46.94263958930969,0.014671742650857212,0.8408283698459864,0.01858831258295393,0.793639983207709,0.057148213186053176,-1.2897342140603665
2,0.65,237.0,Sobol1,0.001,1303.0,200.0,92.21509552001953,0.5510263442993164,0.13538160284690287,-1.4455914469581974,0.14349366973148278,-1.9414530747551657,0.12701765072757204,-0.9194401681683573
3,0.65,237.0,Sobol2,0.001,5.0,200.0,5.111102104187012,45.096662759780884,0.02062591749427475,0.9676184776488442,0.02215043905463296,0.9726484163062149,0.02248451960439855,0.9474386727384875
