,ratio,rndint,dataset,learning_rate,batchsize,epochs,loss,time,mape,r2,mape_test,r2_test,mape_interpolation,r2_interpolation
0,0.05,222.0,Grid1296,0.001,5.0,200.0,47.4827880859375,2.303654670715332,0.05055511202191026,-2.5959709466781047,0.054865440699249195,-2.4180261280951765,0.07853883516137242,-5.483048011248608
1,0.05,222.0,Grid2401,0.001,8.0,200.0,20.99359130859375,2.3387036323547363,0.03722589341153009,0.4818190528225018,0.04316119547926046,0.34970709984025194,0.07584341258989001,-3.094531866831926
2,0.05,222.0,Sobol1,0.001,5.0,200.0,90.70426940917969,4.224880695343018,0.08682343673650252,-1.1169869386736435,0.0866391198906794,-1.059457612293003,0.07511562164863135,-0.5075906787793458
3,0.05,222.0,Sobol2,0.001,5.0,200.0,122.28599548339844,3.5923361778259277,0.09629177045271364,-2.0827678046967266,0.09085678464505463,-2.0798031828654784,0.07432832912044349,-0.9830279365932593
