,ratio,rndint,dataset,learning_rate,batchsize,epochs,loss,time,mape,r2,mape_test,r2_test,mape_interpolation,r2_interpolation
0,0.9,297.0,Grid1296,0.001,251.0,200.0,39.39671325683594,1.3053133487701416,0.05235129240820504,-0.3196157053526889,0.046215197356708315,-0.016026080083759053,0.07504240051083375,-1.6981138609081605
1,0.9,297.0,Grid2401,0.001,13.0,200.0,12.549640655517578,25.020724534988403,0.018373375409268023,0.8267924866762529,0.01992571302403438,0.7900354606957836,0.05870684481361575,-1.2015485345880847
2,0.9,297.0,Sobol1,0.001,11.0,200.0,12.933829307556152,33.46163988113403,0.02000872169674773,0.9744114710883853,0.021299525829081588,0.9758977342355034,0.024673406777560067,0.9439101622913351
3,0.9,297.0,Sobol2,0.001,5.0,200.0,9.953765869140625,62.04910755157471,0.01806771425541923,0.9750212585358804,0.014027344197956522,0.9877742269875616,0.018697718516386127,0.9567497784901573
