,ratio,rndint,dataset,learning_rate,batchsize,epochs,loss,time,mape,r2,mape_test,r2_test,mape_interpolation,r2_interpolation
0,0.6,829.0,Grid1296,0.001,223.0,200.0,38.81474304199219,0.9680860042572021,0.05436923461724432,-0.6242988227926585,0.04976356334546801,-0.17566229302775538,0.07666830204120881,-1.9815464024682545
1,0.6,829.0,Grid2401,0.001,7.0,200.0,40.79869842529297,31.46851110458374,0.04275621082887288,0.4492067703153406,0.04111707605954783,0.49642466650614103,0.07347464724070356,-2.294886055279851
2,0.6,829.0,Sobol1,0.001,401.0,200.0,64.61529541015625,1.0859301090240479,0.09208415865270894,-3.5853560206897557,0.08216965037277599,-2.717494050637955,0.07273431501748859,-1.813740643304123
3,0.6,829.0,Sobol2,0.001,5.0,200.0,61.70795822143555,41.889970541000366,0.08886890391635306,-0.8052107504433406,0.08812753174490344,-0.9932853149639556,0.07259458346301816,-0.17972395894440374
