,ratio,rndint,dataset,learning_rate,batchsize,epochs,loss,time,mape,r2,mape_test,r2_test,mape_interpolation,r2_interpolation
0,0.5,222.0,Grid1296,0.001,6.0,200.0,31.092947006225586,18.957653999328613,0.03995256594796835,0.22930319171664382,0.03768719365571174,0.41162019080759793,0.06397579223808676,-0.6091897648375952
1,0.5,222.0,Grid2401,0.001,881.0,200.0,71.53058624267578,0.4645047187805176,0.10646935318114738,0.25690618089735884,0.10664967356147807,0.21619035480092608,0.12536498481410327,-0.8348943818852144
2,0.5,222.0,Sobol1,0.001,6.0,200.0,26.12079429626465,33.98343324661255,0.0359695357863871,0.9051278103238684,0.036019024765541655,0.9104124375121871,0.03660801350641123,0.8783092862560241
3,0.5,222.0,Sobol2,0.001,5.0,200.0,71.14619445800781,34.54622006416321,0.05504633260849747,0.5135929125783336,0.055146030205579795,0.47497408819717135,0.04311996440011549,0.672108486325649
