,ratio,rndint,dataset,learning_rate,batchsize,epochs,loss,time,mape,r2,mape_test,r2_test,mape_interpolation,r2_interpolation
0,0.3,999.0,Grid1296,0.001,167.0,200.0,46.75836181640625,0.6314616203308105,0.06675814541381321,-0.5638602810484801,0.06864239637340704,-0.8296678481763757,0.09239976422201224,-2.1962906691633606
1,0.3,999.0,Grid2401,0.001,6.0,200.0,12.914835929870605,18.637223958969116,0.01967781045350263,0.813059053955802,0.0193886297380835,0.8037473584967324,0.058183421838178505,-1.2405139486916292
2,0.3,999.0,Sobol1,0.001,601.0,200.0,100.65838623046875,0.4136312007904053,0.1514813262340186,-1.7248337989074929,0.14896928371041948,-1.423462770601292,0.14053305072313418,-0.9075897897138503
3,0.3,999.0,Sobol2,0.001,5.0,200.0,24.39678955078125,21.29551672935486,0.09365260295799424,-0.6545038996053951,0.09247711502991972,-0.6812873710782601,0.07815803499929755,-0.12479621044109668
