,ratio,rndint,dataset,learning_rate,batchsize,epochs,loss,time,mape,r2,mape_test,r2_test,mape_interpolation,r2_interpolation
0,0.2,794.0,Grid1296,0.001,223.0,200.0,67.362060546875,0.32990026473999023,0.09860068042117172,-0.6327491286512918,0.09273042080101725,-0.36080477519734466,0.11964402127220315,-1.201240265595363
1,0.2,794.0,Grid2401,0.001,8.0,200.0,19.45049285888672,9.237251043319702,0.022994586705344943,0.7747379604431712,0.025403384090521116,0.7792599496789977,0.06291175953604841,-1.5422998309456109
2,0.2,794.0,Sobol1,0.001,401.0,200.0,96.49834442138672,0.36991405487060547,0.14349592369820938,-1.366046414009762,0.14660559581135194,-1.3171028438982622,0.13639362811133032,-0.7517900241006292
3,0.2,794.0,Sobol2,0.001,5.0,200.0,34.75239181518555,14.188735961914062,0.09023221595142403,-0.3693401222836292,0.09253439373310088,-0.7891898764665708,0.07667299861189263,-0.08706038250246295
