,ratio,rndint,dataset,learning_rate,batchsize,epochs,loss,time,mape,r2,mape_test,r2_test,mape_interpolation,r2_interpolation
0,0.15,249.0,Grid1296,0.001,167.0,200.0,70.605712890625,0.32019901275634766,0.10623149159493842,-0.2475296252319461,0.10160613985033544,-0.24296439097543643,0.12716015129053723,-0.8407501883924613
1,0.15,249.0,Grid2401,0.001,6.0,200.0,19.84897804260254,9.118256330490112,0.021682428184453633,0.7983895094893956,0.02288208347803281,0.7635946917855994,0.061297743898313634,-1.560533618529011
2,0.15,249.0,Sobol1,0.001,5.0,200.0,116.41011047363281,12.356037139892578,0.08799950391664572,-0.19986856763804473,0.09017957598852554,-0.2819441500851678,0.08057898738335385,-0.0012384715981625938
3,0.15,249.0,Sobol2,0.001,5.0,200.0,53.24787521362305,10.510639429092407,0.09107543213539514,-1.2461455202475382,0.09383038363884863,-1.1178506067955714,0.07877716142889112,-0.4700878394337493
