,ratio,rndint,dataset,learning_rate,batchsize,epochs,loss,time,mape,r2,mape_test,r2_test,mape_interpolation,r2_interpolation
0,0.05,390.0,Grid1296,0.001,5.0,200.0,27.772228240966797,1.7576425075531006,0.04880771096086708,0.4204814840506982,0.052045622084736634,-0.004927316972041185,0.07393165150567231,-1.0423696955449788
1,0.05,390.0,Grid2401,0.001,8.0,200.0,15.774215698242188,1.9773821830749512,0.036737036870968506,-0.10298726974650241,0.04540422675459309,-0.8124814132515954,0.07719989320189431,-7.333380130245976
2,0.05,390.0,Sobol1,0.001,5.0,200.0,66.9598159790039,4.022423267364502,0.08388314768224894,-0.4806727384364222,0.08989994659242888,-0.9463340460876661,0.08075217636134598,-0.5665449285871749
3,0.05,390.0,Sobol2,0.001,5.0,200.0,32.490318298339844,3.671790838241577,0.07490954735294557,-2.1031233949415995,0.09374673289168636,-3.5338915588977127,0.07456373105646254,-1.7327137217928472
