,ratio,rndint,dataset,learning_rate,batchsize,epochs,loss,time,mape,r2,mape_test,r2_test,mape_interpolation,r2_interpolation
0,0.05,272.0,Grid1296,0.001,5.0,200.0,17.325183868408203,2.2776763439178467,0.04522579348835112,0.006566140726799952,0.05794343535284793,-0.7742779391040449,0.08134135049356118,-2.2094873718775996
1,0.05,272.0,Grid2401,0.001,8.0,200.0,37.19247817993164,2.3179187774658203,0.044143935074444834,0.514061208032322,0.044429207802571674,0.473441547403755,0.07466488571895695,-1.9921166819254807
2,0.05,272.0,Sobol1,0.001,5.0,200.0,59.623558044433594,4.179833889007568,0.0913230849793543,-1.7198630693399948,0.086541705354902,-1.6504913634751763,0.07408310539125124,-0.874269627420108
3,0.05,272.0,Sobol2,0.001,5.0,200.0,68.49217224121094,3.552346706390381,0.09388661617332315,-1.5935533900105683,0.09422952692594025,-0.9900730355817646,0.08062311645845463,-0.46474299018936316
