,ratio,rndint,dataset,learning_rate,batchsize,epochs,loss,time,mape,r2,mape_test,r2_test,mape_interpolation,r2_interpolation
0,0.25,829.0,Grid1296,0.001,9.0,200.0,36.91624069213867,6.589855909347534,0.053133171659273316,-0.5459395371282545,0.051893970122109,-0.30393815383698275,0.07275361301585413,-1.7876442983797354
1,0.25,829.0,Grid2401,0.001,5.0,200.0,43.99882888793945,18.6670925617218,0.018907193880747117,0.8368814951694667,0.020202468925720383,0.8091338515937718,0.0597429614346941,-1.2631559162925332
2,0.25,829.0,Sobol1,0.001,167.0,200.0,63.0,0.9578061103820801,0.09196514547169896,-3.5768096096347497,0.08658194117017615,-2.8722062296700224,0.07247862712295709,-1.6771214286088996
3,0.25,829.0,Sobol2,0.001,5.0,200.0,16.700145721435547,18.030534267425537,0.05548510237976732,0.667894727937353,0.06090369932515769,0.5657337164248322,0.052892407886872335,0.558356196286335
