,ratio,rndint,dataset,learning_rate,batchsize,epochs,loss,time,mape,r2,mape_test,r2_test,mape_interpolation,r2_interpolation
0,0.9,582.0,Grid1296,0.001,251.0,200.0,38.35292053222656,1.3345921039581299,0.05207201720090588,-0.3105771430220359,0.04779290698582116,-0.5287116861429664,0.07473760164560149,-1.770891134437699
1,0.9,582.0,Grid2401,0.001,13.0,200.0,15.288911819458008,25.41072368621826,0.01775160523165968,0.8154234040006338,0.01596892699871671,0.857338886404717,0.0579437258323636,-1.2697023453361673
2,0.9,582.0,Sobol1,0.001,11.0,200.0,7.4621357917785645,33.93187618255615,0.013783264759242216,0.9858598478545315,0.0140474809045958,0.9838094369860809,0.01724120675010485,0.962430331051649
3,0.9,582.0,Sobol2,0.001,5.0,200.0,8.049402236938477,62.71125817298889,0.018363793739039794,0.9787855381655796,0.01956318927485084,0.9500230448659208,0.02007305223333927,0.9547032611924279
