,ratio,rndint,dataset,learning_rate,batchsize,epochs,loss,time,mape,r2,mape_test,r2_test,mape_interpolation,r2_interpolation
0,0.6,562.0,Grid1296,0.001,223.0,200.0,40.27456283569336,0.9685506820678711,0.05307522707713101,-0.9289033926600112,0.0536923815173601,-0.5613326000145769,0.07860729735772261,-2.599167836456838
1,0.6,562.0,Grid2401,0.001,7.0,200.0,4.8808417320251465,31.646022081375122,0.014916265544389766,0.8488737069383102,0.018338943364285765,0.7913891092464055,0.05838997332983684,-1.3046969701511975
2,0.6,562.0,Sobol1,0.001,401.0,200.0,55.996116638183594,1.088247299194336,0.08504333177456128,-3.025015037261344,0.09595729297512808,-4.07334469004443,0.07307635174513237,-1.8905174086954006
3,0.6,562.0,Sobol2,0.001,5.0,200.0,3.2095093727111816,41.9564790725708,0.018466774579493066,0.9724071309767016,0.01521166217308364,0.9797448022195715,0.01770374972668393,0.9552339102923932
