,ratio,rndint,dataset,learning_rate,batchsize,epochs,loss,time,mape,r2,mape_test,r2_test,mape_interpolation,r2_interpolation
0,0.05,395.0,Grid1296,0.001,5.0,200.0,9.073144912719727,2.320235252380371,0.037046251578546595,0.008159356214348046,0.05538183704737162,-1.488877598685547,0.08066933055803922,-3.578500618416303
1,0.05,395.0,Grid2401,0.001,8.0,200.0,35.274803161621094,2.3364245891571045,0.033796380522176,0.3537208202046048,0.04374839951522885,0.16302040083182656,0.07858962437062499,-4.050384448201176
2,0.05,395.0,Sobol1,0.001,5.0,200.0,38.1796989440918,4.211071014404297,0.08627996327877235,0.05344733000463442,0.090312026929537,-0.3394125860305002,0.08041574250973908,-0.011693405268009327
3,0.05,395.0,Sobol2,0.001,5.0,200.0,88.95600891113281,3.5856118202209473,0.08229975708438608,-0.334567378315231,0.09623369733901883,-0.82999254407914,0.08057895645094476,-0.22437127005878943
