,ratio,rndint,dataset,learning_rate,batchsize,epochs,loss,time,mape,r2,mape_test,r2_test,mape_interpolation,r2_interpolation
0,0.2,968.0,Grid1296,0.001,223.0,200.0,79.3358154296875,0.3289637565612793,0.12079352009576819,-0.010013690999849612,0.1164868325477583,-0.16965838821400903,0.14271159971020075,-0.6045958789315369
1,0.2,968.0,Grid2401,0.001,8.0,200.0,38.009124755859375,9.102274417877197,0.039069640229654146,0.2918616599862418,0.043733626379098285,0.016040987772183213,0.07551616079640619,-4.444460797704591
2,0.2,968.0,Sobol1,0.001,401.0,200.0,95.5086441040039,0.36618781089782715,0.14368551308582722,-1.8265940222532895,0.14669919964300496,-1.7616905780363314,0.13502513353442028,-1.0643746545405661
3,0.2,968.0,Sobol2,0.001,5.0,200.0,34.302040100097656,13.991135835647583,0.09458157837729944,-0.7248637636050022,0.09738236994094975,-0.795212873977984,0.0838390505950566,-0.3086790502197563
