,ratio,rndint,dataset,learning_rate,batchsize,epochs,loss,time,mape,r2,mape_test,r2_test,mape_interpolation,r2_interpolation
0,0.95,829.0,Grid1296,0.001,5.0,200.0,12.522351264953613,43.51634669303894,0.02251708875548009,0.9143745467163695,0.021767442514171655,0.9038623953658539,0.04055943905821579,0.8131515200062746
1,0.95,829.0,Grid2401,0.001,6.0,200.0,34.16047286987305,57.23175311088562,0.019749339463061715,0.8254331347297826,0.02118631557655918,0.828506770270054,0.0601479707004665,-1.101026800925708
2,0.95,829.0,Sobol1,0.001,7.0,200.0,5.908225059509277,56.66272163391113,0.017612430084596755,0.9805461495772964,0.0181820717497228,0.9803124796467829,0.022536271358466312,0.9499504699694005
3,0.95,829.0,Sobol2,0.001,6.0,200.0,6.856679439544678,55.169140338897705,0.014755538494174616,0.9792408030902165,0.021796586523520824,0.9565399961597633,0.016164617440640624,0.9600546934659376
