,ratio,rndint,dataset,learning_rate,batchsize,epochs,loss,time,mape,r2,mape_test,r2_test,mape_interpolation,r2_interpolation
0,0.8,171.0,Grid1296,0.001,223.0,200.0,32.704349517822266,1.2886555194854736,0.05122285880118686,-0.3649003252828793,0.05372821715380593,-0.6599553932797027,0.07479850868813535,-1.953140240818783
1,0.8,171.0,Grid2401,0.001,5.0,200.0,13.219653129577637,57.872246742248535,0.016798725696645637,0.832300368755696,0.01974955608058358,0.7962038267358791,0.0558544658448121,-1.2047180319956499
2,0.8,171.0,Sobol1,0.001,401.0,200.0,60.1224250793457,1.453845739364624,0.08651106631188168,-2.6353688480749318,0.08939093759299697,-2.2572812327423835,0.07293453455025213,-1.4292914161341548
3,0.8,171.0,Sobol2,0.001,5.0,200.0,5.810302734375,55.82160425186157,0.01709749418821557,0.9759751521364277,0.018582228076324377,0.9761115191080196,0.016353413983764876,0.9610350623581624
