,ratio,rndint,dataset,learning_rate,batchsize,epochs,loss,time,mape,r2,mape_test,r2_test,mape_interpolation,r2_interpolation
0,0.3,928.0,Grid1296,0.001,167.0,200.0,37.51272201538086,0.6232404708862305,0.057409331143667953,-0.6052684582173298,0.06502688804301465,-1.01860856763183,0.08680018605962636,-2.5867739853498195
1,0.3,928.0,Grid2401,0.001,6.0,200.0,12.189167976379395,18.139590978622437,0.01738871162500277,0.8636517306617817,0.019630898432333132,0.805299436493507,0.05828359116362303,-0.9968897257917264
2,0.3,928.0,Sobol1,0.001,601.0,200.0,96.1245346069336,0.408306360244751,0.1457636470611933,-0.9853790800538478,0.15395664304208764,-1.303287418278397,0.14275192574252837,-0.6836323928216637
3,0.3,928.0,Sobol2,0.001,5.0,200.0,57.153404235839844,21.075870275497437,0.09116199994691294,-0.5913987826510527,0.09077276565416813,-0.5319193516873129,0.07627040187663718,-0.028717002068717523
