,ratio,rndint,dataset,learning_rate,batchsize,epochs,loss,time,mape,r2,mape_test,r2_test,mape_interpolation,r2_interpolation
0,0.8,928.0,Grid1296,0.001,223.0,200.0,33.22244644165039,1.3028244972229004,0.05077716606351512,-0.4120173683233701,0.05847992851408685,-0.7133911904812473,0.07638572028112801,-2.0566359368599842
1,0.8,928.0,Grid2401,0.001,5.0,200.0,3.33782958984375,58.010825634002686,0.012455866547985354,0.859850175932467,0.010520324958106578,0.922682306782791,0.05083678936592369,-0.6271445260679935
2,0.8,928.0,Sobol1,0.001,401.0,200.0,52.927879333496094,1.4589409828186035,0.08780994914207195,-2.5334103757540545,0.08375605904959021,-2.011969492949198,0.07311939318646858,-1.3548838141032737
3,0.8,928.0,Sobol2,0.001,5.0,200.0,4.004345893859863,55.94498252868652,0.017818843092071573,0.9740625647243749,0.019856531878040293,0.9601928363158573,0.018294328654375063,0.9536017705700471
