,ratio,rndint,dataset,learning_rate,batchsize,epochs,loss,time,mape,r2,mape_test,r2_test,mape_interpolation,r2_interpolation
0,0.7,928.0,Grid1296,0.001,11.0,200.0,34.55925369262695,14.661330938339233,0.04775010873965162,-0.07462900538478823,0.05887018277651115,-0.5445420742677409,0.07409486600300334,-1.5215926885572042
1,0.7,928.0,Grid2401,0.001,617.0,200.0,31.589017868041992,0.822943925857544,0.04471110147023816,0.4124511922942352,0.04191297537707168,0.4847180377204109,0.07897700577125336,-2.733143478043857
2,0.7,928.0,Sobol1,0.001,23.0,200.0,51.22562789916992,12.813352584838867,0.08807855508413753,-0.8351429242122956,0.08478811669077678,-0.6913935483636859,0.07657882620774525,-0.35848354582630226
3,0.7,928.0,Sobol2,0.001,29.0,200.0,54.60881423950195,11.319598197937012,0.0882862882521365,-0.6701661318283809,0.08379557380341782,-0.5175003091812287,0.07085995115375313,0.004184486370465201
