,ratio,rndint,dataset,learning_rate,batchsize,epochs,loss,time,mape,r2,mape_test,r2_test,mape_interpolation,r2_interpolation
0,0.6,171.0,Grid1296,0.001,223.0,200.0,32.79921340942383,0.9698135852813721,0.05195037266254093,-0.32842730722525815,0.052471864988598384,-0.5051555055712269,0.07563637339225554,-1.903518179165018
1,0.6,171.0,Grid2401,0.001,7.0,200.0,20.17038345336914,31.757103443145752,0.019282339511990192,0.8093968046733646,0.020080900863126062,0.8265174481939636,0.059581129610182686,-1.312712907931962
2,0.6,171.0,Sobol1,0.001,401.0,200.0,63.381038665771484,1.0906214714050293,0.08934948733255564,-3.841979708846302,0.08957281678284915,-3.4334203004113286,0.07316272100608504,-2.055381005879767
3,0.6,171.0,Sobol2,0.001,5.0,200.0,6.727380275726318,41.83818817138672,0.015763796000055664,0.9814425830827084,0.01613721647391257,0.9763081212840623,0.017271058710096616,0.9595592707452402
