,ratio,rndint,dataset,learning_rate,batchsize,epochs,loss,time,mape,r2,mape_test,r2_test,mape_interpolation,r2_interpolation
0,0.65,395.0,Grid1296,0.001,5.0,200.0,18.959117889404297,29.68748426437378,0.035247680071456046,0.5466449375108349,0.03811784230566784,0.4703875707591426,0.06508461274844991,-0.1417863361934344
1,0.65,395.0,Grid2401,0.001,5.0,200.0,29.268030166625977,46.35581350326538,0.019585487461846043,0.8295549735171398,0.02027917120795705,0.833671069108277,0.05874718323892539,-0.9808045748042376
2,0.65,395.0,Sobol1,0.001,1303.0,200.0,93.3730697631836,0.5529141426086426,0.13746199722023353,-1.3938420402990777,0.139090490582418,-1.587162657669737,0.12642432652148827,-0.7937073057939317
3,0.65,395.0,Sobol2,0.001,5.0,200.0,11.092687606811523,45.29398488998413,0.01700000840637598,0.9755784807521116,0.0207842208721918,0.9737226266333858,0.017620633656452587,0.958925437391641
