,ratio,rndint,dataset,learning_rate,batchsize,epochs,loss,time,mape,r2,mape_test,r2_test,mape_interpolation,r2_interpolation
0,0.05,561.0,Grid1296,0.001,5.0,200.0,72.92012023925781,1.6411941051483154,0.047405360272279734,-0.7787100369914712,0.053077759994862646,-0.5029819442138876,0.0775900186929814,-2.155889288868303
1,0.05,561.0,Grid2401,0.001,8.0,200.0,22.555503845214844,1.8623847961425781,0.035251914114926015,0.035689512991435746,0.04535623623328145,-0.5715671788469008,0.07969528003956113,-6.821491170250317
2,0.05,561.0,Sobol1,0.001,5.0,200.0,41.426300048828125,4.0603413581848145,0.08973048333885116,-1.0104034097443342,0.08940067362668325,-1.0303810610223514,0.08037079264047302,-0.6467672452829618
3,0.05,561.0,Sobol2,0.001,5.0,200.0,49.41203689575195,3.585783004760742,0.07751537904608184,-6.091466466077326,0.09849742305083138,-8.092692528507227,0.07791410041981126,-4.516223369231318
