,ratio,rndint,dataset,learning_rate,batchsize,epochs,loss,time,mape,r2,mape_test,r2_test,mape_interpolation,r2_interpolation
0,0.9,294.0,Grid1296,0.001,251.0,200.0,36.329498291015625,1.306447982788086,0.05182587483877702,-0.35310195826286317,0.050223349236574136,-0.6321068610340523,0.07482795909619146,-1.8690930067997193
1,0.9,294.0,Grid2401,0.001,13.0,200.0,13.479768753051758,25.108351945877075,0.019359078878753804,0.830108714827978,0.023303559132670706,0.6883827708243726,0.059374180079161946,-1.2496511630012606
2,0.9,294.0,Sobol1,0.001,11.0,200.0,10.0184907913208,33.57373785972595,0.019775074886701677,0.978344635444473,0.021064935710617086,0.9738432461676855,0.021159232133302792,0.9563173244303806
3,0.9,294.0,Sobol2,0.001,5.0,200.0,4.528601169586182,62.23256754875183,0.019780132532060107,0.9739863316406708,0.026507656804775275,0.9435959069878946,0.02277969115173244,0.9461277336788733
