,ratio,rndint,dataset,learning_rate,batchsize,epochs,loss,time,mape,r2,mape_test,r2_test,mape_interpolation,r2_interpolation
0,0.5,249.0,Grid1296,0.001,6.0,200.0,47.57735061645508,19.00184154510498,0.052808687840559705,0.0031473150940715122,0.05413661844535552,-0.14273660799805232,0.0775594726204134,-1.144747273582571
1,0.5,249.0,Grid2401,0.001,881.0,200.0,70.262939453125,0.47142624855041504,0.10056206213839336,0.18787351449667422,0.09998014019431228,0.2106041909852847,0.12270438527162209,-1.0893598909605422
2,0.5,249.0,Sobol1,0.001,6.0,200.0,7.457967281341553,34.10880184173584,0.015622322242746907,0.9834521114162544,0.015434440674930118,0.982157125125591,0.01766534823234335,0.9616251394219877
3,0.5,249.0,Sobol2,0.001,5.0,200.0,9.801928520202637,34.7264928817749,0.01747911755098168,0.9756429678103066,0.019475638866765267,0.969864465889717,0.019345998054475733,0.953564112414121
