,ratio,rndint,dataset,learning_rate,batchsize,epochs,loss,time,mape,r2,mape_test,r2_test,mape_interpolation,r2_interpolation
0,0.3,35.0,Grid1296,0.001,167.0,200.0,43.345970153808594,0.6272265911102295,0.060006392282626254,-0.679048584385229,0.05788139865587414,-0.9545104008013963,0.0818560801663173,-2.6175595148544786
1,0.3,35.0,Grid2401,0.001,6.0,200.0,23.329437255859375,17.94022536277771,0.020299131983118925,0.805090103546384,0.019850997639532863,0.8287822590886991,0.05900866344933137,-1.108426618071106
2,0.3,35.0,Sobol1,0.001,601.0,200.0,98.52670288085938,0.4077460765838623,0.14610388911402408,-1.4237861519039448,0.14223380792075163,-1.247648320575104,0.13278405396302598,-0.7056081281533639
3,0.3,35.0,Sobol2,0.001,5.0,200.0,32.683876037597656,20.750733613967896,0.07329750842633183,-0.09804396339137034,0.08388146276680218,-0.3816033690430327,0.06746961717935171,0.04506316620408368
