,ratio,rndint,dataset,learning_rate,batchsize,epochs,loss,time,mape,r2,mape_test,r2_test,mape_interpolation,r2_interpolation
0,0.15,829.0,Grid1296,0.001,167.0,200.0,73.62639617919922,0.31915712356567383,0.11106807056424625,-0.22708804021800622,0.11750472211274357,-0.20008559946636462,0.14242313925971148,-0.7052920121034318
1,0.15,829.0,Grid2401,0.001,6.0,200.0,43.91910934448242,9.363849401473999,0.0488232569847729,0.3429360559144732,0.04556214987315178,0.3542544021075599,0.07441770242474868,-2.1909258372452163
2,0.15,829.0,Sobol1,0.001,5.0,200.0,52.56245040893555,12.758755683898926,0.07432086457235655,0.40399948136453057,0.06977771892060988,0.38765095736548494,0.06616705350033615,0.38923870171004804
3,0.15,829.0,Sobol2,0.001,5.0,200.0,53.67937088012695,10.82735800743103,0.08311483856881409,-1.3829649690817725,0.09414869940454831,-2.2821621073329874,0.07431281344187249,-0.8974117139467968
