,ratio,rndint,dataset,learning_rate,batchsize,epochs,loss,time,mape,r2,mape_test,r2_test,mape_interpolation,r2_interpolation
0,0.9,930.0,Grid1296,0.001,251.0,200.0,34.83509063720703,1.3117880821228027,0.05224605279545627,-0.39496590371300133,0.04717122410144942,-0.27839343166743835,0.0750922530552027,-1.8841162998974261
1,0.9,930.0,Grid2401,0.001,13.0,200.0,10.62113094329834,25.590816259384155,0.017515268274797078,0.8088110993843429,0.01769924614092067,0.8527895629456129,0.05792937904006082,-1.4295665083257623
2,0.9,930.0,Sobol1,0.001,11.0,200.0,7.630315780639648,34.341824769973755,0.014225980026154907,0.9848788428499291,0.012124666563994538,0.9881059617818598,0.0169960036583981,0.9627127482031896
3,0.9,930.0,Sobol2,0.001,5.0,200.0,8.571929931640625,63.62747883796692,0.014298580555851918,0.9833218976151387,0.009640669795631428,0.9952069068089757,0.012803675251145306,0.9714862796301513
