,ratio,rndint,dataset,learning_rate,batchsize,epochs,loss,time,mape,r2,mape_test,r2_test,mape_interpolation,r2_interpolation
0,0.4,877.0,Grid1296,0.001,223.0,200.0,49.34090042114258,0.654653787612915,0.06688353374161832,-0.6643300565320676,0.06422926594076887,-0.35371288551096436,0.09023680789755276,-1.7834171871241957
1,0.4,877.0,Grid2401,0.001,5.0,200.0,12.642443656921387,29.140328645706177,0.016158225619339085,0.8233739356375711,0.01743573409100685,0.8318159145955731,0.05721119929706109,-1.1923384867263778
2,0.4,877.0,Sobol1,0.001,401.0,200.0,66.53942108154297,0.7250025272369385,0.09418325228653973,-3.8808161144747197,0.09935961225075779,-4.743967152297941,0.07933259474869551,-2.4761554005275035
3,0.4,877.0,Sobol2,0.001,5.0,200.0,24.143451690673828,27.88437795639038,0.022170945629829783,0.9688736502070109,0.019101553866085624,0.9748583782204209,0.020864431567538512,0.9525773092742712
