,ratio,rndint,dataset,learning_rate,batchsize,epochs,loss,time,mape,r2,mape_test,r2_test,mape_interpolation,r2_interpolation
0,0.4,111.0,Grid1296,0.001,223.0,200.0,39.37913513183594,0.641953706741333,0.059040055581351,-0.9003593466621067,0.057665737448153995,-0.9548259261909524,0.08243999462765937,-2.7600638119020653
1,0.4,111.0,Grid2401,0.001,5.0,200.0,6.217455863952637,29.241962432861328,0.015899224722501947,0.835200167128713,0.018120800993571995,0.8117235515815613,0.05763372261312164,-1.3129264931971787
2,0.4,111.0,Sobol1,0.001,401.0,200.0,65.28671264648438,0.7242727279663086,0.09355115344098563,-4.6645308394055665,0.09450935338829453,-4.967476798412561,0.07644953475324204,-2.7767540761685123
3,0.4,111.0,Sobol2,0.001,5.0,200.0,15.586095809936523,28.17196536064148,0.02577873522380423,0.9560118181534296,0.029912060414753888,0.9298414772114988,0.02330957588273069,0.9345488418247215
