,ratio,rndint,dataset,learning_rate,batchsize,epochs,loss,time,mape,r2,mape_test,r2_test,mape_interpolation,r2_interpolation
0,0.7,180.0,Grid1296,0.001,11.0,200.0,41.79247283935547,14.516994714736938,0.053591663502681776,-0.4443940187209974,0.05434308317315156,-0.3652998799560283,0.07900263142033646,-1.790273917660461
1,0.7,180.0,Grid2401,0.001,617.0,200.0,32.3514518737793,0.8231179714202881,0.04386758830751779,0.2573737185890511,0.04331523400851651,0.27980093263332606,0.07882267363863761,-3.5720817434299796
2,0.7,180.0,Sobol1,0.001,23.0,200.0,57.191429138183594,12.730910539627075,0.08895554521738412,-0.830944235940557,0.08230683665855572,-0.6096834645084082,0.07670888152179833,-0.34851436803991787
3,0.7,180.0,Sobol2,0.001,29.0,200.0,43.6771240234375,11.475677251815796,0.0904221797965098,-0.7299001200488777,0.09676949958079116,-0.84610327180852,0.077300215141849,-0.1703190365675431
