,ratio,rndint,dataset,learning_rate,batchsize,epochs,loss,time,mape,r2,mape_test,r2_test,mape_interpolation,r2_interpolation
0,0.2,951.0,Grid1296,0.001,223.0,200.0,76.79891204833984,0.33152008056640625,0.1177673851195612,-0.2722586091084227,0.1103299462927652,-0.27161741354127655,0.1377456244334667,-0.8398049397390848
1,0.2,951.0,Grid2401,0.001,8.0,200.0,22.43932342529297,9.41273546218872,0.03783632805272559,0.3508230885130875,0.041838535401454095,0.2134484901497241,0.0747150072999347,-3.9138462184121856
2,0.2,951.0,Sobol1,0.001,401.0,200.0,95.44453430175781,0.37272143363952637,0.1444697368342656,-1.4435865110912132,0.14944763183365126,-1.4477079136934359,0.139561360836663,-0.8654112134525351
3,0.2,951.0,Sobol2,0.001,5.0,200.0,40.057106018066406,14.753868341445923,0.09285197718446894,-0.8780138171391407,0.09492725595217692,-0.7957830161313157,0.07969436371102603,-0.21920395800056447
