,ratio,rndint,dataset,learning_rate,batchsize,epochs,loss,time,mape,r2,mape_test,r2_test,mape_interpolation,r2_interpolation
0,0.6,928.0,Grid1296,0.001,223.0,200.0,33.86514663696289,0.973074197769165,0.04860629779794978,-0.447035638133237,0.06093965494585905,-0.9732818559658081,0.0787634345299816,-2.39976011590132
1,0.6,928.0,Grid2401,0.001,7.0,200.0,11.943150520324707,31.623746633529663,0.017863294453528147,0.8194667620716343,0.017659798738315448,0.8297952247602322,0.057573949694670674,-1.137428969555943
2,0.6,928.0,Sobol1,0.001,401.0,200.0,54.79564666748047,1.094167709350586,0.0893146245960016,-3.4305386632296795,0.0872855848253319,-3.4521584761587194,0.07274166248034772,-1.925264486913508
3,0.6,928.0,Sobol2,0.001,5.0,200.0,8.178027153015137,41.94324588775635,0.02325065570880633,0.9647546503195037,0.02314373231242802,0.9629451854986538,0.019254133109244908,0.9535533367362138
