,ratio,rndint,dataset,learning_rate,batchsize,epochs,loss,time,mape,r2,mape_test,r2_test,mape_interpolation,r2_interpolation
0,0.4,986.0,Grid1296,0.001,223.0,200.0,48.76556396484375,0.6388764381408691,0.06809049203065085,-0.6221233501322985,0.06731016359111781,-0.35890385258707513,0.092346946103398,-1.7039178858413275
1,0.4,986.0,Grid2401,0.001,5.0,200.0,5.046069145202637,28.580132722854614,0.019963956964073236,0.8352062401497505,0.021042603125143618,0.8008715033844402,0.05982969467277431,-1.1882679726496717
2,0.4,986.0,Sobol1,0.001,401.0,200.0,74.78474426269531,0.7198679447174072,0.11116939435212818,-2.570147618438441,0.10865504969194051,-2.7975227901942916,0.09331047263798008,-1.4728483724348393
3,0.4,986.0,Sobol2,0.001,5.0,200.0,59.81401824951172,27.5901939868927,0.043911636141915185,0.8345623402843981,0.04473218523009139,0.8502435430929111,0.042276049926624364,0.7892581705567165
