,ratio,rndint,dataset,learning_rate,batchsize,epochs,loss,time,mape,r2,mape_test,r2_test,mape_interpolation,r2_interpolation
0,0.25,111.0,Grid1296,0.001,9.0,200.0,44.38252258300781,6.353302001953125,0.048139209928549045,-0.333345086297377,0.053268567732315454,-0.6422550106470146,0.07418535064078476,-2.0558699621983973
1,0.25,111.0,Grid2401,0.001,5.0,200.0,17.056482315063477,18.022043704986572,0.043232526650803266,0.11804326966820222,0.04592529276361294,0.020399561784763987,0.07517755228697161,-3.6002074132279933
2,0.25,111.0,Sobol1,0.001,167.0,200.0,62.34516525268555,0.9237382411956787,0.08782280865298793,-3.2256653628753273,0.08953875276250933,-3.7234997359659916,0.07291964352293835,-2.0019872873313416
3,0.25,111.0,Sobol2,0.001,5.0,200.0,22.0426025390625,17.410162210464478,0.06052536949763353,0.5340085588298388,0.06784362765491217,0.4733354892407432,0.05881036833145326,0.4833076492287698
