,ratio,rndint,dataset,learning_rate,batchsize,epochs,loss,time,mape,r2,mape_test,r2_test,mape_interpolation,r2_interpolation
0,0.9,390.0,Grid1296,0.001,251.0,200.0,33.355220794677734,1.3106398582458496,0.051023972956106736,-0.32124035470855716,0.058638751517646005,-0.8068228688280106,0.07513947702203065,-1.8513854785921984
1,0.9,390.0,Grid2401,0.001,13.0,200.0,10.96004581451416,25.559334754943848,0.019905669901551612,0.8202550183316442,0.02136998385042978,0.772096079625614,0.06004552775909483,-1.3065722756112685
2,0.9,390.0,Sobol1,0.001,11.0,200.0,41.75405502319336,34.288007736206055,0.0761281842812972,-0.5127561187332539,0.07550189698475629,-0.48841753267123456,0.06304730443305069,0.0019190138242207722
3,0.9,390.0,Sobol2,0.001,5.0,200.0,5.5362548828125,63.55900740623474,0.012183342015813647,0.9830047219802089,0.012827806997775597,0.9783690766340398,0.01275053484526884,0.9683834652194867
