,ratio,rndint,dataset,learning_rate,batchsize,epochs,loss,time,mape,r2,mape_test,r2_test,mape_interpolation,r2_interpolation
0,0.75,111.0,Grid1296,0.001,9.0,200.0,23.64622688293457,19.289103269577026,0.03531501920844198,0.45968242774375967,0.037406592671345634,0.49305440968897307,0.059833111257711555,-0.25647376298944913
1,0.75,111.0,Grid2401,0.001,661.0,200.0,31.098190307617188,0.8306574821472168,0.04463355890975048,0.35422727872977966,0.04756797707512477,0.2547948141754115,0.08019565782459423,-3.0790543585200796
2,0.75,111.0,Sobol1,0.001,9.0,200.0,9.95965576171875,34.6851692199707,0.015426894580775537,0.9822228272127862,0.016377313006838208,0.9812432639988,0.02085637348116145,0.950383472117392
3,0.75,111.0,Sobol2,0.001,5.0,200.0,8.419336318969727,53.06232261657715,0.018672092924968322,0.9686355602375772,0.02131320976983736,0.9727991443084038,0.01571353882502641,0.9608099726477151
