,ratio,rndint,dataset,learning_rate,batchsize,epochs,loss,time,mape,r2,mape_test,r2_test,mape_interpolation,r2_interpolation
0,0.2,936.0,Grid1296,0.001,223.0,200.0,70.76463317871094,0.32132983207702637,0.10573749626763142,-0.19168334709193902,0.1104125848918609,-0.3830920021927775,0.13563302375101396,-0.9564979455086597
1,0.2,936.0,Grid2401,0.001,8.0,200.0,35.25965881347656,9.064208745956421,0.0405228296543607,0.3097993642523753,0.042772245635732876,0.23921037559784641,0.07516844951744325,-3.5609869913413528
2,0.2,936.0,Sobol1,0.001,401.0,200.0,95.83103942871094,0.36335182189941406,0.14501302997344326,-1.53204583065944,0.15283136896382035,-1.5730177826745133,0.14229591165955097,-0.9614300759090062
3,0.2,936.0,Sobol2,0.001,5.0,200.0,46.128684997558594,13.969178676605225,0.10087573149187265,-0.6143559530368992,0.0903520956938387,-0.381205352970891,0.07829564443319986,0.037805779461019595
