,ratio,rndint,dataset,learning_rate,batchsize,epochs,loss,time,mape,r2,mape_test,r2_test,mape_interpolation,r2_interpolation
0,0.6,147.0,Grid1296,0.001,223.0,200.0,36.811546325683594,0.9659855365753174,0.05169576172133727,-0.37877617423763454,0.05401583439139999,-0.5264360496842098,0.07643087671297526,-1.9924541619310254
1,0.6,147.0,Grid2401,0.001,7.0,200.0,9.920296669006348,32.17757439613342,0.020459434417261346,0.7876192027187958,0.018622667305952918,0.8627163764026919,0.05992537712894724,-1.2602041980942102
2,0.6,147.0,Sobol1,0.001,401.0,200.0,67.84251403808594,1.0855846405029297,0.09019249099071154,-3.279360700138329,0.08719124148569478,-3.075509210909198,0.07307078447494153,-1.7529551059443866
3,0.6,147.0,Sobol2,0.001,5.0,200.0,12.049267768859863,42.61700940132141,0.019408263418966357,0.9722361194651817,0.021261629432805185,0.960798443539701,0.022408759986694865,0.9428176597411809
