,ratio,rndint,dataset,learning_rate,batchsize,epochs,loss,time,mape,r2,mape_test,r2_test,mape_interpolation,r2_interpolation
0,0.6,721.0,Grid1296,0.001,223.0,200.0,39.5458869934082,0.9701428413391113,0.052695410587139516,-0.5209356996994448,0.052851747955013455,-0.5625680450724708,0.07722778612220711,-2.183473436422011
1,0.6,721.0,Grid2401,0.001,7.0,200.0,10.225882530212402,31.939692735671997,0.018128271550592916,0.833229839820643,0.019091987294752803,0.7742118805050321,0.058467256571895304,-1.3999034514462245
2,0.6,721.0,Sobol1,0.001,401.0,200.0,53.470977783203125,1.0942013263702393,0.08813606605568444,-3.3590463820929495,0.08932425536384603,-3.516235706902034,0.07270869553545953,-1.9004684623209886
3,0.6,721.0,Sobol2,0.001,5.0,200.0,14.126897811889648,42.098644495010376,0.01653328988106032,0.9740705887841941,0.01714492065069067,0.9734762749642153,0.016761793734794004,0.9592176626247917
