,ratio,rndint,dataset,learning_rate,batchsize,epochs,loss,time,mape,r2,mape_test,r2_test,mape_interpolation,r2_interpolation
0,0.9,48.0,Grid1296,0.001,251.0,200.0,33.55118179321289,1.3013250827789307,0.051815093537257724,-0.38285133309438923,0.052276221252023344,-0.2842733430568638,0.07534716515594797,-1.8598791139061643
1,0.9,48.0,Grid2401,0.001,13.0,200.0,15.238398551940918,24.890485763549805,0.01673983489890897,0.8299777857906607,0.01900976318248996,0.7384126553209784,0.05744774976264335,-1.2009755848133423
2,0.9,48.0,Sobol1,0.001,11.0,200.0,7.975056171417236,33.44614577293396,0.011383019390988909,0.9884146948817623,0.011631244885910181,0.9886288606463896,0.016493686620675775,0.9622553564069534
3,0.9,48.0,Sobol2,0.001,5.0,200.0,18.602649688720703,62.01547050476074,0.01708068583630266,0.9741713472036597,0.02121984107189888,0.9682460802545562,0.019652041398318998,0.9513830965123359
