,ratio,rndint,dataset,learning_rate,batchsize,epochs,loss,time,mape,r2,mape_test,r2_test,mape_interpolation,r2_interpolation
0,0.3,877.0,Grid1296,0.001,167.0,200.0,51.24654006958008,0.6330649852752686,0.06853205690747083,-1.237926512032916,0.06508338980356182,-0.614030951977651,0.09183813459452139,-2.337058390773311
1,0.3,877.0,Grid2401,0.001,6.0,200.0,12.497843742370605,18.654690504074097,0.01695892192861391,0.8224017322097132,0.019120136780486057,0.8055638770767306,0.05872942120274925,-1.3392333350065089
2,0.3,877.0,Sobol1,0.001,601.0,200.0,98.1983642578125,0.4162616729736328,0.1500281243092545,-1.0570975624187167,0.15235269927923561,-1.5264539908320969,0.1429953135514765,-0.8197724263648525
3,0.3,877.0,Sobol2,0.001,5.0,200.0,20.008525848388672,21.346271514892578,0.04711072675300691,0.8391691215385625,0.04712728135752165,0.8441342831864024,0.043789518008518755,0.798014359507842
