,ratio,rndint,dataset,learning_rate,batchsize,epochs,loss,time,mape,r2,mape_test,r2_test,mape_interpolation,r2_interpolation
0,0.85,854.0,Grid1296,0.001,6.0,200.0,11.43995189666748,32.268364667892456,0.03207826803361774,0.5954986811933178,0.03779746049371213,0.4227845297851609,0.05689391804568005,-0.05125554935374543
1,0.85,854.0,Grid2401,0.001,7.0,200.0,6.129141807556152,44.53284692764282,0.01727569975271993,0.822618730108013,0.01658415905721302,0.804483870843286,0.05843543862192756,-1.3802955327201918
2,0.85,854.0,Sobol1,0.001,6.0,200.0,4.266774654388428,57.92505431175232,0.014927874207196525,0.9843900624702336,0.014843937487960422,0.9812018623805255,0.019392242984170274,0.9579641384652058
3,0.85,854.0,Sobol2,0.001,19.0,200.0,30.146738052368164,15.72246265411377,0.08451506015891048,-0.5532154128645388,0.08566147300691726,-0.5644439539342943,0.0679914450327383,0.06899140858717467
