,ratio,rndint,dataset,learning_rate,batchsize,epochs,loss,time,mape,r2,mape_test,r2_test,mape_interpolation,r2_interpolation
0,0.55,829.0,Grid1296,0.001,613.0,200.0,64.01699829101562,0.40685129165649414,0.09269725345197108,-0.5423899190281714,0.09007476298187027,-0.2754716449766226,0.11697674914815986,-1.2175152161317775
1,0.55,829.0,Grid2401,0.001,17.0,200.0,17.099563598632812,11.814354419708252,0.0187189252131112,0.8110489259033802,0.018950652651397348,0.8243978132332471,0.059327634262208814,-1.3522819884936141
2,0.55,829.0,Sobol1,0.001,19.0,200.0,38.30074691772461,12.067405462265015,0.061360230987492465,0.6670406319011037,0.05772366382590365,0.6612979794999236,0.057309555540669174,0.6342666732883628
3,0.55,829.0,Sobol2,0.001,5.0,200.0,20.083593368530273,38.394556522369385,0.020246508366488395,0.9698634292616071,0.023817846350763828,0.9583387414424727,0.0216964353136318,0.9466006111478189
