,ratio,rndint,dataset,learning_rate,batchsize,epochs,loss,time,mape,r2,mape_test,r2_test,mape_interpolation,r2_interpolation
0,0.3,791.0,Grid1296,0.001,167.0,200.0,44.077301025390625,0.6398303508758545,0.06319799338405879,-0.24334426417569444,0.06608171021699495,-0.6011572839246406,0.08888149928604862,-1.7630493806808234
1,0.3,791.0,Grid2401,0.001,6.0,200.0,7.320119380950928,18.317861318588257,0.019942653934010544,0.7648625720725013,0.01878860826202959,0.8341372924740239,0.05866716042059185,-1.2873927547594075
2,0.3,791.0,Sobol1,0.001,601.0,200.0,101.50818634033203,0.4174635410308838,0.15427035970418781,-1.3415091268610837,0.15419585564044797,-1.2179830368334885,0.14622488725918362,-0.7415133998280099
3,0.3,791.0,Sobol2,0.001,5.0,200.0,38.29915237426758,20.91860580444336,0.043225820762555676,0.8500034734022359,0.0461156306591467,0.7937697068966232,0.03703418239390843,0.8448750713650173
