,ratio,rndint,dataset,learning_rate,batchsize,epochs,loss,time,mape,r2,mape_test,r2_test,mape_interpolation,r2_interpolation
0,0.85,936.0,Grid1296,0.001,6.0,200.0,6.632833003997803,32.671934843063354,0.01579775368573879,0.9041463625642089,0.015630846079031657,0.8981400810463546,0.04067937706512388,0.6857342019093575
1,0.85,936.0,Grid2401,0.001,7.0,200.0,12.595284461975098,45.09810757637024,0.014155389446697291,0.8735591424826527,0.01584922258344625,0.7699920216035475,0.05139140910788003,-0.685834207198428
2,0.85,936.0,Sobol1,0.001,6.0,200.0,2.942784547805786,58.74815654754639,0.011192820612860192,0.9914611206024154,0.011351673288055215,0.9930255888170806,0.017170943782703396,0.9639157333114673
3,0.85,936.0,Sobol2,0.001,19.0,200.0,14.418158531188965,15.938221454620361,0.021615315034441304,0.9689087725811556,0.021240072696504787,0.9638543170520806,0.023213501251299937,0.9445584093550279
