,ratio,rndint,dataset,learning_rate,batchsize,epochs,loss,time,mape,r2,mape_test,r2_test,mape_interpolation,r2_interpolation
0,0.65,561.0,Grid1296,0.001,5.0,200.0,43.62950897216797,29.486652612686157,0.024584626850294663,0.7682817063809614,0.021989167326463804,0.8134800208457351,0.051168790521354604,0.3454858523776436
1,0.65,561.0,Grid2401,0.001,5.0,200.0,7.03533935546875,47.07965111732483,0.013621089231749439,0.856274078836997,0.0151330836033621,0.8118624987651867,0.054801460281400594,-1.1462566403367735
2,0.65,561.0,Sobol1,0.001,1303.0,200.0,101.58255004882812,0.5514459609985352,0.1535229686078889,-1.246679976928681,0.15563167721251417,-1.0944573021249937,0.14563072594331988,-0.6775949809574879
3,0.65,561.0,Sobol2,0.001,5.0,200.0,6.657904148101807,45.00849413871765,0.01972913048812462,0.9742972718337507,0.018803110195930117,0.9675933281720516,0.017334160718061348,0.9583611651247762
