,ratio,rndint,dataset,learning_rate,batchsize,epochs,loss,time,mape,r2,mape_test,r2_test,mape_interpolation,r2_interpolation
0,0.45,530.0,Grid1296,0.001,251.0,200.0,43.36114501953125,0.6594705581665039,0.06786952060045277,-0.5257142929131384,0.06794330445876455,-0.6534638966394906,0.09255392165874658,-1.9426474740240072
1,0.45,530.0,Grid2401,0.001,13.0,200.0,39.48755645751953,12.73809003829956,0.04211618286006033,0.4190882184005825,0.04325728376725537,0.37358113029053064,0.07596864125032116,-2.9401599620157315
2,0.45,530.0,Sobol1,0.001,11.0,200.0,45.796024322509766,17.059409856796265,0.08307380879757804,-0.2240744717455696,0.0801081877537458,-0.16069900645761637,0.07015551968293778,0.14422463022470544
3,0.45,530.0,Sobol2,0.001,191.0,200.0,57.03639221191406,1.2717857360839844,0.09583022925150306,-3.0715895535235767,0.09155161218596156,-2.1226488411152045,0.07467890025771597,-1.1115876829173437
