,ratio,rndint,dataset,learning_rate,batchsize,epochs,loss,time,mape,r2,mape_test,r2_test,mape_interpolation,r2_interpolation
0,0.65,936.0,Grid1296,0.001,5.0,200.0,16.955591201782227,30.022162914276123,0.034025177934925786,0.5758036708088374,0.037626202896746105,0.366022210179231,0.06269662265446745,-0.19320872232591024
1,0.65,936.0,Grid2401,0.001,5.0,200.0,22.460058212280273,47.424360513687134,0.0174912095366226,0.8357755411173791,0.01850052348585762,0.8135464485004358,0.05550886953755218,-1.1031997107549936
2,0.65,936.0,Sobol1,0.001,1303.0,200.0,95.9864730834961,0.5531713962554932,0.14395124639203108,-1.5617203784359104,0.14446261205722458,-1.86726618532383,0.1339658408786259,-0.9917530851967493
3,0.65,936.0,Sobol2,0.001,5.0,200.0,7.438611030578613,45.74056959152222,0.020631314913826724,0.9729679548579437,0.022460030554659272,0.9701652265615236,0.017008926742182087,0.9644735686940432
