,ratio,rndint,dataset,learning_rate,batchsize,epochs,loss,time,mape,r2,mape_test,r2_test,mape_interpolation,r2_interpolation
0,0.75,593.0,Grid1296,0.001,9.0,200.0,40.53440475463867,18.795589685440063,0.037259878943006405,0.4321271242521595,0.04343986412709483,0.3024825956735183,0.06463749688429987,-0.44871008255622424
1,0.75,593.0,Grid2401,0.001,661.0,200.0,32.6501579284668,0.8414108753204346,0.0439772233407421,0.35940158653432275,0.045716859794725236,0.2711370503355488,0.07950836527507439,-3.1099076461270885
2,0.75,593.0,Sobol1,0.001,9.0,200.0,12.62723159790039,33.738502740859985,0.01563955021045639,0.981888542384051,0.016267195768587022,0.9806145839565593,0.019419936608813276,0.9567392601433139
3,0.75,593.0,Sobol2,0.001,5.0,200.0,12.408801078796387,51.46630597114563,0.020982017347683988,0.9685560139222925,0.021562398620478405,0.9743479685419403,0.024069669843558045,0.9426284447142402
