,ratio,rndint,dataset,learning_rate,batchsize,epochs,loss,time,mape,r2,mape_test,r2_test,mape_interpolation,r2_interpolation
0,0.75,490.0,Grid1296,0.001,9.0,200.0,60.22938919067383,19.306200742721558,0.05024991054298315,0.012036686466403324,0.05112160481377974,-0.0682506506747218,0.07039293236768754,-1.077911069836306
1,0.75,490.0,Grid2401,0.001,661.0,200.0,35.59707260131836,0.8296732902526855,0.04971218285491285,0.32748811239742737,0.048627593733088594,0.33849565527370284,0.08451177239939696,-2.94622899641518
2,0.75,490.0,Sobol1,0.001,9.0,200.0,9.267327308654785,33.890453815460205,0.016528186751607405,0.979020193062312,0.015049114125556885,0.9857683417930068,0.01850616522586895,0.956437335189861
3,0.75,490.0,Sobol2,0.001,5.0,200.0,4.224560737609863,52.07123565673828,0.014380656750465836,0.9782265677915729,0.016224029991664772,0.9728728114431451,0.01680124055369053,0.957606383093422
