,ratio,rndint,dataset,learning_rate,batchsize,epochs,loss,time,mape,r2,mape_test,r2_test,mape_interpolation,r2_interpolation
0,0.7,669.0,Grid1296,0.001,11.0,200.0,15.726428985595703,14.76879072189331,0.038867645348456686,0.3510218536325459,0.03937222147273887,0.32537665975014085,0.06678956438311068,-0.5171275560277506
1,0.7,669.0,Grid2401,0.001,617.0,200.0,36.33034133911133,0.8141007423400879,0.05180772200982573,0.40968914964107994,0.05574621364541658,0.3715323901359856,0.08732230397235408,-2.3511951474964783
2,0.7,669.0,Sobol1,0.001,23.0,200.0,10.04783821105957,13.115022659301758,0.016289854970126222,0.9795011785467491,0.0169479889250457,0.9760472670039291,0.018470146008246417,0.9571004304244753
3,0.7,669.0,Sobol2,0.001,29.0,200.0,68.05152130126953,11.368242979049683,0.09219989963647274,-1.2144331795402619,0.092735237420604,-1.3425496674824657,0.07644650709288282,-0.459934445024623
