,ratio,rndint,dataset,learning_rate,batchsize,epochs,loss,time,mape,r2,mape_test,r2_test,mape_interpolation,r2_interpolation
0,0.15,582.0,Grid1296,0.001,167.0,200.0,71.66676330566406,0.3244633674621582,0.10922802945332243,-0.46296490610463237,0.11006684414426074,-0.32551358162778765,0.13600170826982458,-0.950884175669237
1,0.15,582.0,Grid2401,0.001,6.0,200.0,29.43526268005371,9.374996662139893,0.039909206872805005,0.34980025127354875,0.04258262872702186,0.2781466232681581,0.07404409962927752,-3.2686852226913024
2,0.15,582.0,Sobol1,0.001,5.0,200.0,88.12339782714844,12.726160049438477,0.08176067608518009,-0.4544902023086057,0.08113323024419182,-0.2122415614189892,0.07198831253878021,0.010043806616124251
3,0.15,582.0,Sobol2,0.001,5.0,200.0,28.840282440185547,10.798482656478882,0.09099758253934098,-0.961272211877158,0.09339030097446105,-1.0081628639095084,0.07755716823381738,-0.3198841652416009
