,ratio,rndint,dataset,learning_rate,batchsize,epochs,loss,time,mape,r2,mape_test,r2_test,mape_interpolation,r2_interpolation
0,0.05,294.0,Grid1296,0.001,5.0,200.0,30.670116424560547,2.3358633518218994,0.05300021535733447,0.1113214524960493,0.05815034649180366,-0.020107038343503802,0.08399886461486583,-1.1357960733129127
1,0.05,294.0,Grid2401,0.001,8.0,200.0,21.060401916503906,2.3434574604034424,0.0323548945569391,-0.0335344838314553,0.0449092444557721,-0.2643076307517218,0.07749449294480754,-5.266624794548315
2,0.05,294.0,Sobol1,0.001,5.0,200.0,58.069580078125,4.242776870727539,0.0864299188670568,-0.6419323605128968,0.08888759637775481,-0.6103496389660805,0.07884754098520923,-0.23467078780913142
3,0.05,294.0,Sobol2,0.001,5.0,200.0,19.224950790405273,3.6089749336242676,0.09238020316108995,-1.2727617171050718,0.09686801801289127,-1.4261048331547879,0.07748420786325197,-0.41081847064662647
