,ratio,rndint,dataset,learning_rate,batchsize,epochs,loss,time,mape,r2,mape_test,r2_test,mape_interpolation,r2_interpolation
0,0.8,249.0,Grid1296,0.001,223.0,200.0,33.05207061767578,1.3044588565826416,0.05088450030484792,-0.287806243818161,0.05508310263282138,-0.859027552647637,0.07514948979529124,-1.9032853596886836
1,0.8,249.0,Grid2401,0.001,5.0,200.0,27.905323028564453,57.561405181884766,0.01744827257928063,0.8150786077098713,0.018343591730381425,0.8282779794936854,0.059161059864575226,-1.3665365130794438
2,0.8,249.0,Sobol1,0.001,401.0,200.0,59.37857437133789,1.4651780128479004,0.08645907102716739,-2.3488606817868365,0.08893716667665245,-2.9546083981293747,0.07279447787894877,-1.3600839688956148
3,0.8,249.0,Sobol2,0.001,5.0,200.0,20.755285263061523,55.64505076408386,0.035164279211570566,0.9007539072260228,0.03516585199973035,0.9154099913063378,0.03162699863685506,0.8747675910572998
