,ratio,rndint,dataset,learning_rate,batchsize,epochs,loss,time,mape,r2,mape_test,r2_test,mape_interpolation,r2_interpolation
0,0.25,669.0,Grid1296,0.001,9.0,200.0,17.49179458618164,6.956342458724976,0.05375243042853984,-0.7194852114483101,0.059063887514499175,-0.6337158677879662,0.08539218501310097,-2.082499385263135
1,0.25,669.0,Grid2401,0.001,5.0,200.0,26.01690673828125,18.78025221824646,0.02906422711170904,0.7742991735150714,0.029215591393080463,0.7627213603315998,0.06577186740002422,-1.527874503176871
2,0.25,669.0,Sobol1,0.001,167.0,200.0,55.041038513183594,0.9594948291778564,0.09264005741135484,-3.5839452376377903,0.08761090614076626,-3.334609030240121,0.07273119241194355,-1.8664998098898846
3,0.25,669.0,Sobol2,0.001,5.0,200.0,73.22201538085938,18.123889684677124,0.0887617062446317,-1.4709660780753913,0.0930641322837624,-1.503045983640376,0.0748880579374388,-0.5479430895414608
