,ratio,rndint,dataset,learning_rate,batchsize,epochs,loss,time,mape,r2,mape_test,r2_test,mape_interpolation,r2_interpolation
0,0.35,395.0,Grid1296,0.001,5.0,200.0,10.532079696655273,15.8334321975708,0.04828699142401889,-0.3031810383574327,0.05596663212764451,-0.6508142498197873,0.07816659988828274,-2.031353987197738
1,0.35,395.0,Grid2401,0.001,617.0,200.0,74.96017456054688,0.406846284866333,0.11067901328291053,0.2406885804270701,0.11493189290514975,0.18801579847043504,0.13088287830194956,-0.7869087340509897
2,0.35,395.0,Sobol1,0.001,701.0,200.0,96.11125946044922,0.4258842468261719,0.14578857209027385,-2.048557186989154,0.14526249790443124,-1.9153787961647222,0.1353796089561198,-1.2341258576106657
3,0.35,395.0,Sobol2,0.001,5.0,200.0,47.03763961791992,24.10643744468689,0.05330489002833851,0.7392649493661061,0.05392472578789488,0.7113377229386519,0.04795909784081297,0.6947179573997615
