,ratio,rndint,dataset,learning_rate,batchsize,epochs,loss,time,mape,r2,mape_test,r2_test,mape_interpolation,r2_interpolation
0,0.95,297.0,Grid1296,0.001,5.0,200.0,71.95706176757812,42.765262842178345,0.05433663331823487,-0.26202351948235036,0.0639563135387969,-0.47291716260340744,0.08085955823138148,-1.5057953558858626
1,0.95,297.0,Grid2401,0.001,6.0,200.0,6.690399169921875,56.92305636405945,0.01402816745614557,0.8529547934666948,0.013201719443329808,0.962633746932214,0.05127906421310775,-0.7086991963649476
2,0.95,297.0,Sobol1,0.001,7.0,200.0,8.317326545715332,56.22717809677124,0.013299246805017017,0.9856687923807137,0.014914260151735718,0.9878889531550071,0.018301933612122404,0.957907505878805
3,0.95,297.0,Sobol2,0.001,6.0,200.0,15.70173168182373,54.69700527191162,0.018952576300020226,0.9770571421149067,0.017535375762091524,0.9819300946391242,0.02023269640644509,0.9568266959081846
