,ratio,rndint,dataset,learning_rate,batchsize,epochs,loss,time,mape,r2,mape_test,r2_test,mape_interpolation,r2_interpolation
0,0.65,951.0,Grid1296,0.001,5.0,200.0,49.590606689453125,30.10263752937317,0.03660919838305445,0.4564387317259272,0.03831942674058638,0.42288709760363485,0.05898196217536131,-0.31994300830662437
1,0.65,951.0,Grid2401,0.001,5.0,200.0,10.657116889953613,47.438368797302246,0.018278722210963546,0.8578652035340841,0.021634127575470813,0.761624077375814,0.05951797478873741,-1.233942550274826
2,0.65,951.0,Sobol1,0.001,1303.0,200.0,97.3708724975586,0.553307294845581,0.14402768625571574,-1.475612776419045,0.1503956727234198,-1.6661581770058143,0.13565369943872094,-0.8922905796721348
3,0.65,951.0,Sobol2,0.001,5.0,200.0,4.131494045257568,45.81542754173279,0.01612376123765522,0.9773441406232629,0.014091387853945257,0.984214837474856,0.01682726015286749,0.9600561429896087
