,ratio,rndint,dataset,learning_rate,batchsize,epochs,loss,time,mape,r2,mape_test,r2_test,mape_interpolation,r2_interpolation
0,0.65,877.0,Grid1296,0.001,5.0,200.0,18.559276580810547,29.476115703582764,0.02405871266759416,0.7200946416457716,0.020144467979905874,0.8107851432639211,0.04978758239305894,0.2829282977977723
1,0.65,877.0,Grid2401,0.001,5.0,200.0,13.267163276672363,46.4290189743042,0.016525940624099837,0.8193408385587528,0.018767070030651027,0.8159780614340915,0.05741586245384028,-1.2615350278491255
2,0.65,877.0,Sobol1,0.001,1303.0,200.0,92.25759887695312,0.5531959533691406,0.13381315581627118,-1.902041459707891,0.13393331486474197,-2.2499501874721908,0.12067365768466519,-1.1510034428120473
3,0.65,877.0,Sobol2,0.001,5.0,200.0,24.245769500732422,44.88533544540405,0.02204566539015698,0.9662334364984543,0.020218436261003104,0.9720881148570997,0.024009639859185597,0.941345336074817
