,ratio,rndint,dataset,learning_rate,batchsize,epochs,loss,time,mape,r2,mape_test,r2_test,mape_interpolation,r2_interpolation
0,0.1,562.0,Grid1296,0.001,37.0,200.0,32.29334259033203,0.856787919998169,0.05681448977616013,-0.6052088268879339,0.05172868969058739,-0.535425016183877,0.07508650753163312,-2.193000171223765
1,0.1,562.0,Grid2401,0.001,8.0,200.0,29.361717224121094,4.718660593032837,0.03640998407200871,0.4989357021329177,0.039012756869316025,0.49270380443476935,0.0749303291125155,-3.0416732259914374
2,0.1,562.0,Sobol1,0.001,5.0,200.0,43.5920524597168,8.525789499282837,0.081889479220529,-0.7876594521899862,0.08803033823144232,-1.3179308293928376,0.07640617106325708,-0.694432452983407
3,0.1,562.0,Sobol2,0.001,5.0,200.0,39.477577209472656,7.232992887496948,0.09627916688741404,-0.2686009414803634,0.0957475249658141,-0.19694000617452612,0.08340567712176088,0.11611715371421127
