,ratio,rndint,dataset,learning_rate,batchsize,epochs,loss,time,mape,r2,mape_test,r2_test,mape_interpolation,r2_interpolation
0,0.55,48.0,Grid1296,0.001,613.0,200.0,68.68141174316406,0.40631961822509766,0.10050274894313495,-0.4979900709553813,0.10083751131713785,-0.4549292198831967,0.12648400130048326,-1.2136532543067315
1,0.55,48.0,Grid2401,0.001,17.0,200.0,38.752532958984375,11.68048357963562,0.04291578077874755,0.2564587210477869,0.04380967785695854,0.18416557868931505,0.07778439626046509,-4.02895310920775
2,0.55,48.0,Sobol1,0.001,19.0,200.0,46.326229095458984,11.961359024047852,0.08463949220001168,-1.3898752970971198,0.0873856197008747,-1.2778996399533304,0.07430106287374702,-0.7139190393784076
3,0.55,48.0,Sobol2,0.001,5.0,200.0,16.282262802124023,37.86969614028931,0.02124728811961973,0.9683887771033063,0.022158554799389062,0.972216480180721,0.023465373057702646,0.9438245286839785
