,ratio,rndint,dataset,learning_rate,batchsize,epochs,loss,time,mape,r2,mape_test,r2_test,mape_interpolation,r2_interpolation
0,0.8,222.0,Grid1296,0.001,223.0,200.0,38.88951110839844,1.2864346504211426,0.05266868411949467,-0.5324036266111751,0.048084036719376985,-0.11349916477310229,0.07513780021310258,-1.99013485074483
1,0.8,222.0,Grid2401,0.001,5.0,200.0,11.14031982421875,57.49705934524536,0.020117075950239347,0.8050389512536986,0.020190814270669953,0.7825239965886411,0.059533576304204,-1.3134406699530614
2,0.8,222.0,Sobol1,0.001,401.0,200.0,57.288124084472656,1.4436442852020264,0.08861896615479718,-2.5989272784072686,0.08006935421722224,-1.2621296728787135,0.07318711712998238,-1.2729237847782322
3,0.8,222.0,Sobol2,0.001,5.0,200.0,12.193707466125488,55.37946105003357,0.01565821345253226,0.9758689938835634,0.012214817987919159,0.9894562067113376,0.01679527901177408,0.9602019596341355
