,ratio,rndint,dataset,learning_rate,batchsize,epochs,loss,time,mape,r2,mape_test,r2_test,mape_interpolation,r2_interpolation
0,0.3,936.0,Grid1296,0.001,167.0,200.0,39.1658821105957,0.6171543598175049,0.05751836925192879,-0.6527884705116258,0.060248646692550194,-0.6531160267064307,0.08385518757844908,-2.2289773521360954
1,0.3,936.0,Grid2401,0.001,6.0,200.0,26.570037841796875,17.98463487625122,0.022539011025284484,0.7698076751564443,0.023586334950529603,0.7831337968059499,0.06248056892826288,-1.5067101946110082
2,0.3,936.0,Sobol1,0.001,601.0,200.0,91.41117095947266,0.4033782482147217,0.13682069232489066,-1.611409786763577,0.1422502129154487,-1.8735253583017317,0.1295121153467826,-1.06452044819414
3,0.3,936.0,Sobol2,0.001,5.0,200.0,12.12713623046875,21.037023305892944,0.022037319652388164,0.9735027895831542,0.023389264427433727,0.9645630813705509,0.019937412497894037,0.956851823892203
