,ratio,rndint,dataset,learning_rate,batchsize,epochs,loss,time,mape,r2,mape_test,r2_test,mape_interpolation,r2_interpolation
0,0.8,731.0,Grid1296,0.001,223.0,200.0,37.75697326660156,1.3035039901733398,0.05261396332629869,-0.43960591591346354,0.048148987126641764,-0.4861843914654318,0.07462421584457307,-1.975216156777401
1,0.8,731.0,Grid2401,0.001,5.0,200.0,9.116686820983887,57.63357400894165,0.01395845830195166,0.8701292823319915,0.015021324497612487,0.7921600504665361,0.04994409730054655,-0.6330014047568775
2,0.8,731.0,Sobol1,0.001,401.0,200.0,51.047767639160156,1.4639208316802979,0.08636346289284885,-2.2391353330493526,0.08779647943527048,-1.9358501465125313,0.07314741152011651,-1.2021931596872024
3,0.8,731.0,Sobol2,0.001,5.0,200.0,6.867468357086182,55.56641507148743,0.018076373916091317,0.9749951291428078,0.016611218657908957,0.9759851379452649,0.019416399771010975,0.9538093199456247
