,ratio,rndint,dataset,learning_rate,batchsize,epochs,loss,time,mape,r2,mape_test,r2_test,mape_interpolation,r2_interpolation
0,0.95,561.0,Grid1296,0.001,5.0,200.0,66.00202941894531,43.28610682487488,0.051182978426095,-0.2183487916586504,0.040488326711680664,0.5754973500404044,0.07172096660052518,-1.423440315619382
1,0.95,561.0,Grid2401,0.001,6.0,200.0,8.202606201171875,57.1279833316803,0.015604209420607208,0.8305537877494539,0.016666599113504845,0.6141521833133315,0.05741828428822908,-1.323254482997449
2,0.95,561.0,Sobol1,0.001,7.0,200.0,3.592315673828125,56.74068903923035,0.010338422269942494,0.990616779118069,0.010031926764852511,0.9925834572120534,0.01545929053071749,0.9648515455692648
3,0.95,561.0,Sobol2,0.001,6.0,200.0,5.61535120010376,55.090224742889404,0.016223388284801063,0.9789662558495971,0.015310789533576029,0.9767530872531507,0.015041093254051525,0.9642103052112458
