,ratio,rndint,dataset,learning_rate,batchsize,epochs,loss,time,mape,r2,mape_test,r2_test,mape_interpolation,r2_interpolation
0,0.55,930.0,Grid1296,0.001,613.0,200.0,71.79380798339844,0.408144474029541,0.10630795369665594,-0.32907763529095413,0.10470244794089317,-0.20486634646624924,0.13094686358190707,-0.8598567811112487
1,0.55,930.0,Grid2401,0.001,17.0,200.0,26.84078025817871,11.99714207649231,0.03537876941430919,0.49446855161777914,0.039310078614351034,0.3640594731937329,0.06993495135762852,-2.867689343217367
2,0.55,930.0,Sobol1,0.001,19.0,200.0,52.120262145996094,12.25057077407837,0.08766976127624787,-0.6952802867323,0.08372504962562508,-0.42717962106208973,0.07588791193260006,-0.19174153623889145
3,0.55,930.0,Sobol2,0.001,5.0,200.0,9.0869140625,38.85385727882385,0.02186937955192557,0.9672848894346706,0.02081051034008364,0.974260000348325,0.023181435896619303,0.9444368735548335
