,ratio,rndint,dataset,learning_rate,batchsize,epochs,loss,time,mape,r2,mape_test,r2_test,mape_interpolation,r2_interpolation
0,0.15,634.0,Grid1296,0.001,167.0,200.0,82.88198852539062,0.3221757411956787,0.1302690435133135,-0.5439558912221123,0.13095047427248196,-0.25826276449668617,0.1567179123828853,-0.743518163295759
1,0.15,634.0,Grid2401,0.001,6.0,200.0,31.49631690979004,9.236595392227173,0.03370789838484036,0.6951896714628192,0.035351248640186746,0.6321438302850784,0.0690856402146143,-1.9061429652773056
2,0.15,634.0,Sobol1,0.001,5.0,200.0,43.2499885559082,12.59063458442688,0.08246306863290083,-1.3943993200216234,0.08835253353871901,-1.3231553226554267,0.07565406786277384,-0.7000163982136802
3,0.15,634.0,Sobol2,0.001,5.0,200.0,62.936363220214844,10.719090461730957,0.07901071745120182,-0.36010325951460365,0.08386983293745558,-0.38076208420514224,0.07030349092948772,-0.02697975733469904
