,ratio,rndint,dataset,learning_rate,batchsize,epochs,loss,time,mape,r2,mape_test,r2_test,mape_interpolation,r2_interpolation
0,0.3,16.0,Grid1296,0.001,167.0,200.0,42.94350051879883,0.6143248081207275,0.065601228789544,-1.191965702881149,0.06122724572642682,-0.9312110417426596,0.08553307968952724,-2.7824692113422684
1,0.3,16.0,Grid2401,0.001,6.0,200.0,9.139912605285645,17.89665150642395,0.01927497416833933,0.8380566401965279,0.01999114910016735,0.7810123863805604,0.05937207584930448,-1.4875793057424134
2,0.3,16.0,Sobol1,0.001,601.0,200.0,102.8331527709961,0.4016292095184326,0.15746680761314436,-1.0892551189267303,0.15660946290375077,-1.052715554120701,0.14947036265861305,-0.6072539116300788
3,0.3,16.0,Sobol2,0.001,5.0,200.0,23.7037353515625,20.70550799369812,0.03980063041732532,0.7946623477015531,0.03925599864299774,0.7941021826753069,0.03144791264080263,0.8403167707876508
