,ratio,rndint,dataset,learning_rate,batchsize,epochs,loss,time,mape,r2,mape_test,r2_test,mape_interpolation,r2_interpolation
0,0.4,711.0,Grid1296,0.001,223.0,200.0,37.17470932006836,0.6480982303619385,0.05792499881349454,-1.2341088607815132,0.05760174064873793,-1.1111743439745938,0.08156115153889026,-3.169687326767999
1,0.4,711.0,Grid2401,0.001,5.0,200.0,6.818603515625,29.076422929763794,0.01869646418994415,0.7881784145340849,0.018200265801875167,0.841621860809181,0.058456404500826405,-1.31830137065118
2,0.4,711.0,Sobol1,0.001,401.0,200.0,74.36048889160156,0.7301876544952393,0.10605489816291526,-3.0042999816947233,0.1047178485424243,-2.487466243605868,0.08907526597288895,-1.444770326653443
3,0.4,711.0,Sobol2,0.001,5.0,200.0,42.812782287597656,28.078559637069702,0.08226376128749568,-0.6321106637887908,0.08707633049359166,-0.7785873882752099,0.06513176826684482,0.06452828887441864
