,ratio,rndint,dataset,learning_rate,batchsize,epochs,loss,time,mape,r2,mape_test,r2_test,mape_interpolation,r2_interpolation
0,0.7,678.0,Grid1296,0.001,11.0,200.0,36.92660140991211,14.819236278533936,0.05445193852626703,-0.18334190958240715,0.05161499969345383,0.0687487240045569,0.0724428542080989,-1.2213261446544275
1,0.7,678.0,Grid2401,0.001,617.0,200.0,30.81905174255371,0.8158142566680908,0.044567533206631336,0.2653662609582875,0.0452027139931723,0.208293054508619,0.0807491440588408,-3.6142078947527922
2,0.7,678.0,Sobol1,0.001,23.0,200.0,56.780982971191406,12.922048330307007,0.07502192359152951,-0.5102574385937755,0.07770430188721206,-0.8580309606752712,0.06353436309811182,-0.0574120446413493
3,0.7,678.0,Sobol2,0.001,29.0,200.0,78.04692840576172,11.217827796936035,0.08613803898984763,-0.715065149827053,0.07927993830051694,-0.5646469521285096,0.06674985722405316,0.05326851468508065
