,ratio,rndint,dataset,learning_rate,batchsize,epochs,loss,time,mape,r2,mape_test,r2_test,mape_interpolation,r2_interpolation
0,0.7,490.0,Grid1296,0.001,11.0,200.0,54.466552734375,14.466903448104858,0.049781541736718775,-0.06748253394040771,0.055089958761635034,-0.45274356393389215,0.07152582342185367,-1.3887218906465177
1,0.7,490.0,Grid2401,0.001,617.0,200.0,33.47965621948242,0.8114027976989746,0.04574211253672135,0.15008852825839425,0.04427462230384034,0.18500796614387738,0.08117878707744423,-3.9569314471598895
2,0.7,490.0,Sobol1,0.001,23.0,200.0,56.41802215576172,12.642852783203125,0.07617199524323551,-0.6671583725986225,0.0788616221880908,-0.49740031986039135,0.06379474744087066,-0.07545360833496373
3,0.7,490.0,Sobol2,0.001,29.0,200.0,38.964664459228516,11.182682514190674,0.07990802351770858,0.11146151338477706,0.07946564665551266,0.05922689990924801,0.06880555451457224,0.2683124699037319
