,ratio,rndint,dataset,learning_rate,batchsize,epochs,loss,time,mape,r2,mape_test,r2_test,mape_interpolation,r2_interpolation
0,0.6,297.0,Grid1296,0.001,223.0,200.0,39.85381317138672,0.958601713180542,0.053878334896964954,-0.5757061133808801,0.05237789824715898,-0.6522989245530852,0.07809272237122755,-2.309841547510589
1,0.6,297.0,Grid2401,0.001,7.0,200.0,9.489493370056152,31.278810739517212,0.016473990876467635,0.8379435222940481,0.01722905400839796,0.7888024857536834,0.057244071216878925,-1.284755550356853
2,0.6,297.0,Sobol1,0.001,401.0,200.0,63.45561981201172,1.2178013324737549,0.08983285072079833,-3.237302434851766,0.08645733356102718,-2.872247880202847,0.07291694352325435,-1.7055323382019916
3,0.6,297.0,Sobol2,0.001,5.0,200.0,14.114202499389648,41.181209325790405,0.018958288145941454,0.9749529195808391,0.017649183180290975,0.970787608210215,0.01928330057464275,0.9527459192104897
