,ratio,rndint,dataset,learning_rate,batchsize,epochs,loss,time,mape,r2,mape_test,r2_test,mape_interpolation,r2_interpolation
0,0.2,791.0,Grid1296,0.001,223.0,200.0,71.24593353271484,0.3346893787384033,0.10667287893391407,-0.23135164988607637,0.10457920480775007,-0.2797337499263568,0.1306997103832984,-0.8783377698919268
1,0.2,791.0,Grid2401,0.001,8.0,200.0,12.132598876953125,9.248459815979004,0.024690686679883844,0.7130348338334496,0.024901801231976675,0.7575888786700117,0.06316416695942324,-1.707658783215979
2,0.2,791.0,Sobol1,0.001,401.0,200.0,101.14917755126953,0.37587594985961914,0.15368209922551876,-1.3987256783417847,0.15452158376145253,-1.2180456830427233,0.146320846996178,-0.7403624521335561
3,0.2,791.0,Sobol2,0.001,5.0,200.0,54.57651901245117,14.264087915420532,0.09036659336187741,-0.5368985085377971,0.09298718981148571,-0.8855908482900912,0.07586461137479707,-0.09970723404980464
