,ratio,rndint,dataset,learning_rate,batchsize,epochs,loss,time,mape,r2,mape_test,r2_test,mape_interpolation,r2_interpolation
0,0.15,985.0,Grid1296,0.001,167.0,200.0,81.96543884277344,0.3212118148803711,0.12681227277376267,-0.4270506134083054,0.12081974360518952,-0.32093747685951546,0.14794084262900287,-0.8573466964481173
1,0.15,985.0,Grid2401,0.001,6.0,200.0,31.531503677368164,9.583660125732422,0.04446666684793297,0.5031808993310405,0.04291913429633325,0.5609715934847652,0.07332568539902597,-1.680963557201709
2,0.15,985.0,Sobol1,0.001,5.0,200.0,88.35379028320312,12.725466966629028,0.0915631817833513,-0.4153754103532801,0.09024038251198455,-0.29781482303703366,0.08140874598067466,-0.04098738956865455
3,0.15,985.0,Sobol2,0.001,5.0,200.0,26.118053436279297,10.811379671096802,0.08804145403802192,-1.2384751605796018,0.09424901882764637,-1.0234585474378401,0.07870076051091025,-0.40526297285684487
