,ratio,rndint,dataset,learning_rate,batchsize,epochs,loss,time,mape,r2,mape_test,r2_test,mape_interpolation,r2_interpolation
0,0.8,669.0,Grid1296,0.001,223.0,200.0,34.64830017089844,1.292586088180542,0.05288626479351472,-0.47213453007284967,0.04699177336994759,-0.13041809889038491,0.07486464557551613,-1.9174283710821367
1,0.8,669.0,Grid2401,0.001,5.0,200.0,16.919580459594727,58.33463430404663,0.016927078553131844,0.8288428347823268,0.016734440109261,0.8282855842475424,0.05805303198465731,-1.189039634102329
2,0.8,669.0,Sobol1,0.001,401.0,200.0,61.24454879760742,1.4592761993408203,0.08581124876533938,-2.5883543612634097,0.09205548027954309,-3.0872081255499513,0.07260302150654022,-1.498836628002759
3,0.8,669.0,Sobol2,0.001,5.0,200.0,3.634735107421875,56.20295524597168,0.014158684436546028,0.9793567667158958,0.013233571228246229,0.9830397727939608,0.015237031801498793,0.9634184210433707
