,ratio,rndint,dataset,learning_rate,batchsize,epochs,loss,time,mape,r2,mape_test,r2_test,mape_interpolation,r2_interpolation
0,0.65,78.0,Grid1296,0.001,5.0,200.0,7.336950778961182,29.800870656967163,0.017284846001172593,0.8449549622664405,0.02479452751724214,0.713198639955883,0.04401140456884269,0.4221386972152784
1,0.65,78.0,Grid2401,0.001,5.0,200.0,6.47308349609375,47.112664222717285,0.02202236683986182,0.8329766796313307,0.025115503178532554,0.7615423133504948,0.0621646015074437,-1.17858760521298
2,0.65,78.0,Sobol1,0.001,1303.0,200.0,98.43051147460938,0.5533380508422852,0.14558464778511157,-1.3965642663981037,0.14261180000179258,-1.2787731598875247,0.13389195618337654,-0.7477057608755193
3,0.65,78.0,Sobol2,0.001,5.0,200.0,8.539904594421387,45.54663395881653,0.01853441326900149,0.9734940643835406,0.020415484847641288,0.9581300212370072,0.01867395676258338,0.9528359554964843
