,ratio,rndint,dataset,learning_rate,batchsize,epochs,loss,time,mape,r2,mape_test,r2_test,mape_interpolation,r2_interpolation
0,0.8,633.0,Grid1296,0.001,223.0,200.0,38.32925033569336,1.2999460697174072,0.05353825268516945,-0.5604743145585545,0.04456295821755935,0.27545992132292274,0.07524111449493594,-1.849689194817679
1,0.8,633.0,Grid2401,0.001,5.0,200.0,18.138599395751953,58.14573049545288,0.016514966691873686,0.8087958534001797,0.01608094898719917,0.8630501230306855,0.05818797883739692,-1.3856985103021868
2,0.8,633.0,Sobol1,0.001,401.0,200.0,64.05131530761719,1.459764003753662,0.08736383698933868,-2.1211339534477647,0.08391185332998295,-1.8686931543912166,0.07301731857883106,-1.1132108352983066
3,0.8,633.0,Sobol2,0.001,5.0,200.0,11.1248779296875,55.90730094909668,0.019524531368722804,0.9709887388405171,0.023673614304277918,0.9674640969148137,0.02329696316684735,0.9445003028088341
