,ratio,rndint,dataset,learning_rate,batchsize,epochs,loss,time,mape,r2,mape_test,r2_test,mape_interpolation,r2_interpolation
0,0.5,854.0,Grid1296,0.001,6.0,200.0,18.316192626953125,18.98106598854065,0.0538738677853052,-0.12740148778485438,0.056518155110570414,-0.23403034018669677,0.08025544250840866,-1.2738350347485303
1,0.5,854.0,Grid2401,0.001,881.0,200.0,73.72769927978516,0.46336841583251953,0.10947809596587187,0.2294591315078629,0.11302471619331644,0.17323364907199768,0.12947142134220488,-0.8130606366661188
2,0.5,854.0,Sobol1,0.001,6.0,200.0,3.0184528827667236,34.07629871368408,0.014335485083761148,0.9860348328282464,0.014760837217529153,0.9844662910703295,0.01741962434474199,0.9636873618307433
3,0.5,854.0,Sobol2,0.001,5.0,200.0,6.400170803070068,34.706122636795044,0.01830501888319257,0.9659906447099745,0.02074105012622014,0.9670087522911076,0.01864655712136544,0.9535789209288222
