,ratio,rndint,dataset,learning_rate,batchsize,epochs,loss,time,mape,r2,mape_test,r2_test,mape_interpolation,r2_interpolation
0,0.15,678.0,Grid1296,0.001,167.0,200.0,74.91792297363281,0.31174302101135254,0.10890859810951853,-0.041290298798480896,0.11570384447617314,-0.16870802407360008,0.13918754612291592,-0.5898097210240938
1,0.15,678.0,Grid2401,0.001,6.0,200.0,8.80559253692627,9.075668096542358,0.021083860467574312,0.8544261338975114,0.022919034884842485,0.8014664282148434,0.060964508813148154,-1.2408737141157626
2,0.15,678.0,Sobol1,0.001,5.0,200.0,49.5936279296875,12.682435512542725,0.08768774030823577,-0.013182919097959767,0.094586784800306,-0.2661326047830308,0.08510604575445462,0.00529928594392215
3,0.15,678.0,Sobol2,0.001,5.0,200.0,46.30877685546875,10.456042766571045,0.10685120971898036,-0.6898626084316479,0.0943442552960455,-0.37235505956098147,0.08448443785030653,-0.08690174190621547
