,ratio,rndint,dataset,learning_rate,batchsize,epochs,loss,time,mape,r2,mape_test,r2_test,mape_interpolation,r2_interpolation
0,0.2,669.0,Grid1296,0.001,223.0,200.0,70.9449462890625,0.3339712619781494,0.10335975409178069,-0.47459782732547606,0.0979111104844493,-0.37741791184062445,0.12398484266166584,-1.085285993149435
1,0.2,669.0,Grid2401,0.001,8.0,200.0,19.05109405517578,9.443411827087402,0.02978167501229042,0.6222213044941056,0.03264700798212711,0.6163047191134639,0.06666039149738735,-2.323776508340126
2,0.2,669.0,Sobol1,0.001,401.0,200.0,97.42877197265625,0.3741166591644287,0.1440741467147829,-1.4301961415068871,0.1459031574465276,-1.2535522557174605,0.13575212247530274,-0.7164212525801188
3,0.2,669.0,Sobol2,0.001,5.0,200.0,75.29191589355469,14.545257806777954,0.08479491143011118,-1.932633927305086,0.09398611715649126,-2.243421309248408,0.07382830451842809,-0.9317674544855434
