,ratio,rndint,dataset,learning_rate,batchsize,epochs,loss,time,mape,r2,mape_test,r2_test,mape_interpolation,r2_interpolation
0,0.4,633.0,Grid1296,0.001,223.0,200.0,41.62864303588867,0.6502366065979004,0.05725794862653163,-0.7065645345404714,0.05511032905709481,-0.46026735648504746,0.0795601100165356,-2.1650315262907984
1,0.4,633.0,Grid2401,0.001,5.0,200.0,45.193115234375,29.09007453918457,0.04437663496747638,0.24362234584964115,0.04385009566631006,0.27803728222490776,0.07516364913697104,-3.0383313012036055
2,0.4,633.0,Sobol1,0.001,401.0,200.0,70.91255950927734,0.7300276756286621,0.09785627832047486,-4.786310804815703,0.08906492411065713,-3.903322039593431,0.07560315995578538,-2.404924419844556
3,0.4,633.0,Sobol2,0.001,5.0,200.0,40.8294563293457,28.03152322769165,0.0834950121764179,-0.3311094781451718,0.09136126263340229,-0.7586513244551152,0.07087659998193435,0.06260253967172513
