,ratio,rndint,dataset,learning_rate,batchsize,epochs,loss,time,mape,r2,mape_test,r2_test,mape_interpolation,r2_interpolation
0,0.6,877.0,Grid1296,0.001,223.0,200.0,38.59638214111328,0.9597852230072021,0.05510882333440756,-0.4508660640875892,0.04923791455903658,-0.010321096890527404,0.07739867730487791,-1.6775071955987793
1,0.6,877.0,Grid2401,0.001,7.0,200.0,13.953840255737305,31.31008815765381,0.01702273475785108,0.8129878562189162,0.019542989692155878,0.8139874199032355,0.058046175472699815,-1.2156455468724774
2,0.6,877.0,Sobol1,0.001,401.0,200.0,59.892906188964844,1.0805916786193848,0.08879304838574278,-3.4092074094037894,0.08931129016114137,-3.538233865226336,0.07288470567911172,-1.9179595988199027
3,0.6,877.0,Sobol2,0.001,5.0,200.0,28.823719024658203,41.19466590881348,0.018195377887538975,0.9740529917905328,0.01682108493789942,0.9772258568435981,0.019277871781599055,0.9536147804622463
