,ratio,rndint,dataset,learning_rate,batchsize,epochs,loss,time,mape,r2,mape_test,r2_test,mape_interpolation,r2_interpolation
0,0.7,593.0,Grid1296,0.001,11.0,200.0,33.82041931152344,14.389211654663086,0.03497977879777935,0.5049943860591655,0.038578361793224915,0.5125919173778613,0.0632634527660276,-0.18613670793941006
1,0.7,593.0,Grid2401,0.001,617.0,200.0,33.993568420410156,0.82169508934021,0.045863704381126455,0.480042040579293,0.04718745309100577,0.41551653621163753,0.08097415961544621,-2.3746157891908
2,0.7,593.0,Sobol1,0.001,23.0,200.0,41.918479919433594,12.562418699264526,0.07566052600113664,-0.5628172949698893,0.0759039249895751,-0.5786722046236705,0.06200192505660638,-0.0215531417128052
3,0.7,593.0,Sobol2,0.001,29.0,200.0,59.00558090209961,11.37684154510498,0.09098588962934011,-0.9068016021568022,0.09642785749910965,-1.1975688343214888,0.07729103433713289,-0.3131904924602349
