,ratio,rndint,dataset,learning_rate,batchsize,epochs,loss,time,mape,r2,mape_test,r2_test,mape_interpolation,r2_interpolation
0,0.8,593.0,Grid1296,0.001,223.0,200.0,35.05690002441406,1.3028006553649902,0.05013083303347886,-0.4387377892654716,0.05838994879442384,-0.8150427359737757,0.07535664661243306,-2.1280026085922654
1,0.8,593.0,Grid2401,0.001,5.0,200.0,34.9934196472168,56.9127140045166,0.01610273377883703,0.8358865046326927,0.014966713728202291,0.8504920205277154,0.055537705806615156,-1.0943302339598153
2,0.8,593.0,Sobol1,0.001,401.0,200.0,52.743465423583984,1.4635365009307861,0.08641475146624567,-2.3897118928642476,0.08862946270184514,-2.2707766315754903,0.07289981393079965,-1.3038281429215064
3,0.8,593.0,Sobol2,0.001,5.0,200.0,12.156641006469727,55.07971954345703,0.019578601752800268,0.968491081918432,0.020831296713756456,0.9711250581489351,0.016935854567044658,0.9576512821120735
