,ratio,rndint,dataset,learning_rate,batchsize,epochs,loss,time,mape,r2,mape_test,r2_test,mape_interpolation,r2_interpolation
0,0.6,854.0,Grid1296,0.001,223.0,200.0,37.526248931884766,0.964036226272583,0.052065337064908776,-0.5379077083828532,0.05366999144442828,-0.9209194753336778,0.07667119087021995,-2.44895740598933
1,0.6,854.0,Grid2401,0.001,7.0,200.0,8.552228927612305,31.4236261844635,0.018346204135426546,0.7972405682169174,0.016605094898730206,0.8500451147884667,0.057638441666782114,-1.2626340887486553
2,0.6,854.0,Sobol1,0.001,401.0,200.0,62.82853317260742,1.0806801319122314,0.09227933342151905,-4.0642999011231336,0.08471201494960591,-3.362038500983471,0.0732185820724782,-2.141249554748164
3,0.6,854.0,Sobol2,0.001,5.0,200.0,10.24615478515625,41.68928551673889,0.020603221719943814,0.9640025954636989,0.02292633113404638,0.9623136349980576,0.01994248444512853,0.9486900154077375
