,ratio,rndint,dataset,learning_rate,batchsize,epochs,loss,time,mape,r2,mape_test,r2_test,mape_interpolation,r2_interpolation
0,0.55,171.0,Grid1296,0.001,613.0,200.0,80.02299499511719,0.41310954093933105,0.11975304885268179,-0.06252355696470402,0.12699203883043414,-0.166548768497232,0.14800417026022902,-0.5251803760952678
1,0.55,171.0,Grid2401,0.001,17.0,200.0,16.808935165405273,11.825166702270508,0.017397568299023194,0.7850608459416836,0.016770525890077437,0.8461785518084658,0.0572968177522672,-1.2783376663695485
2,0.55,171.0,Sobol1,0.001,19.0,200.0,74.60747528076172,12.048783540725708,0.07921142796297331,-0.7066484090940965,0.08129586203174415,-0.5981983060592932,0.0681271875901168,-0.16761268508778326
3,0.55,171.0,Sobol2,0.001,5.0,200.0,8.061144828796387,38.3357195854187,0.021306841899964415,0.9703519436137776,0.020841079892441664,0.9656081919444882,0.01968945247731095,0.954278849797953
