,ratio,rndint,dataset,learning_rate,batchsize,epochs,loss,time,mape,r2,mape_test,r2_test,mape_interpolation,r2_interpolation
0,0.9,35.0,Grid1296,0.001,251.0,200.0,35.76372528076172,1.3198869228363037,0.05100723683506996,-0.2873518338657015,0.057998890377619745,-0.4960190366492203,0.0750329275411244,-1.727421614921131
1,0.9,35.0,Grid2401,0.001,13.0,200.0,19.658992767333984,24.836254119873047,0.018786196238374138,0.8185067319190551,0.018465977812413284,0.7809350895071825,0.05809285627052656,-1.1986132680796642
2,0.9,35.0,Sobol1,0.001,11.0,200.0,4.178697109222412,33.31692123413086,0.014380396567794275,0.9849411902862081,0.013624337287876405,0.9904397109871591,0.018073490374927247,0.9598653018574601
3,0.9,35.0,Sobol2,0.001,5.0,200.0,4.562109470367432,61.84375882148743,0.015463622871240715,0.9763073065800211,0.012167915019198769,0.989974919437325,0.014863072427196833,0.961522253155687
