,ratio,rndint,dataset,learning_rate,batchsize,epochs,loss,time,mape,r2,mape_test,r2_test,mape_interpolation,r2_interpolation
0,0.5,985.0,Grid1296,0.001,6.0,200.0,46.253292083740234,19.105124950408936,0.04730385192459625,0.1548529738512091,0.045512697719080474,0.20200152499731538,0.06414734929424716,-0.7384346034299618
1,0.5,985.0,Grid2401,0.001,881.0,200.0,71.27845764160156,0.46821165084838867,0.10329646689295867,0.20628307880226304,0.10609145674222661,0.24460661029754271,0.12432229997991585,-0.8518010855531013
2,0.5,985.0,Sobol1,0.001,6.0,200.0,8.713093757629395,34.53072381019592,0.013643374804123433,0.9882298499628533,0.01618698330609074,0.981406559424299,0.019605463607419008,0.9576422400035791
3,0.5,985.0,Sobol2,0.001,5.0,200.0,4.837133884429932,34.8414261341095,0.022716316009931896,0.9634625166864756,0.021150563376246215,0.9673047020694294,0.019724590039176912,0.9523670089762084
