,ratio,rndint,dataset,learning_rate,batchsize,epochs,loss,time,mape,r2,mape_test,r2_test,mape_interpolation,r2_interpolation
0,0.3,930.0,Grid1296,0.001,167.0,200.0,41.15812301635742,0.6193153858184814,0.055793173324860834,-1.2047917831076012,0.059675138180349044,-1.2160898557066089,0.08248739225796635,-3.2366925352353695
1,0.3,930.0,Grid2401,0.001,6.0,200.0,9.98450756072998,18.369420289993286,0.018488698745167623,0.8734680803092252,0.02089707203145039,0.7983872769096496,0.05990496449334577,-1.2846418241793764
2,0.3,930.0,Sobol1,0.001,601.0,200.0,95.7325668334961,0.40653109550476074,0.1471043142543426,-1.5699416761871334,0.14862797289025614,-1.4409764433531191,0.13928786234872378,-0.8907131661351027
3,0.3,930.0,Sobol2,0.001,5.0,200.0,36.22095489501953,21.188411712646484,0.04366935174470679,0.8876969552784638,0.04423408388808463,0.859879511570848,0.04235038786509528,0.8232380045566354
