,ratio,rndint,dataset,learning_rate,batchsize,epochs,loss,time,mape,r2,mape_test,r2_test,mape_interpolation,r2_interpolation
0,0.2,721.0,Grid1296,0.001,223.0,200.0,74.40959930419922,0.32413315773010254,0.11071876588588117,-0.3335726008370443,0.1159188962696082,-0.2637147078195132,0.1404495002327845,-0.8094143896845836
1,0.2,721.0,Grid2401,0.001,8.0,200.0,27.449005126953125,9.103898763656616,0.0397131066181093,0.48593371032340393,0.040810520932055276,0.4037035586447427,0.07312596856649624,-2.7623920668712083
2,0.2,721.0,Sobol1,0.001,401.0,200.0,82.08650207519531,0.36804914474487305,0.11777329637706323,-1.729038753450773,0.13293774218234983,-2.209706714738613,0.11591601544062621,-1.1929184678750087
3,0.2,721.0,Sobol2,0.001,5.0,200.0,98.75532531738281,14.033143758773804,0.10701463392842098,-0.7075361138252323,0.10717449039730136,-0.7928221884784481,0.09417191311850036,-0.3195074629482666
