,ratio,rndint,dataset,learning_rate,batchsize,epochs,loss,time,mape,r2,mape_test,r2_test,mape_interpolation,r2_interpolation
0,0.55,669.0,Grid1296,0.001,613.0,200.0,69.2267074584961,0.40783190727233887,0.10265462131788147,-0.23703426239876313,0.10087462359900518,-0.28692181421560936,0.12740579356354517,-0.8902780118280891
1,0.55,669.0,Grid2401,0.001,17.0,200.0,25.238969802856445,11.95931887626648,0.04234069133550073,0.1860171779199724,0.04337492776126685,0.15442874590890787,0.07491835745715565,-3.675435227352901
2,0.55,669.0,Sobol1,0.001,19.0,200.0,45.698577880859375,12.160600423812866,0.07925568004444104,0.15273843429371048,0.07932816706836443,0.1320119169676892,0.07215628555519808,0.24139644448035913
3,0.55,669.0,Sobol2,0.001,5.0,200.0,28.941326141357422,38.733601570129395,0.04545853400299816,0.8491312175658494,0.04882324848678587,0.8379051076036241,0.044971649187173356,0.7848855684543828
