,ratio,rndint,dataset,learning_rate,batchsize,epochs,loss,time,mape,r2,mape_test,r2_test,mape_interpolation,r2_interpolation
0,0.65,390.0,Grid1296,0.001,5.0,200.0,18.203393936157227,30.12521266937256,0.0349432026881551,0.5465896025869901,0.038849694141703445,0.4014131950207548,0.060511596284835975,-0.24835801260302648
1,0.65,390.0,Grid2401,0.001,5.0,200.0,30.485254287719727,47.534098863601685,0.04200099166968418,0.4420385837606572,0.041843624037291145,0.5159197129564903,0.07351844510649816,-2.217042264953086
2,0.65,390.0,Sobol1,0.001,1303.0,200.0,98.95020294189453,0.5567917823791504,0.15058004581317141,-1.2102842732434098,0.16169654132759204,-1.6013037576757037,0.14636461566866812,-0.8095001154475425
3,0.65,390.0,Sobol2,0.001,5.0,200.0,5.322705268859863,45.90249276161194,0.01680171506110079,0.9800688025235761,0.017625069112661772,0.9669720359768545,0.019128151435163672,0.9548266577540947
