,ratio,rndint,dataset,learning_rate,batchsize,epochs,loss,time,mape,r2,mape_test,r2_test,mape_interpolation,r2_interpolation
0,0.25,951.0,Grid1296,0.001,9.0,200.0,47.28144454956055,6.551342725753784,0.053760658058653266,-0.6886093195031278,0.052370173924294446,-0.693463444835803,0.07707751460953327,-2.336408826277113
1,0.25,951.0,Grid2401,0.001,5.0,200.0,12.77130126953125,18.424394845962524,0.017242996186474523,0.8992208077271966,0.021545496953392557,0.793822254708101,0.06016351339030681,-1.2240607396616632
2,0.25,951.0,Sobol1,0.001,167.0,200.0,51.7686767578125,0.9389081001281738,0.08274401942033577,-4.212808525757432,0.09055319156514777,-4.1806509239403,0.07297854487321202,-2.441277309755935
3,0.25,951.0,Sobol2,0.001,5.0,200.0,26.14019775390625,17.894855260849,0.05806452552972851,0.6108649364166069,0.057189400025877926,0.6165757632644835,0.048191469622982805,0.67507948796431
