,ratio,rndint,dataset,learning_rate,batchsize,epochs,loss,time,mape,r2,mape_test,r2_test,mape_interpolation,r2_interpolation
0,0.1,711.0,Grid1296,0.001,37.0,200.0,24.1516170501709,0.8469452857971191,0.04703803334519066,-0.17322570665728998,0.05477389259250669,-1.0272051992894053,0.07704534351339981,-2.873815832474712
1,0.1,711.0,Grid2401,0.001,8.0,200.0,29.548309326171875,4.670176029205322,0.046223920823991876,0.3261779424221063,0.04386318673295858,0.41175543664324166,0.07912486892443903,-3.033801069623461
2,0.1,711.0,Sobol1,0.001,5.0,200.0,41.906524658203125,8.386620044708252,0.09167011043663237,-0.5219326834760833,0.09322413501882541,-0.384041974053688,0.08691033177261005,-0.2399226782442967
3,0.1,711.0,Sobol2,0.001,5.0,200.0,34.543556213378906,7.061645984649658,0.08995074320481082,-1.0168545996889642,0.09912193116498767,-1.3836353402332193,0.08139523341707822,-0.5182796876491487
