,ratio,rndint,dataset,learning_rate,batchsize,epochs,loss,time,mape,r2,mape_test,r2_test,mape_interpolation,r2_interpolation
0,0.3,249.0,Grid1296,0.001,167.0,200.0,41.6330680847168,0.629166841506958,0.06021528363904564,-0.545452733413744,0.06001947647842146,-0.6057787112110835,0.08427395051191805,-2.119130886906965
1,0.3,249.0,Grid2401,0.001,6.0,200.0,24.48771095275879,18.012585163116455,0.018333510464958052,0.7865120821499856,0.01700157620643046,0.8402620672941722,0.0576643479816591,-1.1945804989834063
2,0.3,249.0,Sobol1,0.001,601.0,200.0,98.61566925048828,0.40947556495666504,0.14916543142269711,-1.2321561990664915,0.16676145526803374,-1.5148759465346764,0.15405032852613795,-0.8974862157153836
3,0.3,249.0,Sobol2,0.001,5.0,200.0,16.46917724609375,20.91328477859497,0.02694953009820126,0.9494549547859332,0.026873450019327956,0.9483613978840275,0.02362021737029238,0.9387842645561589
