,ratio,rndint,dataset,learning_rate,batchsize,epochs,loss,time,mape,r2,mape_test,r2_test,mape_interpolation,r2_interpolation
0,0.65,968.0,Grid1296,0.001,5.0,200.0,19.435400009155273,29.647480010986328,0.044724044422889936,0.12891429908351315,0.039257500765380315,0.4720787166064233,0.06129579321436363,-0.6612295489828495
1,0.65,968.0,Grid2401,0.001,5.0,200.0,6.770153999328613,46.763590812683105,0.016230632554442424,0.8181917237380887,0.016481582929180085,0.8283481851641666,0.05739945269938646,-1.3184571417544246
2,0.65,968.0,Sobol1,0.001,1303.0,200.0,98.6812973022461,0.5575847625732422,0.14691926133910574,-1.484187539949342,0.1496072164742037,-1.470470385088074,0.1387398316912567,-0.8777750838177822
3,0.65,968.0,Sobol2,0.001,5.0,200.0,21.689245223999023,45.15498661994934,0.015102155814854391,0.9806755610081884,0.016985842392349928,0.973410190656942,0.016522528127158598,0.9612054513000764
