,ratio,rndint,dataset,learning_rate,batchsize,epochs,loss,time,mape,r2,mape_test,r2_test,mape_interpolation,r2_interpolation
0,0.1,669.0,Grid1296,0.001,37.0,200.0,53.06029510498047,0.8605983257293701,0.05345196938324535,-0.9461373103597515,0.05599611368802776,-0.6626186729539847,0.08254831528671189,-2.382335362301937
1,0.1,669.0,Grid2401,0.001,8.0,200.0,24.68475341796875,4.74675440788269,0.03934730107897298,0.27577000649790595,0.042074050802931674,0.26572039542810433,0.07457592063184935,-3.4966425844600284
2,0.1,669.0,Sobol1,0.001,5.0,200.0,53.67022705078125,8.557701349258423,0.08052178669299137,-0.4987863595320763,0.08821488438016639,-0.7455495096915392,0.07709214904630268,-0.3097428321570368
3,0.1,669.0,Sobol2,0.001,5.0,200.0,80.08067321777344,7.295086622238159,0.09325713421940399,-1.028620550456674,0.09312584243659297,-1.199521331069302,0.07549350143538945,-0.3250594665736226
