,ratio,rndint,dataset,learning_rate,batchsize,epochs,loss,time,mape,r2,mape_test,r2_test,mape_interpolation,r2_interpolation
0,0.75,711.0,Grid1296,0.001,9.0,200.0,19.47707748413086,19.21444582939148,0.03641021356584316,0.4723093921804361,0.03651109093284058,0.4966855246503543,0.06085669354285156,-0.25211258609348897
1,0.75,711.0,Grid2401,0.001,661.0,200.0,30.89775276184082,0.8400716781616211,0.04367472358502579,0.3261552132628228,0.04513870989702546,0.297217149089923,0.07936335976285037,-3.29197791068375
2,0.75,711.0,Sobol1,0.001,9.0,200.0,42.60289001464844,34.82819175720215,0.08813521136712672,-0.691170192888275,0.09143255699902465,-0.8848648856465648,0.07862194550545301,-0.3307876284319329
3,0.75,711.0,Sobol2,0.001,5.0,200.0,16.12506103515625,52.929869174957275,0.0235358336847098,0.9636342005687657,0.023054376405017757,0.9775267864658114,0.025457950915994104,0.9390078967366807
