,ratio,rndint,dataset,learning_rate,batchsize,epochs,loss,time,mape,r2,mape_test,r2_test,mape_interpolation,r2_interpolation
0,0.6,731.0,Grid1296,0.001,223.0,200.0,38.76883316040039,0.9807116985321045,0.05547944436798129,-0.7336152273550358,0.04981933469766413,-0.5884218916205104,0.07765066446420796,-2.4334441230284685
1,0.6,731.0,Grid2401,0.001,7.0,200.0,5.8083930015563965,31.39465594291687,0.01709874370188803,0.837533188418775,0.01715968434123676,0.8012840074229134,0.05791484131031734,-1.2321605686294417
2,0.6,731.0,Sobol1,0.001,401.0,200.0,52.23562240600586,1.1003601551055908,0.0853473256620384,-3.3939087857117656,0.09364355497223208,-3.9736227124287735,0.07269549601322996,-2.0387195952087533
3,0.6,731.0,Sobol2,0.001,5.0,200.0,6.955114841461182,41.787346839904785,0.042910029622946926,0.7791734534149092,0.03911551490079518,0.8331165738358818,0.03497085749316655,0.8358449905373788
