,ratio,rndint,dataset,learning_rate,batchsize,epochs,loss,time,mape,r2,mape_test,r2_test,mape_interpolation,r2_interpolation
0,0.35,510.0,Grid1296,0.001,5.0,200.0,40.1566276550293,16.38666820526123,0.0470645822507589,0.3779130344297251,0.054427889819273295,-0.0131901494201776,0.07208058910870109,-0.8133279279508814
1,0.35,510.0,Grid2401,0.001,617.0,200.0,67.04547119140625,0.4224393367767334,0.09799732238077051,0.2859994905691883,0.10264393700133495,0.2021244503902505,0.12192180827850414,-0.9511219640686712
2,0.35,510.0,Sobol1,0.001,701.0,200.0,94.30272674560547,0.439957857131958,0.1400345573406174,-1.1306134987212668,0.14928388624278327,-1.409895881262437,0.13602706179352952,-0.7309956920971776
3,0.35,510.0,Sobol2,0.001,5.0,200.0,5.174292087554932,25.01169991493225,0.021241354627510384,0.9726919038691793,0.02009867178139681,0.9737084098557972,0.019363154205245092,0.9575498037147435
