,ratio,rndint,dataset,learning_rate,batchsize,epochs,loss,time,mape,r2,mape_test,r2_test,mape_interpolation,r2_interpolation
0,0.95,759.0,Grid1296,0.001,5.0,200.0,11.081225395202637,42.59688901901245,0.023339960787350972,0.7451566552138726,0.02070437409108636,0.7925714995231081,0.05099802375503671,0.27956202093283866
1,0.95,759.0,Grid2401,0.001,6.0,200.0,9.469523429870605,56.14226412773132,0.01569437676535792,0.8515197214370753,0.014070209519642314,0.8235901581181166,0.053470834444047634,-0.8937561247953312
2,0.95,759.0,Sobol1,0.001,7.0,200.0,12.433785438537598,55.64241409301758,0.017815268361963656,0.9750998444658237,0.016167812926638617,0.9872851417447989,0.02028241930474727,0.9522360937210874
3,0.95,759.0,Sobol2,0.001,6.0,200.0,6.66448450088501,53.9694287776947,0.012320248759864393,0.9857218129500496,0.013853037947087313,0.9420464828858587,0.01460388100576395,0.9625152497611326
