,ratio,rndint,dataset,learning_rate,batchsize,epochs,loss,time,mape,r2,mape_test,r2_test,mape_interpolation,r2_interpolation
0,0.9,588.0,Grid1296,0.001,251.0,200.0,36.94419860839844,1.306685209274292,0.05212855289429447,-0.3613954754562223,0.04802198061167341,0.2702376380883009,0.07513818083378318,-1.6979898757256886
1,0.9,588.0,Grid2401,0.001,13.0,200.0,21.41655158996582,25.319479942321777,0.017359961521199337,0.8228871632932375,0.016077416680693568,0.8782661125053945,0.05674355642187671,-1.2521514970197805
2,0.9,588.0,Sobol1,0.001,11.0,200.0,11.603255271911621,34.136579513549805,0.016146115579299413,0.9818209868750352,0.017076387169728726,0.9779507610156442,0.01760975299532151,0.9598819282293104
3,0.9,588.0,Sobol2,0.001,5.0,200.0,6.468359470367432,63.34302639961243,0.015933347511331887,0.9801066839188273,0.016932148376240273,0.9622086238238943,0.015177477151142678,0.9653180830758736
