,ratio,rndint,dataset,learning_rate,batchsize,epochs,loss,time,mape,r2,mape_test,r2_test,mape_interpolation,r2_interpolation
0,0.55,986.0,Grid1296,0.001,613.0,200.0,76.60052490234375,0.4058566093444824,0.11399836836995618,-0.3670330437807776,0.11025483680144009,-0.1631574491371468,0.13725416100813845,-0.8037844078131109
1,0.55,986.0,Grid2401,0.001,17.0,200.0,8.717460632324219,11.704065799713135,0.02108813882968455,0.8253340886431841,0.021109707636417445,0.8066679423850771,0.06041670982249652,-1.1970296610524804
2,0.55,986.0,Sobol1,0.001,19.0,200.0,35.090206146240234,11.96176266670227,0.048511212144725854,0.6266672239249294,0.052661576360874575,0.5502856741554432,0.04300082228887988,0.6745202975563733
3,0.55,986.0,Sobol2,0.001,5.0,200.0,33.63560104370117,37.892512798309326,0.02102370094939052,0.9613084413702327,0.020777466073436834,0.9749323351905128,0.021321486076459114,0.9487713050417005
