,ratio,rndint,dataset,learning_rate,batchsize,epochs,loss,time,mape,r2,mape_test,r2_test,mape_interpolation,r2_interpolation
0,0.85,78.0,Grid1296,0.001,6.0,200.0,10.81060791015625,32.47961902618408,0.020668552316337352,0.7879572312119919,0.032923164562485285,0.3931300427997937,0.05076431379025733,0.26465149184111725
1,0.85,78.0,Grid2401,0.001,7.0,200.0,5.0650458335876465,44.77070116996765,0.015309211593108515,0.8648493504341452,0.021414000896542777,0.7106885920811346,0.05547253772489113,-1.0221075664325392
2,0.85,78.0,Sobol1,0.001,6.0,200.0,4.694854736328125,58.48192739486694,0.01055929181892043,0.9926283389322246,0.010103125243380206,0.9935679843187011,0.01751677545798253,0.9626765063371576
3,0.85,78.0,Sobol2,0.001,19.0,200.0,30.478389739990234,15.864459991455078,0.08314172215080044,-0.5915880195679357,0.09734733188705412,-1.4498928298143214,0.06689603609746632,0.03233748452831886
