,ratio,rndint,dataset,learning_rate,batchsize,epochs,loss,time,mape,r2,mape_test,r2_test,mape_interpolation,r2_interpolation
0,0.85,633.0,Grid1296,0.001,6.0,200.0,16.331207275390625,32.48584055900574,0.05210318096380066,-0.2620401722269605,0.04438217349917789,0.3771177436264672,0.0719811677540701,-1.3793130140468919
1,0.85,633.0,Grid2401,0.001,7.0,200.0,8.320940017700195,44.70848870277405,0.016222747753445708,0.8175981537827306,0.01703095694081606,0.8530720088012561,0.05833866162377623,-1.4250810537999246
2,0.85,633.0,Sobol1,0.001,6.0,200.0,9.895950317382812,58.40107226371765,0.010442711365143605,0.9899132222867658,0.008878189895747735,0.9943863907586722,0.015601312230930309,0.9650874285670921
3,0.85,633.0,Sobol2,0.001,19.0,200.0,10.469010353088379,15.865562915802002,0.020745217340635662,0.96657226899584,0.023668288420070533,0.9654539107492168,0.021580610654460753,0.9473381459254075
