,ratio,rndint,dataset,learning_rate,batchsize,epochs,loss,time,mape,r2,mape_test,r2_test,mape_interpolation,r2_interpolation
0,0.05,633.0,Grid1296,0.001,5.0,200.0,18.136241912841797,1.8603665828704834,0.05888240440094126,-0.5240959298910399,0.054314033338723325,-0.14609053669478977,0.07463527535338788,-1.391525629186107
1,0.05,633.0,Grid2401,0.001,8.0,200.0,29.04393768310547,1.9875121116638184,0.04360307927578774,0.3976236455821609,0.04349275130576847,0.4249888544291147,0.0762354772449441,-2.598066673053679
2,0.05,633.0,Sobol1,0.001,5.0,200.0,86.38008880615234,4.266666412353516,0.09734347981079759,0.3122101083610841,0.09573747063542354,0.1995396727737101,0.09127915672150906,0.27179337885408306
3,0.05,633.0,Sobol2,0.001,5.0,200.0,27.29302978515625,3.636087417602539,0.08669800770277754,-2.4780864748273768,0.09325878839446589,-2.229253768014395,0.07595328967732277,-1.067899166751948
