,ratio,rndint,dataset,learning_rate,batchsize,epochs,loss,time,mape,r2,mape_test,r2_test,mape_interpolation,r2_interpolation
0,0.55,999.0,Grid1296,0.001,613.0,200.0,75.17151641845703,0.4051947593688965,0.11542571737053989,-0.16908907675691953,0.11843568841636251,-0.275655108039045,0.143048950865474,-0.7335895061048838
1,0.55,999.0,Grid2401,0.001,17.0,200.0,10.39044189453125,11.660861730575562,0.019374809838023005,0.8251737531657329,0.01979901562719904,0.8038170802781783,0.059018704058773686,-1.2003854138770622
2,0.55,999.0,Sobol1,0.001,19.0,200.0,62.833343505859375,11.908058166503906,0.08842534706089605,-0.4942706379213415,0.08293354929770941,-0.34710612062569557,0.07620386339442015,-0.11007257256524139
3,0.55,999.0,Sobol2,0.001,5.0,200.0,22.361644744873047,37.82652807235718,0.04254228148427915,0.8712564889031575,0.04189213627793852,0.8846496507745369,0.03953558859284341,0.8362290963741505
