,ratio,rndint,dataset,learning_rate,batchsize,epochs,loss,time,mape,r2,mape_test,r2_test,mape_interpolation,r2_interpolation
0,0.7,725.0,Grid1296,0.001,11.0,200.0,12.8070068359375,14.652258157730103,0.035087291209469566,0.5309896721462575,0.037682043767817135,0.3676758916444933,0.05856232049937994,-0.23205416806013224
1,0.7,725.0,Grid2401,0.001,617.0,200.0,31.600448608398438,0.8297016620635986,0.043940365636458104,0.4563432593110144,0.04498935690523555,0.3958165742271036,0.0789334169457445,-2.638525885091617
2,0.7,725.0,Sobol1,0.001,23.0,200.0,54.639076232910156,12.731179475784302,0.09059617397246054,-0.6143326254146155,0.08646352155670918,-0.49757580265259693,0.07988975457753239,-0.2477863027313516
3,0.7,725.0,Sobol2,0.001,29.0,200.0,59.804439544677734,11.477567195892334,0.09079739726998527,-0.6065731691346663,0.09211211086987244,-0.7509451962341902,0.07685156793570896,-0.12762643992229217
