,ratio,rndint,dataset,learning_rate,batchsize,epochs,loss,time,mape,r2,mape_test,r2_test,mape_interpolation,r2_interpolation
0,0.8,582.0,Grid1296,0.001,223.0,200.0,39.357521057128906,1.3073999881744385,0.0517981306462443,-0.2957058537250594,0.051484006039173254,-0.6080833214439583,0.07504589068601208,-1.83261196861727
1,0.8,582.0,Grid2401,0.001,5.0,200.0,5.0439453125,57.97519373893738,0.01460880359483693,0.8628231772997432,0.014678656485973449,0.8900481415481827,0.05101862642013475,-0.5423414550485055
2,0.8,582.0,Sobol1,0.001,401.0,200.0,62.20234680175781,1.4722230434417725,0.08708196865277382,-2.260208135838792,0.08677009846580523,-1.9353044104337584,0.07291345679021732,-1.1686950480139138
3,0.8,582.0,Sobol2,0.001,5.0,200.0,3.200390577316284,55.90745973587036,0.019835097636246815,0.9775372473516791,0.019658635688158843,0.9619579981834365,0.0220904031934829,0.9505475486261206
