,ratio,rndint,dataset,learning_rate,batchsize,epochs,loss,time,mape,r2,mape_test,r2_test,mape_interpolation,r2_interpolation
0,0.1,35.0,Grid1296,0.001,37.0,200.0,37.11884307861328,0.8634059429168701,0.051967602531637465,-0.3954756656582703,0.05280369573100097,-0.5650648522498356,0.07552416319683151,-2.1828574998238977
1,0.1,35.0,Grid2401,0.001,8.0,200.0,37.113426208496094,4.625296592712402,0.04794963969005199,0.42229457251540325,0.04859638388730289,0.5608990763601107,0.07733690479098673,-1.321813045166265
2,0.1,35.0,Sobol1,0.001,5.0,200.0,45.4797248840332,8.404309511184692,0.09043837584562951,-1.8528623150452637,0.08904188160194516,-1.8176902774204957,0.07690221052860384,-1.0653030193755448
3,0.1,35.0,Sobol2,0.001,5.0,200.0,39.910606384277344,7.12766170501709,0.08689816163286608,-0.5459337055818263,0.0993472593964602,-0.9326820448141204,0.08220102125302867,-0.23208150840100794
