,ratio,rndint,dataset,learning_rate,batchsize,epochs,loss,time,mape,r2,mape_test,r2_test,mape_interpolation,r2_interpolation
0,0.55,877.0,Grid1296,0.001,613.0,200.0,72.57405090332031,0.4054133892059326,0.10993825254111794,-0.45457425392831174,0.10247338226078549,-0.242713822070461,0.1328601314037699,-1.0085535466843547
1,0.55,877.0,Grid2401,0.001,17.0,200.0,32.970428466796875,11.638875484466553,0.04105490139580362,0.30152220788994377,0.04331746409573917,0.2272129815146562,0.07559796584378317,-3.623246315906102
2,0.55,877.0,Sobol1,0.001,19.0,200.0,15.820712089538574,11.86093807220459,0.026192542182526184,0.9305709435370902,0.027562011555516727,0.927349998619743,0.025420139935906683,0.9161577028069383
3,0.55,877.0,Sobol2,0.001,5.0,200.0,27.72601890563965,38.1751434803009,0.02222307370137603,0.9664165712838195,0.020515022811655938,0.9685883221191608,0.02156739624712258,0.9497020664570588
