,ratio,rndint,dataset,learning_rate,batchsize,epochs,loss,time,mape,r2,mape_test,r2_test,mape_interpolation,r2_interpolation
0,0.65,791.0,Grid1296,0.001,5.0,200.0,23.115833282470703,29.289477586746216,0.04155703064102417,0.26588587943847153,0.03942087215945878,0.26602403766285976,0.06370478351447763,-0.6747131935322366
1,0.65,791.0,Grid2401,0.001,5.0,200.0,5.755627632141113,46.34522581100464,0.016459880999769347,0.8012765471526399,0.015330294463867146,0.8768646177994883,0.0556569147243271,-1.261478024123957
2,0.65,791.0,Sobol1,0.001,1303.0,200.0,94.95249938964844,0.5553967952728271,0.13975275870064263,-1.4118150053912295,0.14841017706353632,-1.783693287062567,0.13180336235992962,-0.8769109227462852
3,0.65,791.0,Sobol2,0.001,5.0,200.0,9.667065620422363,44.785977363586426,0.019221725578770322,0.9698647773347472,0.020245466474071737,0.9663628132207688,0.021693744451888576,0.9449779746912368
