,ratio,rndint,dataset,learning_rate,batchsize,epochs,loss,time,mape,r2,mape_test,r2_test,mape_interpolation,r2_interpolation
0,0.8,75.0,Grid1296,0.001,223.0,200.0,34.71672058105469,1.274198055267334,0.05181293181518288,-0.2077436231577976,0.04890044178879769,-0.12821097536741677,0.07441502149978349,-1.5152419198812477
1,0.8,75.0,Grid2401,0.001,5.0,200.0,24.18560791015625,57.070292711257935,0.01598862528851428,0.8479421100210953,0.020007906546525227,0.7262017555291727,0.05762882856661928,-1.2394935259919366
2,0.8,75.0,Sobol1,0.001,401.0,200.0,63.499290466308594,1.4342870712280273,0.08617560305357089,-2.1941005344815467,0.08979088071255249,-2.2237385855899796,0.07290952996421401,-1.1872866220346951
3,0.8,75.0,Sobol2,0.001,5.0,200.0,4.332446098327637,55.262017488479614,0.01815486656308446,0.9759826463358728,0.016638531277569812,0.9767262620641347,0.017928315789212522,0.9577462761326669
