,ratio,rndint,dataset,learning_rate,batchsize,epochs,loss,time,mape,r2,mape_test,r2_test,mape_interpolation,r2_interpolation
0,0.35,711.0,Grid1296,0.001,5.0,200.0,31.0294189453125,16.061452388763428,0.048291074749496635,-0.09589590638003931,0.04673660027809836,0.05908170453985517,0.07027584304305248,-1.108525883492535
1,0.35,711.0,Grid2401,0.001,617.0,200.0,76.82560729980469,0.41249656677246094,0.11262262248986675,0.23335941735121168,0.11208439607920932,0.23318161795178882,0.13143195386912046,-0.7893228206202383
2,0.35,711.0,Sobol1,0.001,701.0,200.0,91.25738525390625,0.4289398193359375,0.13294221601214815,-2.235902099038962,0.13390970248343598,-1.914012534707465,0.12080936111411636,-1.1680588801180947
3,0.35,711.0,Sobol2,0.001,5.0,200.0,28.635229110717773,24.518231630325317,0.09775831211505281,-0.7286790354433192,0.09974377865257876,-0.7755701653688054,0.08695708539681589,-0.3852396567500347
