,ratio,rndint,dataset,learning_rate,batchsize,epochs,loss,time,mape,r2,mape_test,r2_test,mape_interpolation,r2_interpolation
0,0.1,490.0,Grid1296,0.001,37.0,200.0,42.519447326660156,0.8465542793273926,0.05301157864785917,-0.45299614699086455,0.05220360164832109,-0.48393057395400607,0.07426918411519132,-2.09468222655566
1,0.1,490.0,Grid2401,0.001,8.0,200.0,21.726547241210938,4.640005350112915,0.04175714567568825,-0.11549212675851006,0.0440048041409371,-0.19403356512834913,0.07644483739716801,-5.164004880490884
2,0.1,490.0,Sobol1,0.001,5.0,200.0,73.02276611328125,8.364273309707642,0.09550819419393669,-1.9420775305199585,0.08729976955039645,-1.7216105930679775,0.07696924546512923,-1.0592111388277816
3,0.1,490.0,Sobol2,0.001,5.0,200.0,40.051490783691406,7.123655319213867,0.08907414097641182,-0.34842260257406577,0.09583374128147112,-0.524679883370309,0.08258449549958571,-0.10766101798883354
