,ratio,rndint,dataset,learning_rate,batchsize,epochs,loss,time,mape,r2,mape_test,r2_test,mape_interpolation,r2_interpolation
0,0.85,562.0,Grid1296,0.001,6.0,200.0,20.625967025756836,32.50403833389282,0.035240944710937576,0.45890474772433754,0.03965806319557402,0.5709578381443557,0.06314295297283205,-0.20880419403633543
1,0.85,562.0,Grid2401,0.001,7.0,200.0,7.449061870574951,44.69098687171936,0.013796494266868214,0.851071787945473,0.015431096221783713,0.8354931548514533,0.054474668799235154,-1.109160510625192
2,0.85,562.0,Sobol1,0.001,6.0,200.0,22.00282859802246,58.370418548583984,0.0538557188031149,0.30291030382466577,0.05687264676420712,0.4266008501293327,0.04556911838956542,0.5133147208268991
3,0.85,562.0,Sobol2,0.001,19.0,200.0,57.498111724853516,15.816103458404541,0.09390790089454036,-0.9959222736084268,0.08465786529541312,-0.8332732038288377,0.07715987792941142,-0.2993143759846806
