,ratio,rndint,dataset,learning_rate,batchsize,epochs,loss,time,mape,r2,mape_test,r2_test,mape_interpolation,r2_interpolation
0,0.95,794.0,Grid1296,0.001,5.0,200.0,50.77265548706055,42.83357048034668,0.03258883846493544,0.5566450509711199,0.028530869338194414,0.4778070945965145,0.06022213302570375,-0.10619920855996412
1,0.95,794.0,Grid2401,0.001,6.0,200.0,7.3594970703125,56.464648962020874,0.014200863534996559,0.8383704510978548,0.018135589737071123,0.7124092804425045,0.05732670132306464,-1.277907468464973
2,0.95,794.0,Sobol1,0.001,7.0,200.0,10.309578895568848,55.70929408073425,0.013920610539089901,0.9856225663921898,0.013597716459692542,0.9870977986562447,0.018013264145989628,0.9576542433880302
3,0.95,794.0,Sobol2,0.001,6.0,200.0,5.639150142669678,54.33528757095337,0.015262995024092575,0.9799887550027412,0.018540365595822464,0.962910529752644,0.017424688299280816,0.9581645248037685
