,ratio,rndint,dataset,learning_rate,batchsize,epochs,loss,time,mape,r2,mape_test,r2_test,mape_interpolation,r2_interpolation
0,0.55,272.0,Grid1296,0.001,613.0,200.0,78.27449798583984,0.4023935794830322,0.1186719812754143,-0.10008511509185025,0.12143971295919602,-0.31800000869043243,0.1447034826873775,-0.6570907152064078
1,0.55,272.0,Grid2401,0.001,17.0,200.0,16.715158462524414,11.570876359939575,0.02012208048891244,0.7906549585880629,0.017618968958070785,0.8421037769037701,0.058565382326447396,-1.2913989476182501
2,0.55,272.0,Sobol1,0.001,19.0,200.0,69.25456237792969,11.802554607391357,0.08460337300275435,-0.4182552952207115,0.08541264870741014,-0.5511843569455064,0.07460685892601154,-0.11332499839464916
3,0.55,272.0,Sobol2,0.001,5.0,200.0,7.521929740905762,37.561747312545776,0.017527983315305976,0.9758191932269372,0.020419600675046876,0.9728063410747816,0.017804821070930094,0.9613389365749443
