,ratio,rndint,dataset,learning_rate,batchsize,epochs,loss,time,mape,r2,mape_test,r2_test,mape_interpolation,r2_interpolation
0,0.6,554.0,Grid1296,0.001,223.0,200.0,38.70415115356445,0.9620528221130371,0.054528579336619906,-0.8033504722976927,0.050712703191763756,-0.42654186044723263,0.07758990918363494,-2.3816567974534366
1,0.6,554.0,Grid2401,0.001,7.0,200.0,8.43548583984375,31.428957223892212,0.021225486491495724,0.7742311224027301,0.019383671651021946,0.8358512396831519,0.059522893172341364,-1.4312307954911887
2,0.6,554.0,Sobol1,0.001,401.0,200.0,59.01265335083008,1.083460807800293,0.08970019843045904,-4.417724589284197,0.08655667218637086,-3.6509815952160434,0.07272214792938253,-2.3778298097245134
3,0.6,554.0,Sobol2,0.001,5.0,200.0,5.27801513671875,41.608845233917236,0.021653930720158216,0.9708009056080986,0.022104814601073913,0.9637726024328566,0.017855806044718033,0.9571283009906278
