,ratio,rndint,dataset,learning_rate,batchsize,epochs,loss,time,mape,r2,mape_test,r2_test,mape_interpolation,r2_interpolation
0,0.45,48.0,Grid1296,0.001,251.0,200.0,40.04452896118164,0.6523699760437012,0.0616367705371787,-0.6337787418614704,0.05910928520216165,-0.5377748935709075,0.084645187376584,-2.076034029810515
1,0.45,48.0,Grid2401,0.001,13.0,200.0,16.30694580078125,12.506397724151611,0.018393680049089572,0.8084409497224703,0.01781373070448594,0.8367878189916258,0.05803112754365059,-1.1733550796135912
2,0.45,48.0,Sobol1,0.001,11.0,200.0,54.48681640625,16.691226482391357,0.08556210489071578,-1.2299417586110515,0.08486673242163391,-0.9899702528576697,0.07455351289060526,-0.5897852470844558
3,0.45,48.0,Sobol2,0.001,191.0,200.0,51.988521575927734,1.2493677139282227,0.09034135780820934,-2.606260847215672,0.09432882867366442,-3.118732949173621,0.0730709872109176,-1.2798367695976904
