,ratio,rndint,dataset,learning_rate,batchsize,epochs,loss,time,mape,r2,mape_test,r2_test,mape_interpolation,r2_interpolation
0,0.9,829.0,Grid1296,0.001,251.0,200.0,37.410118103027344,1.311758279800415,0.05284746617856857,-0.43240658217203465,0.0452212996378437,0.05122290340024671,0.07566125166385596,-1.8934580256020235
1,0.9,829.0,Grid2401,0.001,13.0,200.0,20.54252815246582,25.235726833343506,0.018729593214822482,0.8125613938590543,0.01869869639792322,0.8624317105008091,0.05897986069747752,-1.336434555019006
2,0.9,829.0,Sobol1,0.001,11.0,200.0,36.30258560180664,33.775222301483154,0.048703349572849414,0.6964594593082432,0.05238360201630337,0.5955331889644356,0.04180923152686097,0.737537771754259
3,0.9,829.0,Sobol2,0.001,5.0,200.0,4.723168849945068,62.777114391326904,0.012888809170263478,0.9832009542088441,0.019564996750284662,0.9676934413377373,0.01569032206190896,0.9619864931971874
