,ratio,rndint,dataset,learning_rate,batchsize,epochs,loss,time,mape,r2,mape_test,r2_test,mape_interpolation,r2_interpolation
0,0.9,678.0,Grid1296,0.001,251.0,200.0,33.09861755371094,1.3098630905151367,0.05162169620584581,-0.2582989813300849,0.05225688075612329,-0.33630515846483044,0.07494264908663377,-1.6493148466780334
1,0.9,678.0,Grid2401,0.001,13.0,200.0,8.01749324798584,25.606940746307373,0.018042615805451086,0.8172376479346444,0.016311725808552478,0.8676721512137338,0.059057204219606314,-1.294900676907968
2,0.9,678.0,Sobol1,0.001,11.0,200.0,13.473233222961426,34.48230957984924,0.01781973128254417,0.9795513217666987,0.0197910834240728,0.9753211111668647,0.02381401940465969,0.9457694075484492
3,0.9,678.0,Sobol2,0.001,5.0,200.0,4.957995414733887,63.88164162635803,0.0158018144320856,0.9806336575687438,0.016327504695592805,0.9871892250887275,0.01861932543010096,0.9581141069880136
