,ratio,rndint,dataset,learning_rate,batchsize,epochs,loss,time,mape,r2,mape_test,r2_test,mape_interpolation,r2_interpolation
0,0.85,272.0,Grid1296,0.001,6.0,200.0,15.001556396484375,31.718711853027344,0.04315945077968233,0.22179628605750956,0.04519828217874038,0.11424254687446911,0.07095311365633823,-0.7921625240667487
1,0.85,272.0,Grid2401,0.001,7.0,200.0,7.799412250518799,43.719401359558105,0.019822965782541578,0.8208006294854308,0.019453596709068776,0.7096147007412599,0.058641635833797855,-1.2879695830148497
2,0.85,272.0,Sobol1,0.001,6.0,200.0,12.913787841796875,56.89634990692139,0.011292768349976143,0.9901116813766037,0.013227535900892,0.9849640874971007,0.016154100054786492,0.9656702253130476
3,0.85,272.0,Sobol2,0.001,19.0,200.0,20.1298770904541,15.471830368041992,0.021908484889175715,0.9694875448267314,0.024725609135219248,0.9664377610154401,0.018754128964776937,0.96031745884818
