,ratio,rndint,dataset,learning_rate,batchsize,epochs,loss,time,mape,r2,mape_test,r2_test,mape_interpolation,r2_interpolation
0,0.4,816.0,Grid1296,0.001,223.0,200.0,39.176048278808594,0.6470541954040527,0.055884993915578086,-0.7801064725120899,0.05735869709797873,-1.2980041932162623,0.08076988331441612,-3.0866450607300555
1,0.4,816.0,Grid2401,0.001,5.0,200.0,8.519335746765137,28.809648990631104,0.019017153479554176,0.783954855973584,0.017165126808780896,0.8416358229151821,0.05815481268321799,-1.3692602121267656
2,0.4,816.0,Sobol1,0.001,401.0,200.0,68.80128479003906,0.7275354862213135,0.09569593020193302,-3.23774240125232,0.09691565029120178,-3.0609192328157215,0.07958176986485749,-1.6947592865773053
3,0.4,816.0,Sobol2,0.001,5.0,200.0,17.645410537719727,27.86076331138611,0.06243756809745031,0.6031028590633845,0.06461569724525502,0.5031871460516779,0.05396922457055621,0.6730130802511181
