,ratio,rndint,dataset,learning_rate,batchsize,epochs,loss,time,mape,r2,mape_test,r2_test,mape_interpolation,r2_interpolation
0,0.9,928.0,Grid1296,0.001,251.0,200.0,33.405277252197266,1.3218274116516113,0.05307055731684207,-0.488595140902095,0.04734742241597062,-0.08400991099387145,0.07680552546201562,-2.0097156121873274
1,0.9,928.0,Grid2401,0.001,13.0,200.0,11.393498420715332,25.267584085464478,0.017243408332819277,0.8189615532371393,0.014943593647587121,0.8912073309141954,0.05784431154897149,-1.1890815249470026
2,0.9,928.0,Sobol1,0.001,11.0,200.0,59.65019226074219,33.868943214416504,0.07568153000949594,-0.6687268810636884,0.07504113741226949,-0.41553044110309223,0.06184133516403608,-0.06315786234910759
3,0.9,928.0,Sobol2,0.001,5.0,200.0,10.596094131469727,62.832618713378906,0.016462187528516095,0.9772975148675079,0.02098513661405488,0.9438363385251872,0.0190968969227814,0.9511175811252788
