,ratio,rndint,dataset,learning_rate,batchsize,epochs,loss,time,mape,r2,mape_test,r2_test,mape_interpolation,r2_interpolation
0,0.9,490.0,Grid1296,0.001,251.0,200.0,34.53157424926758,1.3086910247802734,0.0515653475377715,-0.3082779366715027,0.052002792743674475,-0.7324752814723143,0.0746450244296269,-1.791950627936271
1,0.9,490.0,Grid2401,0.001,13.0,200.0,7.658597469329834,24.949809074401855,0.015370988441807782,0.8375308415037969,0.019294816806257886,0.7029085895524485,0.0568007802871767,-1.1821828477285785
2,0.9,490.0,Sobol1,0.001,11.0,200.0,8.014548301696777,33.37365388870239,0.012867929226495056,0.985496679313457,0.011465314547678554,0.9920305546415227,0.015246628541437105,0.9652595337196617
3,0.9,490.0,Sobol2,0.001,5.0,200.0,8.615551948547363,62.27336668968201,0.01629140374902127,0.9786234952530747,0.016170451403065556,0.978441540220642,0.018363504424515686,0.956603637235657
