,ratio,rndint,dataset,learning_rate,batchsize,epochs,loss,time,mape,r2,mape_test,r2_test,mape_interpolation,r2_interpolation
0,0.75,75.0,Grid1296,0.001,9.0,200.0,46.717830657958984,19.061267852783203,0.03834613176763691,0.4223195393880306,0.03730274925945946,0.3116940009354703,0.06404076718475464,-0.4493340393137093
1,0.75,75.0,Grid2401,0.001,661.0,200.0,34.30837631225586,0.8256707191467285,0.047579440749755536,0.35307271969038345,0.0501869136695079,0.32461332772992413,0.08341053524686433,-2.949794234730921
2,0.75,75.0,Sobol1,0.001,9.0,200.0,63.04608154296875,33.903231382369995,0.07616305073407953,-0.27008651543680595,0.07480535151769098,-0.2128213496858009,0.06331379283784674,0.15712723865391076
3,0.75,75.0,Sobol2,0.001,5.0,200.0,2.7837891578674316,51.69098901748657,0.017496237594198043,0.9802949072256291,0.016198969226040038,0.9831344525729712,0.015604624370762096,0.9664806916194584
