,ratio,rndint,dataset,learning_rate,batchsize,epochs,loss,time,mape,r2,mape_test,r2_test,mape_interpolation,r2_interpolation
0,0.7,294.0,Grid1296,0.001,11.0,200.0,22.55828285217285,14.534721612930298,0.039509008511411425,0.32772775603979665,0.04221512432633641,0.11620676665949514,0.06468805413046262,-0.7100811700025138
1,0.7,294.0,Grid2401,0.001,617.0,200.0,33.30270767211914,0.8110120296478271,0.046013806704985734,0.3164592139774235,0.046760755002934,0.2738392820885911,0.08151153005524495,-3.194703218586942
2,0.7,294.0,Sobol1,0.001,23.0,200.0,22.175220489501953,12.715992212295532,0.028012178439078758,0.9171573265411309,0.028041364224115673,0.9177081956250156,0.028364972353137653,0.8977986707401259
3,0.7,294.0,Sobol2,0.001,29.0,200.0,38.96676254272461,11.229663848876953,0.0912426258556634,-0.9985084643245066,0.09971945417977021,-1.376434964065481,0.07826723216853364,-0.3893601551231096
