,ratio,rndint,dataset,learning_rate,batchsize,epochs,loss,time,mape,r2,mape_test,r2_test,mape_interpolation,r2_interpolation
0,0.45,75.0,Grid1296,0.001,251.0,200.0,44.341949462890625,0.6516377925872803,0.0629821768191698,-0.39244168499481535,0.06725692662235196,-0.8575863328124447,0.08924229448462281,-2.0527209247936686
1,0.45,75.0,Grid2401,0.001,13.0,200.0,30.161705017089844,12.753123044967651,0.04091695571018291,0.4829310097178976,0.04078810944380529,0.4612882883585011,0.07431256211993277,-2.5697450908903403
2,0.45,75.0,Sobol1,0.001,11.0,200.0,58.32406997680664,16.743483066558838,0.08889165544779525,-0.611569095219433,0.0851950870453408,-0.38987510003974246,0.07658172891844786,-0.14042957286583713
3,0.45,75.0,Sobol2,0.001,191.0,200.0,59.48495101928711,1.2476325035095215,0.09651424652103552,-3.572050458982024,0.09120027545869705,-2.947025486923679,0.07438638734725958,-1.529588333265738
