,ratio,rndint,dataset,learning_rate,batchsize,epochs,loss,time,mape,r2,mape_test,r2_test,mape_interpolation,r2_interpolation
0,0.9,593.0,Grid1296,0.001,251.0,200.0,34.34208679199219,1.324767827987671,0.051099208375843884,-0.3601807225101843,0.06003189952927563,-0.6860719485135489,0.07568116748439889,-1.9104346314192653
1,0.9,593.0,Grid2401,0.001,13.0,200.0,21.558908462524414,24.875637531280518,0.030319902166465178,0.6693042762292373,0.030652165578713912,0.7022840499669912,0.06595853035604232,-2.060115930839146
2,0.9,593.0,Sobol1,0.001,11.0,200.0,14.341197967529297,33.23210573196411,0.016282956423281796,0.978946592563719,0.017017952496499917,0.9775892153398597,0.019034453959643385,0.9560024951652308
3,0.9,593.0,Sobol2,0.001,5.0,200.0,13.01385498046875,61.778499603271484,0.018271945557686183,0.9759141825575974,0.018261681513438103,0.9818063222621382,0.02222593605884944,0.9474017456079535
