,ratio,rndint,dataset,learning_rate,batchsize,epochs,loss,time,mape,r2,mape_test,r2_test,mape_interpolation,r2_interpolation
0,0.4,510.0,Grid1296,0.001,223.0,200.0,37.257728576660156,0.6633656024932861,0.060048034138829795,-0.35192697229793657,0.06213264136600354,-0.9959344579737466,0.08444714043635025,-2.2884575939450733
1,0.4,510.0,Grid2401,0.001,5.0,200.0,9.468481063842773,29.074912309646606,0.018466540384052585,0.83031885951635,0.018902368315299144,0.8016718163964996,0.058669150132618794,-1.2071861119820113
2,0.4,510.0,Sobol1,0.001,401.0,200.0,60.3336181640625,0.7353856563568115,0.0847058882191956,-4.497204924530778,0.09513961671275928,-5.387206610898335,0.07368289938497453,-2.8847560932231264
3,0.4,510.0,Sobol2,0.001,5.0,200.0,6.079211235046387,27.883798599243164,0.018635799327576016,0.9770144164185153,0.01751860536248911,0.9765244874483285,0.017342384018299177,0.9608343499090911
