,ratio,rndint,dataset,learning_rate,batchsize,epochs,loss,time,mape,r2,mape_test,r2_test,mape_interpolation,r2_interpolation
0,0.2,593.0,Grid1296,0.001,223.0,200.0,61.82908248901367,0.33602046966552734,0.0876431755568091,-0.24204972207236564,0.0920619626171549,-0.5181454024122956,0.11448120974630646,-1.2145699884330536
1,0.2,593.0,Grid2401,0.001,8.0,200.0,37.21009063720703,9.248017072677612,0.023405906588451753,0.7804124268404301,0.023689512196663483,0.7660627510006679,0.06212510928467224,-1.3625089406647768
2,0.2,593.0,Sobol1,0.001,401.0,200.0,96.81050109863281,0.3764362335205078,0.14600815288576025,-1.1111406349216657,0.15077560402737983,-1.3933243347314006,0.1405314031963353,-0.7695145716001399
3,0.2,593.0,Sobol2,0.001,5.0,200.0,85.43836212158203,14.250767707824707,0.09270949003231853,-0.905100596406883,0.09308455813159588,-0.8539225290855716,0.07896363549798177,-0.326028943312475
