,ratio,rndint,dataset,learning_rate,batchsize,epochs,loss,time,mape,r2,mape_test,r2_test,mape_interpolation,r2_interpolation
0,0.35,634.0,Grid1296,0.001,5.0,200.0,27.548206329345703,15.97589898109436,0.05840811426483329,-0.6956612880980493,0.05033468401310416,0.03462533142019475,0.07250050133323739,-1.422796080547883
1,0.35,634.0,Grid2401,0.001,617.0,200.0,79.6318130493164,0.4162585735321045,0.11577617517702916,0.1571483756651687,0.12020331642826029,0.23754897981773615,0.13507562162650705,-0.7016068512931535
2,0.35,634.0,Sobol1,0.001,701.0,200.0,96.98944854736328,0.43477749824523926,0.14686891833418866,-1.4421933871313022,0.1500244691691526,-1.5945862004099158,0.13954022820763326,-0.9272451010219969
3,0.35,634.0,Sobol2,0.001,5.0,200.0,6.483984470367432,24.218520402908325,0.0176696062209237,0.9715931505164102,0.020740495514189487,0.9661532239392043,0.017474215880343424,0.9571531605908967
