,ratio,rndint,dataset,learning_rate,batchsize,epochs,loss,time,mape,r2,mape_test,r2_test,mape_interpolation,r2_interpolation
0,0.05,171.0,Grid1296,0.001,5.0,200.0,65.86605834960938,2.3551292419433594,0.054319010475923364,0.12285661565844042,0.0541979595368453,0.22955621526691083,0.07528341514707187,-0.6365297745316516
1,0.05,171.0,Grid2401,0.001,8.0,200.0,42.322235107421875,2.3595314025878906,0.035777172442688736,-0.4669826318659154,0.04756168167045579,-1.5022781076765162,0.08004013017685312,-8.891911822442937
2,0.05,171.0,Sobol1,0.001,5.0,200.0,96.74256896972656,4.2663702964782715,0.0950648555407862,-3.090067744511866,0.08851901366221118,-2.496830264307557,0.07673502314462521,-1.5514931127908946
3,0.05,171.0,Sobol2,0.001,5.0,200.0,29.171875,3.6303770542144775,0.07812132829181365,-1.5033484518905782,0.09476935975640954,-2.6789770823003973,0.07677093445746663,-1.308150791029386
