,ratio,rndint,dataset,learning_rate,batchsize,epochs,loss,time,mape,r2,mape_test,r2_test,mape_interpolation,r2_interpolation
0,0.9,985.0,Grid1296,0.001,251.0,200.0,39.676387786865234,1.3142964839935303,0.05185289788205896,-0.5720316152516507,0.05319279008591482,-0.6327190835042742,0.07544245192485627,-2.2605563051993642
1,0.9,985.0,Grid2401,0.001,13.0,200.0,26.15121078491211,25.565878868103027,0.017384124145144276,0.8184604404100336,0.015576186770631007,0.8580593728885957,0.05778682685626087,-1.2019903977258388
2,0.9,985.0,Sobol1,0.001,11.0,200.0,13.7952299118042,33.77552127838135,0.01909056309027046,0.9769840151503338,0.019637696632147587,0.9705153573134178,0.02543152970972614,0.9372703503024132
3,0.9,985.0,Sobol2,0.001,5.0,200.0,6.835839748382568,62.56714081764221,0.01671081376043284,0.9760691178375305,0.018292535640256197,0.9840067505309391,0.014128457571622656,0.9662761552284878
