,ratio,rndint,dataset,learning_rate,batchsize,epochs,loss,time,mape,r2,mape_test,r2_test,mape_interpolation,r2_interpolation
0,0.8,48.0,Grid1296,0.001,223.0,200.0,34.49831008911133,1.2777070999145508,0.05144222364148862,-0.43965122071774476,0.053093139399157066,-0.4091416048204384,0.07510083040251307,-1.9828710846447546
1,0.8,48.0,Grid2401,0.001,5.0,200.0,24.880407333374023,57.10557222366333,0.014681113846316568,0.8573213510629348,0.01620567717095396,0.790998513883169,0.05231619072340279,-0.8651379645304915
2,0.8,48.0,Sobol1,0.001,401.0,200.0,56.17875671386719,1.4353933334350586,0.0880850321382814,-2.5642661703213334,0.084988753527417,-2.6984540454353025,0.07300997392212732,-1.4293755400394832
3,0.8,48.0,Sobol2,0.001,5.0,200.0,22.250274658203125,55.14107084274292,0.023388532528062136,0.9648021500155778,0.025055809084338316,0.9680762537431543,0.025383235543966563,0.9390044325558492
