,ratio,rndint,dataset,learning_rate,batchsize,epochs,loss,time,mape,r2,mape_test,r2_test,mape_interpolation,r2_interpolation
0,0.2,588.0,Grid1296,0.001,223.0,200.0,77.11136627197266,0.3315255641937256,0.11647991564595815,-0.44647450415899037,0.1111491904438485,-0.21802525058703415,0.1377958642648964,-0.8150260528863993
1,0.2,588.0,Grid2401,0.001,8.0,200.0,28.795440673828125,9.387535333633423,0.02748942346193243,0.7528929302917144,0.028033329100644412,0.7197716134043981,0.06455780774569365,-1.786801666958782
2,0.2,588.0,Sobol1,0.001,401.0,200.0,98.96861267089844,0.37284016609191895,0.1478282510444773,-1.7932714679783044,0.1409930186731062,-1.523314241256497,0.132047733740108,-0.9202412191971157
3,0.2,588.0,Sobol2,0.001,5.0,200.0,34.6763916015625,14.510478973388672,0.09685070558146021,-0.8146278099114357,0.09340189879848836,-0.526852912840359,0.07952597924195266,-0.07025466358763621
