,ratio,rndint,dataset,learning_rate,batchsize,epochs,loss,time,mape,r2,mape_test,r2_test,mape_interpolation,r2_interpolation
0,0.5,794.0,Grid1296,0.001,6.0,200.0,49.570068359375,18.766401052474976,0.053408371502003636,-0.2758286069843219,0.05237252608022638,-0.20459610536155637,0.07833806165407664,-1.526749423315302
1,0.5,794.0,Grid2401,0.001,881.0,200.0,71.64610290527344,0.46259355545043945,0.10144990240161336,0.21495334194512083,0.10426564214994749,0.17087872678960558,0.1251841316034438,-1.01389795763078
2,0.5,794.0,Sobol1,0.001,6.0,200.0,5.163858890533447,33.969552993774414,0.015427161393229917,0.9843695789925989,0.015997223927776142,0.98171609367968,0.020607624166885188,0.9557437672602271
3,0.5,794.0,Sobol2,0.001,5.0,200.0,13.250732421875,34.31580638885498,0.04550793740245995,0.8629129254673176,0.04489472289993654,0.8682228733103785,0.04050266719385034,0.8232331045879168
