,ratio,rndint,dataset,learning_rate,batchsize,epochs,loss,time,mape,r2,mape_test,r2_test,mape_interpolation,r2_interpolation
0,0.15,996.0,Grid1296,0.001,167.0,200.0,78.38442993164062,0.3197629451751709,0.11768576980039633,-0.5770339602315868,0.11098501194982417,-0.26444363391898285,0.13775807715109165,-0.8763923879207001
1,0.15,996.0,Grid2401,0.001,6.0,200.0,23.284677505493164,9.33715271949768,0.03457477114492624,0.5079203138636674,0.034482478281026324,0.5553650445109842,0.06853915153341995,-2.393857626601141
2,0.15,996.0,Sobol1,0.001,5.0,200.0,43.73603439331055,12.718542575836182,0.07744735943011882,-1.0780035501120149,0.08873858795313429,-1.8921074333497523,0.07379055244262699,-0.9218612026112083
3,0.15,996.0,Sobol2,0.001,5.0,200.0,64.89115905761719,10.80428957939148,0.08550141416672966,-0.802596720816428,0.09476328776238878,-1.183298414654069,0.07839282998938187,-0.43043594970418764
