,ratio,rndint,dataset,learning_rate,batchsize,epochs,loss,time,mape,r2,mape_test,r2_test,mape_interpolation,r2_interpolation
0,0.15,222.0,Grid1296,0.001,167.0,200.0,78.05570220947266,0.3171827793121338,0.11997237480696758,-0.12382266841546508,0.12300326299654347,-0.2968513725037569,0.1493939591685444,-0.7705370994358554
1,0.15,222.0,Grid2401,0.001,6.0,200.0,17.66383934020996,9.272238731384277,0.02430122505044347,0.7737976827254875,0.025828978542077472,0.7663509609076429,0.06325393913446305,-1.510801713008218
2,0.15,222.0,Sobol1,0.001,5.0,200.0,89.41464233398438,12.674254179000854,0.08168524434710325,-1.2805913922321976,0.08705789602600947,-1.2869517492729026,0.07448420872969819,-0.6707345322039828
3,0.15,222.0,Sobol2,0.001,5.0,200.0,45.6915397644043,10.751777648925781,0.06069789046075356,0.7493784525364828,0.057112090964787775,0.7034303027803879,0.049954565761698946,0.7288758658518284
