,ratio,rndint,dataset,learning_rate,batchsize,epochs,loss,time,mape,r2,mape_test,r2_test,mape_interpolation,r2_interpolation
0,0.15,951.0,Grid1296,0.001,167.0,200.0,65.24402618408203,0.31850409507751465,0.09467110498020287,-0.3145819372703964,0.09409113959693874,-0.38970481095327725,0.11898848608268267,-1.1086041953361065
1,0.15,951.0,Grid2401,0.001,6.0,200.0,24.188690185546875,9.389127731323242,0.038478775868245114,0.38669209768974144,0.04237765483557287,0.2326487760869137,0.07579423217749418,-3.8504539098063377
2,0.15,951.0,Sobol1,0.001,5.0,200.0,18.885692596435547,12.818673849105835,0.07236520541416472,-0.6583821716215332,0.08349261998359184,-1.1031522239333151,0.06861126291806756,-0.3991282832871339
3,0.15,951.0,Sobol2,0.001,5.0,200.0,35.8663330078125,10.873844385147095,0.08949561691887793,-0.6832410365226151,0.09478624945897893,-0.7624332726775227,0.07971656010404551,-0.21803299895658346
