,ratio,rndint,dataset,learning_rate,batchsize,epochs,loss,time,mape,r2,mape_test,r2_test,mape_interpolation,r2_interpolation
0,0.15,48.0,Grid1296,0.001,167.0,200.0,65.9254150390625,0.32218408584594727,0.1035144277402174,-0.3075611386247694,0.11208262120301116,-0.48849172262086005,0.13714644107319662,-1.1069967220124615
1,0.15,48.0,Grid2401,0.001,6.0,200.0,31.373342514038086,9.254642248153687,0.03391544349870333,0.7839865803979662,0.038227151416950024,0.6996204437418363,0.07070329271818858,-1.0153865504621735
2,0.15,48.0,Sobol1,0.001,5.0,200.0,91.46736145019531,12.609200716018677,0.08586262167382157,-0.8640357186266749,0.08755667126794507,-0.8749307372206327,0.07664039808091484,-0.40384581024162247
3,0.15,48.0,Sobol2,0.001,5.0,200.0,89.28746795654297,10.706496000289917,0.07877581775315994,-0.18653107046983708,0.09382180869174087,-0.6711738789465291,0.07517368878622746,0.007622651371638756
