,ratio,rndint,dataset,learning_rate,batchsize,epochs,loss,time,mape,r2,mape_test,r2_test,mape_interpolation,r2_interpolation
0,0.1,731.0,Grid1296,0.001,37.0,200.0,30.846521377563477,0.8710975646972656,0.05800718784905389,-0.6560415790141609,0.056303273374301126,-0.8644259632637248,0.08131395927038854,-2.6725965455715865
1,0.1,731.0,Grid2401,0.001,8.0,200.0,35.03263854980469,4.67317795753479,0.03639110420173672,0.5767827836846278,0.038190421426562496,0.4746046456416586,0.07329075549202646,-3.064465952304027
2,0.1,731.0,Sobol1,0.001,5.0,200.0,53.09333419799805,8.459831714630127,0.07973005294761626,-0.48049448764357705,0.08875505858713859,-1.0567663086864267,0.07726766179381196,-0.5235780456044397
3,0.1,731.0,Sobol2,0.001,5.0,200.0,34.37541580200195,7.203978061676025,0.09531744880424828,-0.6228531351659756,0.09248612143109351,-0.6416987051159042,0.07908877231804871,-0.16062321612889519
