,ratio,rndint,dataset,learning_rate,batchsize,epochs,loss,time,mape,r2,mape_test,r2_test,mape_interpolation,r2_interpolation
0,0.6,35.0,Grid1296,0.001,223.0,200.0,36.209686279296875,0.9707224369049072,0.05120635601098413,-0.7157797329206315,0.05416259357027132,-0.8044429401040967,0.07567220194848394,-2.600140378661444
1,0.6,35.0,Grid2401,0.001,7.0,200.0,22.62991714477539,31.128228425979614,0.019110691132524567,0.8418454097669308,0.019968015091782653,0.8029097381213309,0.05952643944002904,-1.0912840687579495
2,0.6,35.0,Sobol1,0.001,401.0,200.0,62.25910949707031,1.0925137996673584,0.08880880765807053,-4.795585109221479,0.09039020815016369,-4.4644157053105245,0.07296677862868738,-2.6887593044206617
3,0.6,35.0,Sobol2,0.001,5.0,200.0,7.47491455078125,41.21759223937988,0.019417429155734155,0.97090592751139,0.020338482880743823,0.9601013572295227,0.01849862486483443,0.9528844219054732
