,ratio,rndint,dataset,learning_rate,batchsize,epochs,loss,time,mape,r2,mape_test,r2_test,mape_interpolation,r2_interpolation
0,0.45,731.0,Grid1296,0.001,251.0,200.0,41.561668395996094,0.6668362617492676,0.06117383816902898,-0.6192928340637218,0.05888497456799594,-0.7616602458137116,0.08288564265168605,-2.2747492994274823
1,0.45,731.0,Grid2401,0.001,13.0,200.0,19.842060089111328,12.610750436782837,0.023097793384065105,0.7776121238059951,0.021062674343952533,0.7911525607313867,0.060418219909474685,-1.4970169887168967
2,0.45,731.0,Sobol1,0.001,11.0,200.0,56.59982681274414,16.879122018814087,0.08525758605393045,-0.70899074727324,0.08910352224551649,-0.7762286980239621,0.077087949873197,-0.3496387240723442
3,0.45,731.0,Sobol2,0.001,191.0,200.0,65.58610534667969,1.280496597290039,0.09450840016281133,-2.9951272595691676,0.09161909952214907,-2.390259079166277,0.07413458308268922,-1.1920979793828534
