,ratio,rndint,dataset,learning_rate,batchsize,epochs,loss,time,mape,r2,mape_test,r2_test,mape_interpolation,r2_interpolation
0,0.8,147.0,Grid1296,0.001,223.0,200.0,35.90015411376953,1.2845122814178467,0.05038833880939861,-0.23194912293744507,0.057095180924484276,-0.7633085178975392,0.07481285790951564,-1.7908106235733041
1,0.8,147.0,Grid2401,0.001,5.0,200.0,6.677563667297363,59.13218927383423,0.017284868598595897,0.8001810077019456,0.014906754843596371,0.8799795822115032,0.05795213826193126,-1.4504599429845149
2,0.8,147.0,Sobol1,0.001,401.0,200.0,65.22599029541016,1.4548165798187256,0.08729168806839753,-2.872577148017537,0.08734420194781327,-2.8004457354539185,0.0726219344662325,-1.601310343153306
3,0.8,147.0,Sobol2,0.001,5.0,200.0,16.3547306060791,56.88054323196411,0.023443763061526856,0.9688956118782166,0.02287714359540287,0.9641846279311376,0.02561285646947519,0.9386824357741614
