,ratio,rndint,dataset,learning_rate,batchsize,epochs,loss,time,mape,r2,mape_test,r2_test,mape_interpolation,r2_interpolation
0,0.25,588.0,Grid1296,0.001,9.0,200.0,22.05790138244629,6.60832405090332,0.05766827785042494,-0.44281092349989803,0.058469516997284046,-0.21007521516655636,0.08455924016645171,-1.420438432202599
1,0.25,588.0,Grid2401,0.001,5.0,200.0,11.721105575561523,19.039769887924194,0.02021595329798104,0.8024019223042387,0.021073847871419474,0.8129459374224653,0.06066877845668375,-1.4654149769644902
2,0.25,588.0,Sobol1,0.001,167.0,200.0,56.68130111694336,0.9516804218292236,0.08937926917647834,-2.838251005581787,0.08848477176321698,-2.783187051279833,0.07343304772145866,-1.5322391870863235
3,0.25,588.0,Sobol2,0.001,5.0,200.0,41.57184982299805,18.012853145599365,0.08935486914507233,-0.4903319076856376,0.09209050974626652,-0.28870970733024914,0.07829476849524258,0.04645009822490154
