,ratio,rndint,dataset,learning_rate,batchsize,epochs,loss,time,mape,r2,mape_test,r2_test,mape_interpolation,r2_interpolation
0,0.25,249.0,Grid1296,0.001,9.0,200.0,33.99406051635742,6.366718530654907,0.050566508367065124,0.09627844612549163,0.05378818961074619,-0.21104008557644538,0.07281052202287257,-1.2400960119636544
1,0.25,249.0,Grid2401,0.001,5.0,200.0,26.152441024780273,18.022605895996094,0.01912547521298716,0.8011900555163459,0.018257770662966622,0.8283571257867182,0.057778620078806034,-1.2217181150675103
2,0.25,249.0,Sobol1,0.001,167.0,200.0,62.34779739379883,0.9402849674224854,0.08738503256215989,-2.164420872443728,0.08927507786832949,-2.905248986847157,0.07334265062712171,-1.4586092291775872
3,0.25,249.0,Sobol2,0.001,5.0,200.0,24.662134170532227,17.40575122833252,0.04313500912056953,0.849609634548301,0.04519020700122776,0.8259546158158739,0.042711978585757676,0.7747137175766092
