,ratio,rndint,dataset,learning_rate,batchsize,epochs,loss,time,mape,r2,mape_test,r2_test,mape_interpolation,r2_interpolation
0,0.35,854.0,Grid1296,0.001,5.0,200.0,15.363256454467773,16.48667883872986,0.04339297500677504,0.31279168275237623,0.04387606508506562,0.2578128216097787,0.06832690452141721,-0.6024717396331509
1,0.35,854.0,Grid2401,0.001,617.0,200.0,64.99703979492188,0.4167625904083252,0.0938972235126867,0.26336497356546695,0.09854545114500561,0.16624430841774673,0.12104993002959706,-1.150803265139913
2,0.35,854.0,Sobol1,0.001,701.0,200.0,104.60057067871094,0.43817138671875,0.15884993733670616,-1.2121267913475369,0.147253174537588,-1.3434381875821337,0.14253744590861958,-0.7482892703926793
3,0.35,854.0,Sobol2,0.001,5.0,200.0,41.7617301940918,25.052709817886353,0.08571383831256608,-0.2947607356502153,0.08870088920022327,-0.349247235770326,0.07361466456675773,0.12084453106960635
