,ratio,rndint,dataset,learning_rate,batchsize,epochs,loss,time,mape,r2,mape_test,r2_test,mape_interpolation,r2_interpolation
0,0.5,530.0,Grid1296,0.001,6.0,200.0,18.0494384765625,19.282814264297485,0.047949612032056665,0.027673997976812137,0.049202690376763954,-0.06457441285349064,0.07233273332253964,-1.13998817503954
1,0.5,530.0,Grid2401,0.001,881.0,200.0,68.05439758300781,0.4674539566040039,0.09602338255044893,0.23109990182336193,0.09916703190909207,0.16231407896588934,0.12246166403779925,-1.1570431326641373
2,0.5,530.0,Sobol1,0.001,6.0,200.0,5.56195068359375,34.812302350997925,0.01381950729993203,0.9844051398254544,0.014621250563897936,0.9829641844366594,0.01678050829814421,0.9620644313186808
3,0.5,530.0,Sobol2,0.001,5.0,200.0,4.787585258483887,35.21412491798401,0.019189244906675822,0.9740587422083876,0.01798574969178105,0.9731399963916709,0.017499285720715258,0.9588509020506275
