,ratio,rndint,dataset,learning_rate,batchsize,epochs,loss,time,mape,r2,mape_test,r2_test,mape_interpolation,r2_interpolation
0,0.85,395.0,Grid1296,0.001,6.0,200.0,7.012461185455322,32.09583783149719,0.013199305577188257,0.902828113725506,0.018070203251129128,0.8650739927997781,0.03846655472582126,0.6840409817293849
1,0.85,395.0,Grid2401,0.001,7.0,200.0,26.852294921875,44.41211652755737,0.020811415179748317,0.8165229448107191,0.02042497101861596,0.8491053613744199,0.059998127462904796,-1.1072263523226575
2,0.85,395.0,Sobol1,0.001,6.0,200.0,8.696208000183105,58.02771806716919,0.017927821511785614,0.9785892133617494,0.01857079869274588,0.9810299731243572,0.02358654555850291,0.943069287619749
3,0.85,395.0,Sobol2,0.001,19.0,200.0,48.567832946777344,15.62896728515625,0.08833606308780023,-0.8399559738076827,0.09440001754338158,-0.978474554503858,0.07289539704226261,-0.15335737434848595
