,ratio,rndint,dataset,learning_rate,batchsize,epochs,loss,time,mape,r2,mape_test,r2_test,mape_interpolation,r2_interpolation
0,0.15,816.0,Grid1296,0.001,167.0,200.0,65.95108795166016,0.3201630115509033,0.09419706125489576,-0.3273149860688753,0.09478797090107029,-0.5376232596389323,0.11978754355431759,-1.3038413901492665
1,0.15,816.0,Grid2401,0.001,6.0,200.0,17.280996322631836,9.297261238098145,0.02294793321765347,0.768544395336298,0.022078159016042518,0.7988049789707095,0.06092147944428243,-1.6265388923918978
2,0.15,816.0,Sobol1,0.001,5.0,200.0,16.508960723876953,12.688686609268188,0.0589340491135875,0.4681798460747668,0.0624489230021538,0.376514922348252,0.05662104357226475,0.4172497244511524
3,0.15,816.0,Sobol2,0.001,5.0,200.0,36.41351318359375,10.766870260238647,0.0842939754855688,0.31326052246580083,0.0865932031507288,0.19886983283759685,0.07789105133446632,0.2857028811146447
