,ratio,rndint,dataset,learning_rate,batchsize,epochs,loss,time,mape,r2,mape_test,r2_test,mape_interpolation,r2_interpolation
0,0.3,678.0,Grid1296,0.001,167.0,200.0,42.5642204284668,0.6173191070556641,0.06310632728049628,-0.39667401270016,0.06680957858808453,-0.7200479128336625,0.0895391692013384,-2.0190592826408333
1,0.3,678.0,Grid2401,0.001,6.0,200.0,9.331034660339355,18.219740867614746,0.023031676494609868,0.8232627693560293,0.024489538064932686,0.7918299099003542,0.06324684888735582,-1.2563719783585476
2,0.3,678.0,Sobol1,0.001,601.0,200.0,96.57312774658203,0.40717244148254395,0.14249130302113958,-1.128222014468074,0.1453446408325965,-1.2647536732366507,0.13449351249249936,-0.662194544017348
3,0.3,678.0,Sobol2,0.001,5.0,200.0,40.489501953125,21.169111251831055,0.09448597709025298,-0.6602214426959583,0.09062480786045693,-0.5963600633723776,0.07871210756472939,-0.18586070401740895
