,ratio,rndint,dataset,learning_rate,batchsize,epochs,loss,time,mape,r2,mape_test,r2_test,mape_interpolation,r2_interpolation
0,0.15,16.0,Grid1296,0.001,167.0,200.0,80.39817810058594,0.3166518211364746,0.12228228974562971,-0.24681274149639876,0.11158801122635399,-0.17295438784191441,0.13891832206346727,-0.6929136478724347
1,0.15,16.0,Grid2401,0.001,6.0,200.0,36.17348098754883,9.263805150985718,0.039868579632856414,0.3212244914390887,0.03959035213739608,0.2873469848559439,0.07300843149092764,-3.631360412135937
2,0.15,16.0,Sobol1,0.001,5.0,200.0,45.15882110595703,12.623703002929688,0.08836634319163392,-0.22933811898655265,0.08798656806727083,-0.17814717979320283,0.08029605819067197,0.020225459122341305
3,0.15,16.0,Sobol2,0.001,5.0,200.0,72.61631774902344,10.735163927078247,0.08610336861453032,-1.4953584259844956,0.09527454011754297,-1.3722654448998814,0.0788650279454326,-0.614698542944786
