,ratio,rndint,dataset,learning_rate,batchsize,epochs,loss,time,mape,r2,mape_test,r2_test,mape_interpolation,r2_interpolation
0,0.45,562.0,Grid1296,0.001,251.0,200.0,42.33399200439453,0.6585719585418701,0.05852853785774878,-1.3047827924367836,0.05637934829236101,-1.082963152590529,0.082467904901057,-3.232828559226162
1,0.45,562.0,Grid2401,0.001,13.0,200.0,6.445302963256836,12.688031673431396,0.018351036602788952,0.8075169265211017,0.0200191253667177,0.8028403569664958,0.05901889154334885,-1.3560193412142576
2,0.45,562.0,Sobol1,0.001,11.0,200.0,37.63700866699219,16.99360179901123,0.0828593649152324,-0.9886354683620324,0.08958707126623609,-1.3970286127844052,0.07531089389361856,-0.6370664681706897
3,0.45,562.0,Sobol2,0.001,191.0,200.0,69.49179077148438,1.2631995677947998,0.09587504232515788,-3.13016137707267,0.0906353353289001,-3.1417000853177592,0.07319681848347838,-1.419174901155614
