,ratio,rndint,dataset,learning_rate,batchsize,epochs,loss,time,mape,r2,mape_test,r2_test,mape_interpolation,r2_interpolation
0,0.45,711.0,Grid1296,0.001,251.0,200.0,39.02427291870117,0.6610345840454102,0.06184081587684824,-0.7461898775405109,0.0601908303258524,-0.5134338942547814,0.0851146235447612,-2.1177856435343143
1,0.45,711.0,Grid2401,0.001,13.0,200.0,6.273850440979004,12.720438718795776,0.019381533556779604,0.7955062570653615,0.019026830414578807,0.8440804078840523,0.05854071784519878,-1.2011625654332856
2,0.45,711.0,Sobol1,0.001,11.0,200.0,41.68510055541992,17.014744997024536,0.0844060589716397,-0.14837110206031978,0.08309451819365696,-0.019920605571554395,0.0753098653094852,0.11242939463886237
3,0.45,711.0,Sobol2,0.001,191.0,200.0,54.842830657958984,1.264347791671753,0.08934263924787361,-2.8574478691634155,0.09617567851988516,-3.511683905102304,0.07367332181197186,-1.483481017215266
