,ratio,rndint,dataset,learning_rate,batchsize,epochs,loss,time,mape,r2,mape_test,r2_test,mape_interpolation,r2_interpolation
0,0.65,35.0,Grid1296,0.001,5.0,200.0,10.429455757141113,29.31266140937805,0.035978713502091184,0.45117397551082705,0.036354389466913654,0.4751880888126374,0.0602798109674434,-0.2809641835362433
1,0.65,35.0,Grid2401,0.001,5.0,200.0,17.322973251342773,46.29721403121948,0.013001519790059432,0.8749123351357624,0.01410041555567167,0.8393324101613184,0.05202576363574745,-0.7365018118316711
2,0.65,35.0,Sobol1,0.001,1303.0,200.0,96.25181579589844,0.5564374923706055,0.14437170378241815,-1.3685910758765765,0.14918624383694637,-1.4229675796632035,0.13618698522875936,-0.7927730025862609
3,0.65,35.0,Sobol2,0.001,5.0,200.0,6.428723335266113,44.65059995651245,0.019161952818209763,0.9693612062952658,0.01836260317752621,0.9673291581877426,0.017921032030494066,0.9550562065634438
