,ratio,rndint,dataset,learning_rate,batchsize,epochs,loss,time,mape,r2,mape_test,r2_test,mape_interpolation,r2_interpolation
0,0.95,634.0,Grid1296,0.001,5.0,200.0,5.778857231140137,42.80835270881653,0.022488859319215217,0.8437676264531241,0.024182004295945754,0.8228855632239682,0.04144353278900286,0.6299870497459534
1,0.95,634.0,Grid2401,0.001,6.0,200.0,25.78782081604004,56.32356643676758,0.015944393093306003,0.8428664491038073,0.01864593677992963,0.7161259130821336,0.05653560721317467,-1.1428920231892277
2,0.95,634.0,Sobol1,0.001,7.0,200.0,9.270734786987305,55.81810116767883,0.010446103495982637,0.9910096923931662,0.017006553585882742,0.9874411428187346,0.015281680002273895,0.9672751570689712
3,0.95,634.0,Sobol2,0.001,6.0,200.0,5.650319576263428,54.27077507972717,0.014419761841938772,0.9785353628711919,0.01182606091310799,0.9876783563413322,0.014190223166788642,0.9648657853110237
