,ratio,rndint,dataset,learning_rate,batchsize,epochs,loss,time,mape,r2,mape_test,r2_test,mape_interpolation,r2_interpolation
0,0.8,294.0,Grid1296,0.001,223.0,200.0,37.1090202331543,1.2840089797973633,0.05161478493192656,-0.4395515826980918,0.05267865393605386,-0.926553614246604,0.07523251786304076,-2.1535554790740674
1,0.8,294.0,Grid2401,0.001,5.0,200.0,9.780957221984863,57.45749521255493,0.016762551032344492,0.8457262885659355,0.01776041031797693,0.8255540475741835,0.05733893279409506,-1.0824107100978329
2,0.8,294.0,Sobol1,0.001,401.0,200.0,59.698265075683594,1.44167160987854,0.08867734387980694,-2.9982053843934438,0.08192776138620239,-2.231630719687043,0.07263783083213562,-1.5920602915286821
3,0.8,294.0,Sobol2,0.001,5.0,200.0,15.6165771484375,55.40164756774902,0.02067527168384798,0.9738624782868014,0.023635595436459808,0.9570381458632314,0.017328408019844734,0.9625342300102032
