,ratio,rndint,dataset,learning_rate,batchsize,epochs,loss,time,mape,r2,mape_test,r2_test,mape_interpolation,r2_interpolation
0,0.2,171.0,Grid1296,0.001,223.0,200.0,64.18339538574219,0.3307218551635742,0.09547713015602348,0.09160940258062478,0.10762605231416011,-0.3213686022912041,0.12973506517368702,-0.7986769207235334
1,0.2,171.0,Grid2401,0.001,8.0,200.0,23.256568908691406,9.144391536712646,0.0235266458822091,0.688612490929364,0.02461178554295851,0.7276956748952186,0.06229628815423593,-2.106103831552376
2,0.2,171.0,Sobol1,0.001,401.0,200.0,106.57319641113281,0.3673100471496582,0.16396634483727007,-0.9855269565931388,0.16731351159081398,-1.0930838050910037,0.1604944244094009,-0.6425125238318845
3,0.2,171.0,Sobol2,0.001,5.0,200.0,44.3666877746582,14.075485229492188,0.08957930438423857,-0.7786084281960375,0.09588021873869303,-0.9647597253845068,0.07950194630586176,-0.30350029388159294
