,ratio,rndint,dataset,learning_rate,batchsize,epochs,loss,time,mape,r2,mape_test,r2_test,mape_interpolation,r2_interpolation
0,0.5,588.0,Grid1296,0.001,6.0,200.0,16.31919288635254,19.411161184310913,0.05916138898834184,-0.155896655252048,0.05652654394867955,0.046896180411781896,0.084494248856386,-1.0642731320286694
1,0.5,588.0,Grid2401,0.001,881.0,200.0,76.23395538330078,0.4654252529144287,0.11001312809307551,0.14599651377071288,0.1106862106780121,0.19089113406795954,0.12954029097582578,-0.9316693682810777
2,0.5,588.0,Sobol1,0.001,6.0,200.0,12.58509349822998,34.66749358177185,0.013448825771874017,0.9883664238158278,0.01564031270184028,0.9782115093311673,0.018211417311028093,0.9603779765706716
3,0.5,588.0,Sobol2,0.001,5.0,200.0,22.069164276123047,35.07445478439331,0.03933094540317999,0.8982887564795586,0.03721632935807387,0.892785435131482,0.03638161534347421,0.8643714590614922
