,ratio,rndint,dataset,learning_rate,batchsize,epochs,loss,time,mape,r2,mape_test,r2_test,mape_interpolation,r2_interpolation
0,0.6,222.0,Grid1296,0.001,223.0,200.0,39.53431701660156,0.961738109588623,0.054959046655376174,-1.1191916479231043,0.050902169045201465,-0.6726651964994672,0.07816925339088002,-2.8803615566759886
1,0.6,222.0,Grid2401,0.001,7.0,200.0,10.296483039855957,31.301653623580933,0.01926073556595108,0.7919791849912122,0.017306418277026857,0.8492536691294208,0.058666163745982436,-1.3283592080760256
2,0.6,222.0,Sobol1,0.001,401.0,200.0,58.85914993286133,1.079603672027588,0.08817782494577565,-3.6488004313435995,0.08798907838102137,-3.1001815287722936,0.07267840833143308,-1.9364300989991525
3,0.6,222.0,Sobol2,0.001,5.0,200.0,12.895172119140625,41.55686569213867,0.020949387382632904,0.9693073827321722,0.01866054964474523,0.9696947112463988,0.020065551575656627,0.9511991405152678
