,ratio,rndint,dataset,learning_rate,batchsize,epochs,loss,time,mape,r2,mape_test,r2_test,mape_interpolation,r2_interpolation
0,0.55,237.0,Grid1296,0.001,613.0,200.0,74.01289367675781,0.44957971572875977,0.1092198120664017,-0.16741469427987288,0.11077019236932668,-0.34848499462877536,0.13502297883408046,-0.7935283707466869
1,0.55,237.0,Grid2401,0.001,17.0,200.0,10.538639068603516,11.731724739074707,0.01923851103506736,0.8252261411529955,0.022806342348175707,0.7915953091576499,0.059934408778980645,-1.2587869113358443
2,0.55,237.0,Sobol1,0.001,19.0,200.0,43.95863723754883,11.974804878234863,0.08156112480467749,-0.44470423244524104,0.09068641051506685,-0.678595847784834,0.07522450333615577,-0.18601433188849148
3,0.55,237.0,Sobol2,0.001,5.0,200.0,5.425103664398193,38.08213400840759,0.02415654550464575,0.9593317890686819,0.025630048058088408,0.9642975584042337,0.026468738733652387,0.9338249147296496
