,ratio,rndint,dataset,learning_rate,batchsize,epochs,loss,time,mape,r2,mape_test,r2_test,mape_interpolation,r2_interpolation
0,0.15,561.0,Grid1296,0.001,167.0,200.0,71.57608032226562,0.316547155380249,0.11283036539078384,-0.6111627497296046,0.11965913464512395,-0.31997199374659924,0.14418949227399244,-0.8857430639180324
1,0.15,561.0,Grid2401,0.001,6.0,200.0,20.22690773010254,9.24605393409729,0.04253589863287338,-0.03431050142045233,0.044804926753348795,-0.14742542401477277,0.07649980730878603,-4.655682176269238
2,0.15,561.0,Sobol1,0.001,5.0,200.0,37.35129928588867,12.888792276382446,0.06844979135179034,0.4295186946897135,0.06705301499397248,0.4423774283657591,0.06186092178201025,0.4762104386427364
3,0.15,561.0,Sobol2,0.001,5.0,200.0,79.04136657714844,10.722192287445068,0.08480831675000691,-0.6414066913913352,0.0940694663762768,-0.8482496439323195,0.07691461075600926,-0.16704772650989885
