,ratio,rndint,dataset,learning_rate,batchsize,epochs,loss,time,mape,r2,mape_test,r2_test,mape_interpolation,r2_interpolation
0,0.95,222.0,Grid1296,0.001,5.0,200.0,32.005104064941406,43.07211089134216,0.038094536059837765,0.39675261710904386,0.03404277362517182,0.5675182894074164,0.060251711120562344,-0.4299054336877288
1,0.95,222.0,Grid2401,0.001,6.0,200.0,12.790019035339355,56.939712047576904,0.019846243433330524,0.7998697786365236,0.015328572638803774,0.9094786634039725,0.05901231966314735,-1.352983185430296
2,0.95,222.0,Sobol1,0.001,7.0,200.0,7.824310302734375,56.44514560699463,0.00952541210924546,0.9939836211720118,0.010883069603788521,0.9934855140162072,0.014480749788530624,0.9696651780397655
3,0.95,222.0,Sobol2,0.001,6.0,200.0,12.64020824432373,54.78203773498535,0.017669445430004854,0.9720396192090088,0.015378207668655074,0.9820779195375436,0.0155913657002716,0.9604537271526932
