,ratio,rndint,dataset,learning_rate,batchsize,epochs,loss,time,mape,r2,mape_test,r2_test,mape_interpolation,r2_interpolation
0,0.25,75.0,Grid1296,0.001,9.0,200.0,56.98989486694336,6.525062322616577,0.049984446535449596,-0.00958096884403603,0.05108673519467624,-0.15913507771226976,0.07200522221298168,-1.3256679417200474
1,0.25,75.0,Grid2401,0.001,5.0,200.0,27.141223907470703,18.835355043411255,0.018943715980219728,0.8500107540648151,0.019524645234296298,0.8057240149681432,0.05938853451539331,-1.3200211720393717
2,0.25,75.0,Sobol1,0.001,167.0,200.0,69.32964324951172,0.9454283714294434,0.09595769703674906,-2.909766669858386,0.08831012880740269,-2.3275101857831877,0.07461944082149352,-1.3044412385424016
3,0.25,75.0,Sobol2,0.001,5.0,200.0,39.9129753112793,17.812954425811768,0.09187462945729147,-0.7776850507204478,0.08935052485262507,-0.5386096826755644,0.07502237030968958,-0.0403326350089217
