,ratio,rndint,dataset,learning_rate,batchsize,epochs,loss,time,mape,r2,mape_test,r2_test,mape_interpolation,r2_interpolation
0,0.8,634.0,Grid1296,0.001,223.0,200.0,41.82728576660156,1.2969071865081787,0.05278426469517529,-0.746557567027915,0.049118039992440035,-0.40255455924728434,0.07589746154163839,-2.4247970090627757
1,0.8,634.0,Grid2401,0.001,5.0,200.0,32.88397216796875,57.03162670135498,0.015798652977974722,0.8510541950086259,0.01704212538568071,0.7754933294581954,0.05485770777782642,-1.1792529487498142
2,0.8,634.0,Sobol1,0.001,401.0,200.0,58.18095016479492,1.4609155654907227,0.08500573998878215,-2.1507197666925544,0.09378300072100751,-2.97710720106144,0.0728826866286447,-1.2746914695147535
3,0.8,634.0,Sobol2,0.001,5.0,200.0,3.8935914039611816,54.805835008621216,0.01933711763848163,0.9733587023674495,0.018953058876990985,0.9783974739336891,0.016236939039976424,0.9633355979865389
