,ratio,rndint,dataset,learning_rate,batchsize,epochs,loss,time,mape,r2,mape_test,r2_test,mape_interpolation,r2_interpolation
0,0.1,593.0,Grid1296,0.001,37.0,200.0,41.14117431640625,0.8616194725036621,0.04589777558228845,-0.7688947090191205,0.05578067660835224,-0.9125435215341908,0.08135980113294702,-2.7758496068561733
1,0.1,593.0,Grid2401,0.001,8.0,200.0,24.097732543945312,4.636967420578003,0.0429876519704837,0.08684152986816185,0.043592726096302395,-0.08553827889312138,0.07829159192595309,-5.066914472298019
2,0.1,593.0,Sobol1,0.001,5.0,200.0,40.74444580078125,8.383883953094482,0.07440795802623429,-0.22204884451504614,0.08766129642005797,-0.8925534621839422,0.0748041950212142,-0.33434696151228516
3,0.1,593.0,Sobol2,0.001,5.0,200.0,96.88722229003906,7.136526584625244,0.08580168692907707,-2.3897641313558564,0.09332477505456431,-2.768416097713104,0.07488653929749013,-1.3246416819236928
