,ratio,rndint,dataset,learning_rate,batchsize,epochs,loss,time,mape,r2,mape_test,r2_test,mape_interpolation,r2_interpolation
0,0.4,562.0,Grid1296,0.001,223.0,200.0,48.56138610839844,0.6463108062744141,0.06814864048207855,-0.6689301222876163,0.062467389692589616,-0.45556040160637346,0.08911668652966849,-1.9138113341159682
1,0.4,562.0,Grid2401,0.001,5.0,200.0,5.106201171875,28.995728969573975,0.015656538774885646,0.8568008062045717,0.018112815181138713,0.8051250044255571,0.05761061686877263,-1.2195194465266415
2,0.4,562.0,Sobol1,0.001,401.0,200.0,61.88642501831055,0.7282767295837402,0.09073402326156436,-3.454719387372621,0.099788428083274,-4.382964808945111,0.07849749020275514,-2.22782070044594
3,0.4,562.0,Sobol2,0.001,5.0,200.0,9.261914253234863,27.961657285690308,0.031050656469485783,0.9236575829654299,0.027299178229232137,0.9294878723852777,0.027448309038867597,0.9113120590313848
