,ratio,rndint,dataset,learning_rate,batchsize,epochs,loss,time,mape,r2,mape_test,r2_test,mape_interpolation,r2_interpolation
0,0.45,854.0,Grid1296,0.001,251.0,200.0,43.538360595703125,0.6549370288848877,0.060929720510941615,-0.6416354193693135,0.06325671749940232,-1.1694294898205317,0.08555608864102701,-2.610569415133959
1,0.45,854.0,Grid2401,0.001,13.0,200.0,10.897104263305664,12.578104496002197,0.02176337771352941,0.7582259845197525,0.019669717880832122,0.8440703767255268,0.05937572354688308,-1.2616059426161415
2,0.45,854.0,Sobol1,0.001,11.0,200.0,30.31048583984375,16.82932424545288,0.07780085700831134,-0.5089170575377557,0.0749151262289806,-0.26716895331486845,0.06462426279422367,0.06106607640997441
3,0.45,854.0,Sobol2,0.001,191.0,200.0,60.7303352355957,1.2523632049560547,0.09342764593194619,-3.047229467167507,0.09366526121843122,-3.243259297107153,0.07466180799387781,-1.5091272303489047
