,ratio,rndint,dataset,learning_rate,batchsize,epochs,loss,time,mape,r2,mape_test,r2_test,mape_interpolation,r2_interpolation
0,0.6,588.0,Grid1296,0.001,223.0,200.0,38.81755447387695,0.9677021503448486,0.054266273240405546,-0.5292517705551194,0.04875422784889276,-0.12909304171195912,0.07592362365673007,-1.866696895566014
1,0.6,588.0,Grid2401,0.001,7.0,200.0,29.857160568237305,31.958838939666748,0.018409975604712664,0.8022526841821253,0.018586058147060217,0.8390052304135729,0.05856233736377904,-1.315888576849476
2,0.6,588.0,Sobol1,0.001,401.0,200.0,60.631614685058594,1.0855937004089355,0.08914311474271246,-3.1601857941911,0.08763072584609276,-3.1848691753873926,0.07283217475239918,-1.7506203255986241
3,0.6,588.0,Sobol2,0.001,5.0,200.0,6.163354396820068,42.33490514755249,0.018096786967463592,0.977229965825984,0.015494802480851763,0.9787501844720488,0.016607921402556833,0.9619208436155686
