,ratio,rndint,dataset,learning_rate,batchsize,epochs,loss,time,mape,r2,mape_test,r2_test,mape_interpolation,r2_interpolation
0,0.4,561.0,Grid1296,0.001,223.0,200.0,36.00273513793945,0.640836238861084,0.05634552973098745,-0.6448813920032437,0.05881574734742431,-0.522583367477147,0.08201090432573302,-2.109803585823282
1,0.4,561.0,Grid2401,0.001,5.0,200.0,21.046972274780273,28.940739631652832,0.039881417688706594,0.33835979802396576,0.04451422336415546,0.10772410626178708,0.0752169182805001,-3.556097030125639
2,0.4,561.0,Sobol1,0.001,401.0,200.0,78.47642517089844,0.7207314968109131,0.10885785993574444,-2.8870953105170107,0.10577922253163455,-2.746153847272507,0.09092503992992551,-1.5281540017266106
3,0.4,561.0,Sobol2,0.001,5.0,200.0,6.201141357421875,27.999526739120483,0.0280054426754985,0.9540590451373564,0.025682998416479353,0.9619295726922846,0.02092149690969363,0.9522830839466447
