,ratio,rndint,dataset,learning_rate,batchsize,epochs,loss,time,mape,r2,mape_test,r2_test,mape_interpolation,r2_interpolation
0,0.4,78.0,Grid1296,0.001,223.0,200.0,41.22481918334961,0.6462345123291016,0.05892984389969069,-0.5054304284944342,0.0624064688723572,-0.6209148915966114,0.08558964844401643,-2.061865619777259
1,0.4,78.0,Grid2401,0.001,5.0,200.0,4.595751762390137,28.994030237197876,0.02298920823641182,0.8430662627501707,0.025682922716950808,0.7786323032283107,0.06298135127433252,-1.154175071159313
2,0.4,78.0,Sobol1,0.001,401.0,200.0,72.33855438232422,0.7242281436920166,0.10415384585234962,-3.991937843571895,0.09878551517656271,-2.888285947041473,0.08373474372217515,-1.8043204247492195
3,0.4,78.0,Sobol2,0.001,5.0,200.0,11.430871963500977,27.98501968383789,0.021031110643505456,0.9700252468593188,0.021027643856970864,0.9636530152572956,0.01965701774501969,0.9506533184616834
