,ratio,rndint,dataset,learning_rate,batchsize,epochs,loss,time,mape,r2,mape_test,r2_test,mape_interpolation,r2_interpolation
0,0.95,593.0,Grid1296,0.001,5.0,200.0,9.138635635375977,42.69114947319031,0.015669266193842714,0.9424746006514637,0.018119218725855146,0.9467792605825156,0.03306544223631771,0.8547745975557455
1,0.95,593.0,Grid2401,0.001,6.0,200.0,24.569183349609375,56.20669984817505,0.012300405282475012,0.8662648029307078,0.011812849439632884,0.9229105809512338,0.04863373496505131,-0.5325386281864097
2,0.95,593.0,Sobol1,0.001,7.0,200.0,9.143815994262695,55.90066647529602,0.012935626235907317,0.9841133415702117,0.011132002093541217,0.9903875703240106,0.018042009263233495,0.9573573417250218
3,0.95,593.0,Sobol2,0.001,6.0,200.0,12.261256217956543,54.202982664108276,0.01964774955002302,0.9734373598879719,0.017907287345654593,0.9861309365666192,0.021227499344686394,0.951588991539933
