,ratio,rndint,dataset,learning_rate,batchsize,epochs,loss,time,mape,r2,mape_test,r2_test,mape_interpolation,r2_interpolation
0,0.1,180.0,Grid1296,0.001,37.0,200.0,41.95703887939453,0.8668017387390137,0.05772213207661795,-0.9744414184134973,0.057481815614425905,-0.8040303007202663,0.08266620027582891,-2.578667674578021
1,0.1,180.0,Grid2401,0.001,8.0,200.0,32.33106994628906,4.665884971618652,0.04370142472591886,0.5104912690258497,0.04500218572504953,0.4823492690906399,0.07958023430521327,-2.511084978848802
2,0.1,180.0,Sobol1,0.001,5.0,200.0,33.734642028808594,8.439229488372803,0.08516527890883406,-1.174409888793254,0.08706820745054435,-0.6275479484154662,0.07670485327774826,-0.2818315109804379
3,0.1,180.0,Sobol2,0.001,5.0,200.0,31.451061248779297,7.178303003311157,0.09102859169049121,-0.6802084451157329,0.09337290300174875,-0.7304598004023422,0.07986009112604549,-0.2573393444505365
