,ratio,rndint,dataset,learning_rate,batchsize,epochs,loss,time,mape,r2,mape_test,r2_test,mape_interpolation,r2_interpolation
0,0.35,35.0,Grid1296,0.001,5.0,200.0,27.894397735595703,15.820592880249023,0.046264453485290236,0.2639523375323649,0.044782350842004603,0.31053096093272614,0.06883958723007429,-0.5654761309392669
1,0.35,35.0,Grid2401,0.001,617.0,200.0,70.80101776123047,0.40947628021240234,0.10086349983111317,0.2107296738865312,0.10066863759591538,0.23459596433641872,0.12222670035695517,-0.9362631864008903
2,0.35,35.0,Sobol1,0.001,701.0,200.0,97.94612884521484,0.4283292293548584,0.14725246813348813,-1.453168096482924,0.14408199075070002,-1.2822685527742341,0.13519021578188634,-0.7538716598801305
3,0.35,35.0,Sobol2,0.001,5.0,200.0,5.214709281921387,24.05349850654602,0.0204701264082606,0.9590585227496933,0.023798837097461955,0.9590844947552977,0.022053154085179674,0.9423121057901298
