,ratio,rndint,dataset,learning_rate,batchsize,epochs,loss,time,mape,r2,mape_test,r2_test,mape_interpolation,r2_interpolation
0,0.8,180.0,Grid1296,0.001,223.0,200.0,38.804893493652344,1.301023244857788,0.05123798206406436,-0.44334391594564204,0.05416226032703395,-0.5492377503191945,0.07539408247495251,-2.0275170787033487
1,0.8,180.0,Grid2401,0.001,5.0,200.0,8.448046684265137,57.41141486167908,0.017028751600728018,0.8414098384218524,0.018545415338670972,0.8131154593738981,0.054559906548780256,-0.9224145411869757
2,0.8,180.0,Sobol1,0.001,401.0,200.0,57.44829177856445,1.4615895748138428,0.08802452068754155,-2.532628005044361,0.08303053738011794,-2.022631116267005,0.07307581204523575,-1.3576018323701096
3,0.8,180.0,Sobol2,0.001,5.0,200.0,8.039098739624023,55.444233894348145,0.020517801933838686,0.9690037903312367,0.023415778923592544,0.9697684921094847,0.021634060052499966,0.9494694042124261
