,ratio,rndint,dataset,learning_rate,batchsize,epochs,loss,time,mape,r2,mape_test,r2_test,mape_interpolation,r2_interpolation
0,0.4,147.0,Grid1296,0.001,223.0,200.0,42.49136734008789,0.6430985927581787,0.0587021130563398,-0.6320659633819845,0.06084971938066692,-0.7052328762106621,0.08347325365219906,-2.247925056474503
1,0.4,147.0,Grid2401,0.001,5.0,200.0,14.008862495422363,28.88042974472046,0.019273734964038974,0.8120298093541334,0.01977947061282607,0.8159234920737148,0.05988398458010599,-1.3345308547531047
2,0.4,147.0,Sobol1,0.001,401.0,200.0,75.4808120727539,0.7239556312561035,0.09626195540789476,-3.9602252005108873,0.09629089966367994,-3.8432400157957405,0.07834463103093765,-2.148603158964733
3,0.4,147.0,Sobol2,0.001,5.0,200.0,38.62596893310547,27.820553302764893,0.041755760335484886,0.8476664232554691,0.041998621763140516,0.8203713641526852,0.03475859352174193,0.8576932382820741
