,ratio,rndint,dataset,learning_rate,batchsize,epochs,loss,time,mape,r2,mape_test,r2_test,mape_interpolation,r2_interpolation
0,0.75,829.0,Grid1296,0.001,9.0,200.0,20.77888298034668,19.1345112323761,0.03665011533538465,0.4939707542874331,0.03660250297199666,0.5316920315199074,0.062263339476015984,-0.19465349531595955
1,0.75,829.0,Grid2401,0.001,661.0,200.0,32.16997146606445,0.834881067276001,0.045417690753706996,0.41448840188690717,0.04495682828531929,0.4849853357875621,0.08030560102471143,-2.638802504675066
2,0.75,829.0,Sobol1,0.001,9.0,200.0,6.45760440826416,34.39726257324219,0.022726520193031827,0.9684829238658729,0.022738222896995383,0.961245493129194,0.027850687987148046,0.9315949975957859
3,0.75,829.0,Sobol2,0.001,5.0,200.0,10.288220405578613,52.73659586906433,0.016463522589004725,0.976727061445816,0.018095203061508077,0.9665305376891279,0.01934785235565734,0.9514060821708086
