,ratio,rndint,dataset,learning_rate,batchsize,epochs,loss,time,mape,r2,mape_test,r2_test,mape_interpolation,r2_interpolation
0,0.05,951.0,Grid1296,0.001,5.0,200.0,57.27217483520508,2.364374876022339,0.0670627448932846,-0.44956497821934804,0.05453344417514829,-0.01827705375401001,0.075801291373962,-1.1078251511029245
1,0.05,951.0,Grid2401,0.001,8.0,200.0,22.19231414794922,2.3685076236724854,0.039495283547322964,0.6052826726081688,0.044046335589343316,0.4712176909528554,0.07609171886057402,-2.3207645279252342
2,0.05,951.0,Sobol1,0.001,5.0,200.0,22.712841033935547,4.279492616653442,0.07141698737992934,-2.4445096239848914,0.0885708564090227,-2.368899944415651,0.07434201527173857,-1.353550626347268
3,0.05,951.0,Sobol2,0.001,5.0,200.0,26.449132919311523,3.6520321369171143,0.07490743544871706,-1.897459543643694,0.09473679801613578,-3.267230010188289,0.07643912266865599,-1.689555499218832
