,ratio,rndint,dataset,learning_rate,batchsize,epochs,loss,time,mape,r2,mape_test,r2_test,mape_interpolation,r2_interpolation
0,0.7,633.0,Grid1296,0.001,11.0,200.0,29.674793243408203,14.690566539764404,0.05286531910038108,-0.3556589464156612,0.05245116623587837,-0.21407730127476077,0.07694943381908023,-1.607775288491414
1,0.7,633.0,Grid2401,0.001,617.0,200.0,36.845542907714844,0.8234593868255615,0.05027862600261516,0.3609340598065959,0.05330568249248325,0.35714497027930747,0.08649602279022595,-2.691873660913724
2,0.7,633.0,Sobol1,0.001,23.0,200.0,25.21503257751465,12.827337265014648,0.04261297867014787,0.8832985504066254,0.04059594683461814,0.87348445763086,0.04267502185662638,0.8425024866022868
3,0.7,633.0,Sobol2,0.001,29.0,200.0,32.633487701416016,11.421090126037598,0.0424529477194703,0.8580272299017555,0.04501258343532646,0.8598020554004577,0.04148220144132021,0.8090636388393908
