,ratio,rndint,dataset,learning_rate,batchsize,epochs,loss,time,mape,r2,mape_test,r2_test,mape_interpolation,r2_interpolation
0,0.35,237.0,Grid1296,0.001,5.0,200.0,15.926916122436523,15.8600594997406,0.052791167042679575,-0.15521500483624528,0.05803825924723826,-0.6620599048215621,0.07331965450286884,-1.8458210562385844
1,0.35,237.0,Grid2401,0.001,617.0,200.0,75.5437240600586,0.40647125244140625,0.1121651099771563,0.20587839121117524,0.10961425911540328,0.21085231006377125,0.12935841421302052,-0.8644622291163084
2,0.35,237.0,Sobol1,0.001,701.0,200.0,91.32075500488281,0.42543864250183105,0.13282230318402868,-1.4382469219749976,0.1412919732719205,-2.02926167550137,0.12585902290176768,-1.0386670737553625
3,0.35,237.0,Sobol2,0.001,5.0,200.0,93.4019546508789,24.18231964111328,0.09015052950228385,-0.28286563274896315,0.08995867477454624,-0.37504729104584733,0.07582593985425834,0.10686967481317766
