,ratio,rndint,dataset,learning_rate,batchsize,epochs,loss,time,mape,r2,mape_test,r2_test,mape_interpolation,r2_interpolation
0,0.1,249.0,Grid1296,0.001,37.0,200.0,29.240280151367188,0.8783235549926758,0.0491000302387527,-0.21658950979633418,0.05376793548676298,-0.4873007333724091,0.07834306358300933,-2.057268659645006
1,0.1,249.0,Grid2401,0.001,8.0,200.0,28.40050506591797,4.672849893569946,0.042707197918979284,0.1934577004789777,0.044859843557940884,0.05162683908401744,0.07587282750842123,-3.7500137504973097
2,0.1,249.0,Sobol1,0.001,5.0,200.0,120.3581314086914,8.458188533782959,0.08880330618874538,-0.2511414154034368,0.09113819336381675,-0.15124124749148682,0.08197613150782455,0.08534025480726948
3,0.1,249.0,Sobol2,0.001,5.0,200.0,58.624267578125,7.18250036239624,0.09406097014753298,-0.4583110917251154,0.09956786848721708,-0.35136509858654463,0.08763183855492555,-0.0652251628551157
