,ratio,rndint,dataset,learning_rate,batchsize,epochs,loss,time,mape,r2,mape_test,r2_test,mape_interpolation,r2_interpolation
0,0.9,554.0,Grid1296,0.001,251.0,200.0,37.834232330322266,1.3050661087036133,0.05232275789573292,-0.34685667918197893,0.0467937049647355,0.13714977234291115,0.07515932835263364,-1.7177537763172697
1,0.9,554.0,Grid2401,0.001,13.0,200.0,9.819345474243164,25.07631516456604,0.0202979350856167,0.8152101755595935,0.02019900960316097,0.8099135939844435,0.0598677596170159,-1.2740625480800571
2,0.9,554.0,Sobol1,0.001,11.0,200.0,18.744245529174805,33.56226634979248,0.014893680340577505,0.9815211145031383,0.013339732557004276,0.9886887384397192,0.01765908239034295,0.9593935426907844
3,0.9,554.0,Sobol2,0.001,5.0,200.0,5.991894721984863,62.447264194488525,0.01507819919478973,0.9800154815672245,0.01635323782624899,0.9711328460385097,0.01607888573410015,0.9626003610205318
