,ratio,rndint,dataset,learning_rate,batchsize,epochs,loss,time,mape,r2,mape_test,r2_test,mape_interpolation,r2_interpolation
0,0.2,877.0,Grid1296,0.001,223.0,200.0,70.51795196533203,0.3304603099822998,0.10544047072535649,-0.6493931776986113,0.10228736905353393,-0.19383922881108173,0.12917685121604283,-0.9223542125073882
1,0.2,877.0,Grid2401,0.001,8.0,200.0,40.534332275390625,9.266351461410522,0.04268726839856931,0.43826850102443815,0.04309830696614009,0.3997645371105729,0.07843624848163755,-3.121465263259026
2,0.2,877.0,Sobol1,0.001,401.0,200.0,92.14628601074219,0.3696482181549072,0.1351777688303402,-1.12451974963309,0.13613368188002511,-1.7933725872749955,0.1234749361644846,-0.9091816369959866
3,0.2,877.0,Sobol2,0.001,5.0,200.0,99.94426727294922,14.244674682617188,0.09449660373343209,-1.0139602311926352,0.09251343363253006,-0.8093052521692639,0.07821901436202257,-0.24639686119882787
