,ratio,rndint,dataset,learning_rate,batchsize,epochs,loss,time,mape,r2,mape_test,r2_test,mape_interpolation,r2_interpolation
0,0.4,16.0,Grid1296,0.001,223.0,200.0,42.18645477294922,0.6385297775268555,0.05806916515571446,-0.7100395657387708,0.05667218063457511,-0.5591047982131787,0.08110997702336509,-2.2255314987896693
1,0.4,16.0,Grid2401,0.001,5.0,200.0,8.577929496765137,28.64095950126648,0.020905503459662113,0.8036795061785497,0.02103290102523906,0.782651708674799,0.06054301850883397,-1.6145886836187238
2,0.4,16.0,Sobol1,0.001,401.0,200.0,64.42948150634766,0.7189149856567383,0.09646388244140676,-3.6489439488748205,0.09198880202709252,-3.1017232065845715,0.07668275353793504,-1.7976404151394085
3,0.4,16.0,Sobol2,0.001,5.0,200.0,4.859771728515625,27.62034773826599,0.02024588794369937,0.9652383674453925,0.02078930447374767,0.969573289527878,0.02237718618151099,0.9437077101810719
