,ratio,rndint,dataset,learning_rate,batchsize,epochs,loss,time,mape,r2,mape_test,r2_test,mape_interpolation,r2_interpolation
0,0.15,390.0,Grid1296,0.001,167.0,200.0,74.66515350341797,0.3194289207458496,0.11527467690038118,0.017973785555638444,0.11641940248981886,-0.19008395718892013,0.1415723842628084,-0.6373298685336439
1,0.15,390.0,Grid2401,0.001,6.0,200.0,22.20546531677246,9.342296600341797,0.043283803917011233,0.008496467215281966,0.04365368907583212,-0.23872122330622347,0.07536823694775903,-5.053607697475635
2,0.15,390.0,Sobol1,0.001,5.0,200.0,60.96257400512695,12.695704460144043,0.08592439514021061,-0.7527915072434457,0.08608916733546781,-1.0552045982524731,0.07570967267057212,-0.5351046892091751
3,0.15,390.0,Sobol2,0.001,5.0,200.0,43.0903205871582,10.774324417114258,0.08898073669683812,-1.0457705502911807,0.09341248707599173,-1.0959877253413448,0.07741058804619919,-0.38550969117376965
