,ratio,rndint,dataset,learning_rate,batchsize,epochs,loss,time,mape,r2,mape_test,r2_test,mape_interpolation,r2_interpolation
0,0.65,816.0,Grid1296,0.001,5.0,200.0,12.498205184936523,29.58535385131836,0.03563598712608719,0.498537503460764,0.03742968242580307,0.5151126779246484,0.06491913026879235,-0.15154032628477254
1,0.65,816.0,Grid2401,0.001,5.0,200.0,9.241528511047363,46.81437921524048,0.017485227492400134,0.8092524861121477,0.017390904847633434,0.8302473775514321,0.05815682497093391,-1.3437007343926375
2,0.65,816.0,Sobol1,0.001,1303.0,200.0,101.02194213867188,0.5581841468811035,0.14962960503155173,-1.7054004291914078,0.14199282700665125,-1.1734388994496396,0.13663586106203002,-0.8764741763769361
3,0.65,816.0,Sobol2,0.001,5.0,200.0,13.145605087280273,45.206557512283325,0.02219002589161145,0.9712613222356622,0.023416942400678407,0.9603312079434989,0.01782643971987815,0.9605481487778561
