,ratio,rndint,dataset,learning_rate,batchsize,epochs,loss,time,mape,r2,mape_test,r2_test,mape_interpolation,r2_interpolation
0,0.5,48.0,Grid1296,0.001,6.0,200.0,10.4200439453125,18.85385012626648,0.03758084856124468,0.38362831801911856,0.03802442758893077,0.45380995033585536,0.06462452320524109,-0.36751137121821653
1,0.5,48.0,Grid2401,0.001,881.0,200.0,69.95508575439453,0.463148832321167,0.10080845234554242,0.23817529819378802,0.09610161581559475,0.2830250584456909,0.12103025387117052,-0.9493124028540547
2,0.5,48.0,Sobol1,0.001,6.0,200.0,10.339808464050293,33.891749143600464,0.013694974437608424,0.9819744432475518,0.014500092564438162,0.9853723410547824,0.01921916143328085,0.9544165902004671
3,0.5,48.0,Sobol2,0.001,5.0,200.0,31.565710067749023,34.504584550857544,0.031870359029502325,0.9100032196645309,0.03520332590203079,0.9089599161669727,0.033605500521998385,0.8833452678228286
