,ratio,rndint,dataset,learning_rate,batchsize,epochs,loss,time,mape,r2,mape_test,r2_test,mape_interpolation,r2_interpolation
0,0.35,678.0,Grid1296,0.001,5.0,200.0,27.042993545532227,15.962969064712524,0.04982332154897752,-0.12714123890762785,0.04961504011594297,-0.11997430698820777,0.07153804210381436,-1.3530158774814565
1,0.35,678.0,Grid2401,0.001,617.0,200.0,68.59175872802734,0.4089655876159668,0.09924985023667895,0.23955922536261398,0.09617303674917871,0.20337962627245965,0.12124754313969696,-1.1095077885506326
2,0.35,678.0,Sobol1,0.001,701.0,200.0,99.469482421875,0.4307892322540283,0.14683025283153545,-1.0315611738075083,0.15100352251358393,-1.2255826244725485,0.1404428272772213,-0.6336337452235541
3,0.35,678.0,Sobol2,0.001,5.0,200.0,16.103734970092773,24.887372732162476,0.054674406416842465,0.4798142723301244,0.05649558051102369,0.4542873700958887,0.04227496042862663,0.6307491686067124
