,ratio,rndint,dataset,learning_rate,batchsize,epochs,loss,time,mape,r2,mape_test,r2_test,mape_interpolation,r2_interpolation
0,0.7,721.0,Grid1296,0.001,11.0,200.0,48.48556137084961,14.708096504211426,0.05321311686206705,-0.1432759428836825,0.05426701042809733,-0.19806636967758062,0.07233589037832189,-1.3191431774992313
1,0.7,721.0,Grid2401,0.001,617.0,200.0,35.7266845703125,0.8244290351867676,0.049296631196485176,0.42611607524936523,0.05186221690917937,0.37495950620361296,0.08561706843787693,-2.5205187925402717
2,0.7,721.0,Sobol1,0.001,23.0,200.0,66.42741394042969,12.831536293029785,0.08062247181462262,-0.36446226758305555,0.08054338423026879,-0.41992293259987656,0.0697543880025973,0.0011342844783670536
3,0.7,721.0,Sobol2,0.001,29.0,200.0,76.64190673828125,11.293734788894653,0.09297663602382587,-1.0555823752997382,0.09458227868235378,-0.9977898727438665,0.07837363744361893,-0.36289238483077413
