,ratio,rndint,dataset,learning_rate,batchsize,epochs,loss,time,mape,r2,mape_test,r2_test,mape_interpolation,r2_interpolation
0,0.1,390.0,Grid1296,0.001,37.0,200.0,35.63916015625,0.855980634689331,0.052517863452643206,-0.35460822677205495,0.054790672822942754,-0.9300995554661198,0.07799391436350983,-2.7221895436749306
1,0.1,390.0,Grid2401,0.001,8.0,200.0,15.620536804199219,4.702701091766357,0.035351709851917386,0.49497053657799206,0.03628911435697166,0.43204482648786835,0.07072164737554655,-3.0009045682595374
2,0.1,390.0,Sobol1,0.001,5.0,200.0,65.19990539550781,8.48685359954834,0.08834875098783897,-0.5582410621057046,0.08892439033365071,-0.7402154885431969,0.07985307934665468,-0.38357663235849104
3,0.1,390.0,Sobol2,0.001,5.0,200.0,42.008460998535156,7.207274436950684,0.08292056298684618,-1.0048424593829544,0.09270138336458415,-1.133740295510603,0.07657796190999265,-0.41860223178051204
