,ratio,rndint,dataset,learning_rate,batchsize,epochs,loss,time,mape,r2,mape_test,r2_test,mape_interpolation,r2_interpolation
0,0.95,951.0,Grid1296,0.001,5.0,200.0,27.4597110748291,44.2055926322937,0.015530613823806761,0.9401676130104736,0.01982336893956107,0.9161107205198855,0.03140064916303048,0.8291148775085473
1,0.95,951.0,Grid2401,0.001,6.0,200.0,5.653096675872803,57.808231353759766,0.013674058675546366,0.8450090669401316,0.011409087722770528,0.9509649920015337,0.05323969031428693,-0.9617781424921084
2,0.95,951.0,Sobol1,0.001,7.0,200.0,5.088919639587402,57.284759521484375,0.008844363471019216,0.9923729702059197,0.01685456115268315,0.9839361301639293,0.01322265356265755,0.9690005589040523
3,0.95,951.0,Sobol2,0.001,6.0,200.0,11.68224048614502,46.621538400650024,0.015538451710696703,0.9813242080309689,0.031366510097521165,0.955133672992415,0.016522021580580852,0.9634021334725373
