,ratio,rndint,dataset,learning_rate,batchsize,epochs,loss,time,mape,r2,mape_test,r2_test,mape_interpolation,r2_interpolation
0,0.85,999.0,Grid1296,0.001,6.0,200.0,8.4033203125,31.836963176727295,0.015127539428477915,0.925813474115779,0.019601430797918606,0.8564799985071508,0.038800753653435285,0.7593303779164827
1,0.85,999.0,Grid2401,0.001,7.0,200.0,11.24102783203125,44.02606916427612,0.01818081818565068,0.8109463483419865,0.017533608841147696,0.8127355497819837,0.05790944686179475,-1.3518795283921654
2,0.85,999.0,Sobol1,0.001,6.0,200.0,7.651647090911865,57.41533613204956,0.01133015523478965,0.9878135997271141,0.01250298240439484,0.9817496762138739,0.015336626613257269,0.9641938658400351
3,0.85,999.0,Sobol2,0.001,19.0,200.0,54.43071365356445,15.55383586883545,0.09234831630700742,-1.2204307366475473,0.0936204532650471,-1.1047649858166415,0.07690327551534112,-0.44319821712583796
