,ratio,rndint,dataset,learning_rate,batchsize,epochs,loss,time,mape,r2,mape_test,r2_test,mape_interpolation,r2_interpolation
0,0.55,582.0,Grid1296,0.001,613.0,200.0,76.81146240234375,0.4161417484283447,0.11863659240213709,-0.29614291859630537,0.11623608535048563,-0.18836160320159956,0.14352167571242974,-0.7626822618772904
1,0.55,582.0,Grid2401,0.001,17.0,200.0,14.169275283813477,11.91729187965393,0.018664986778570727,0.8459160344773811,0.019837126593484005,0.7779463446090452,0.05891863072053673,-1.2003967233157007
2,0.55,582.0,Sobol1,0.001,19.0,200.0,68.50640869140625,12.122206687927246,0.08908587532054058,-0.8663686542667166,0.08562622652155928,-0.44445667782188125,0.07733258029598566,-0.27724976850013205
3,0.55,582.0,Sobol2,0.001,5.0,200.0,2.3111205101013184,38.43696141242981,0.016690780521958888,0.9814500605143045,0.017209407627076276,0.9766039242096429,0.01693465883039976,0.9631566388525316
