,ratio,rndint,dataset,learning_rate,batchsize,epochs,loss,time,mape,r2,mape_test,r2_test,mape_interpolation,r2_interpolation
0,0.25,711.0,Grid1296,0.001,9.0,200.0,29.61489486694336,6.4038825035095215,0.04785383286337652,-0.02026534056440421,0.05124856145130564,-0.27217181558704806,0.07133539843799287,-1.4756893416392725
1,0.25,711.0,Grid2401,0.001,5.0,200.0,6.368310451507568,18.185470819473267,0.021770361176531538,0.775808377891469,0.019826831239406727,0.8303210377473558,0.06000007199492198,-1.3508884734256679
2,0.25,711.0,Sobol1,0.001,167.0,200.0,68.65423583984375,0.933830738067627,0.089224432444377,-3.188855498850912,0.08848521239675848,-3.2458715716963145,0.07280496968096867,-1.7780285569738812
3,0.25,711.0,Sobol2,0.001,5.0,200.0,39.230552673339844,17.581838369369507,0.07742155853679113,-0.7776823914957129,0.08837337048436564,-1.2644055091535633,0.06598015005302096,-0.17781007941319937
