,ratio,rndint,dataset,learning_rate,batchsize,epochs,loss,time,mape,r2,mape_test,r2_test,mape_interpolation,r2_interpolation
0,0.65,272.0,Grid1296,0.001,5.0,200.0,14.5517578125,29.08771800994873,0.032230836614954746,0.5740301421731943,0.0367862881881368,0.4609048809374636,0.062215215226751955,-0.10324080945992353
1,0.65,272.0,Grid2401,0.001,5.0,200.0,30.207849502563477,45.90890574455261,0.04143888680861221,0.46764775268889935,0.04016449613017113,0.4762175433461455,0.07628035001121312,-2.741610371240988
2,0.65,272.0,Sobol1,0.001,1303.0,200.0,101.08039093017578,0.5484223365783691,0.15171495784846073,-1.3948723496664703,0.14766650454220864,-1.4919433884355504,0.14054249680284003,-0.8299554641392244
3,0.65,272.0,Sobol2,0.001,5.0,200.0,7.22186279296875,44.295652627944946,0.016137572628961747,0.9785020621549039,0.019514873661749307,0.9753062219222659,0.019331136454747367,0.9544557034904657
